# Blender 4.1.1
# www.blender.org
mtllib coin.mtl
o 円柱
v -0.000000 -0.093267 -0.826929
v 0.000000 0.083794 -0.914974
v 0.161326 -0.093267 -0.811039
v 0.178503 0.083794 -0.897393
v 0.316452 -0.093267 -0.763982
v 0.350145 0.083794 -0.845326
v 0.459417 -0.093267 -0.687566
v 0.508332 0.083794 -0.760773
v 0.584727 -0.093267 -0.584727
v 0.646984 0.083794 -0.646984
v 0.687566 -0.093267 -0.459417
v 0.760773 0.083794 -0.508332
v 0.763982 -0.093267 -0.316452
v 0.845326 0.083794 -0.350145
v 0.811040 -0.093267 -0.161326
v 0.897393 0.083794 -0.178503
v 0.826929 -0.093267 0.000000
v 0.914974 0.083794 0.000000
v 0.811039 -0.093267 0.161326
v 0.897393 0.083794 0.178503
v 0.763982 -0.093267 0.316452
v 0.845326 0.083794 0.350145
v 0.687566 -0.093267 0.459417
v 0.760773 0.083794 0.508332
v 0.584727 -0.093267 0.584727
v 0.646984 0.083794 0.646984
v 0.459417 -0.093267 0.687566
v 0.508332 0.083794 0.760773
v 0.316452 -0.093267 0.763982
v 0.350145 0.083794 0.845326
v 0.161326 -0.093267 0.811039
v 0.178503 0.083794 0.897393
v 0.000000 -0.093267 0.826929
v 0.000000 0.083794 0.914974
v -0.161326 -0.093267 0.811039
v -0.178503 0.083794 0.897393
v -0.316452 -0.093267 0.763982
v -0.350145 0.083794 0.845326
v -0.459417 -0.093267 0.687566
v -0.508332 0.083794 0.760773
v -0.584727 -0.093267 0.584727
v -0.646984 0.083794 0.646984
v -0.687566 -0.093267 0.459417
v -0.760773 0.083794 0.508332
v -0.763982 -0.093267 0.316452
v -0.845326 0.083794 0.350145
v -0.811039 -0.093267 0.161326
v -0.897393 0.083794 0.178503
v -0.826928 -0.093267 0.000000
v -0.914974 0.083794 0.000000
v -0.811039 -0.093267 -0.161326
v -0.897393 0.083794 -0.178503
v -0.763982 -0.093267 -0.316452
v -0.845326 0.083794 -0.350145
v -0.687566 -0.093267 -0.459417
v -0.760773 0.083794 -0.508332
v -0.584727 -0.093267 -0.584727
v -0.646984 0.083794 -0.646984
v -0.459417 -0.093267 -0.687566
v -0.508332 0.083794 -0.760773
v -0.316452 -0.093267 -0.763982
v -0.350145 0.083794 -0.845326
v -0.161326 -0.093267 -0.811039
v -0.178503 0.083794 -0.897393
v 0.193841 0.092252 -0.974503
v 0.000000 0.092252 -0.993595
v 0.380232 0.092252 -0.917962
v 0.552012 0.092252 -0.826144
v 0.702578 0.092252 -0.702578
v 0.826144 0.092252 -0.552012
v 0.917962 0.092252 -0.380232
v 0.974503 0.092252 -0.193841
v 0.993595 0.092252 -0.000000
v 0.974503 0.092252 0.193841
v 0.917962 0.092252 0.380232
v 0.826144 0.092252 0.552012
v 0.702578 0.092252 0.702578
v 0.552012 0.092252 0.826144
v 0.380232 0.092252 0.917962
v 0.193841 0.092252 0.974503
v 0.000000 0.092252 0.993595
v -0.193841 0.092252 0.974503
v -0.380232 0.092252 0.917962
v -0.552012 0.092252 0.826144
v -0.702578 0.092252 0.702578
v -0.826144 0.092252 0.552012
v -0.917962 0.092252 0.380232
v -0.974503 0.092252 0.193841
v -0.993595 0.092252 0.000000
v -0.974503 0.092252 -0.193841
v -0.917962 0.092252 -0.380232
v -0.826144 0.092252 -0.552012
v -0.702578 0.092252 -0.702578
v -0.552012 0.092252 -0.826144
v -0.380232 0.092252 -0.917962
v -0.193841 0.092252 -0.974503
v 0.190773 0.093267 -0.959081
v 0.000000 0.093267 -0.977871
v 0.374215 0.093267 -0.903435
v 0.543276 0.093267 -0.813070
v 0.691459 0.093267 -0.691459
v 0.813070 0.093267 -0.543276
v 0.903435 0.093267 -0.374215
v 0.959081 0.093267 -0.190773
v 0.977871 0.093267 0.000000
v 0.959081 0.093267 0.190773
v 0.903435 0.093267 0.374215
v 0.813070 0.093267 0.543276
v 0.691459 0.093267 0.691459
v 0.543276 0.093267 0.813070
v 0.374215 0.093267 0.903435
v 0.190773 0.093267 0.959081
v 0.000000 0.093267 0.977871
v -0.190773 0.093267 0.959081
v -0.374215 0.093267 0.903435
v -0.543276 0.093267 0.813070
v -0.691459 0.093267 0.691459
v -0.813070 0.093267 0.543276
v -0.903435 0.093267 0.374215
v -0.959081 0.093267 0.190773
v -0.977871 0.093267 0.000000
v -0.959081 0.093267 -0.190773
v -0.903435 0.093267 -0.374215
v -0.813070 0.093267 -0.543276
v -0.691459 0.093267 -0.691459
v -0.543276 0.093267 -0.813070
v -0.374215 0.093267 -0.903435
v -0.190773 0.093267 -0.959081
v 0.146007 0.036427 -0.734028
v -0.000000 0.036427 -0.748408
v 0.286404 0.036427 -0.691439
v 0.415793 0.036427 -0.622279
v 0.529205 0.036427 -0.529205
v 0.622279 0.036427 -0.415793
v 0.691439 0.036427 -0.286404
v 0.734028 0.036427 -0.146007
v 0.748409 0.036427 0.000000
v 0.734028 0.036427 0.146007
v 0.691439 0.036427 0.286404
v 0.622279 0.036427 0.415794
v 0.529205 0.036427 0.529205
v 0.415793 0.036427 0.622279
v 0.286404 0.036427 0.691439
v 0.146007 0.036427 0.734028
v -0.000000 0.036427 0.748409
v -0.146007 0.036427 0.734028
v -0.286404 0.036427 0.691439
v -0.415794 0.036427 0.622279
v -0.529205 0.036427 0.529205
v -0.622279 0.036427 0.415793
v -0.691439 0.036427 0.286404
v -0.734028 0.036427 0.146007
v -0.748409 0.036427 -0.000000
v -0.734028 0.036427 -0.146007
v -0.691439 0.036427 -0.286404
v -0.622279 0.036427 -0.415794
v -0.529205 0.036427 -0.529205
v -0.415793 0.036427 -0.622279
v -0.286404 0.036427 -0.691439
v -0.146007 0.036427 -0.734028
v 0.000000 0.058116 -0.993595
v 0.193841 0.058116 -0.974504
v 0.380232 0.058116 -0.917962
v 0.552012 0.058116 -0.826144
v 0.702578 0.058116 -0.702578
v 0.826144 0.058116 -0.552012
v 0.917962 0.058116 -0.380232
v 0.974503 0.058116 -0.193841
v 0.993595 0.058116 0.000000
v 0.974504 0.058116 0.193841
v 0.917962 0.058116 0.380232
v 0.826144 0.058116 0.552012
v 0.702578 0.058116 0.702578
v 0.552012 0.058116 0.826144
v 0.380232 0.058116 0.917962
v 0.193841 0.058116 0.974503
v 0.000000 0.058116 0.993595
v -0.193841 0.058116 0.974504
v -0.380232 0.058116 0.917962
v -0.552012 0.058116 0.826144
v -0.702578 0.058116 0.702578
v -0.826144 0.058116 0.552012
v -0.917962 0.058116 0.380232
v -0.974503 0.058116 0.193841
v -0.993595 0.058116 0.000000
v -0.974504 0.058116 -0.193841
v -0.917962 0.058116 -0.380232
v -0.826144 0.058116 -0.552012
v -0.702578 0.058116 -0.702578
v -0.552012 0.058116 -0.826144
v -0.380232 0.058116 -0.917962
v -0.193841 0.058116 -0.974503
v 0.193841 -0.063193 -0.974503
v 0.380232 -0.063193 -0.917962
v 0.552012 -0.063193 -0.826144
v 0.702578 -0.063193 -0.702578
v 0.826144 -0.063193 -0.552012
v 0.917962 -0.063193 -0.380232
v 0.974503 -0.063193 -0.193841
v 0.993595 -0.063193 0.000000
v 0.974503 -0.063193 0.193841
v 0.917962 -0.063193 0.380232
v 0.826144 -0.063193 0.552012
v 0.702578 -0.063193 0.702578
v 0.552012 -0.063193 0.826144
v 0.380232 -0.063193 0.917962
v 0.193841 -0.063193 0.974503
v 0.000000 -0.063193 0.993595
v -0.193841 -0.063193 0.974503
v -0.380232 -0.063193 0.917962
v -0.552012 -0.063193 0.826144
v -0.702578 -0.063193 0.702578
v -0.826144 -0.063193 0.552012
v -0.917962 -0.063193 0.380232
v -0.974503 -0.063193 0.193841
v -0.993595 -0.063193 0.000000
v -0.974503 -0.063193 -0.193841
v -0.917962 -0.063193 -0.380232
v -0.826144 -0.063193 -0.552012
v -0.702578 -0.063193 -0.702578
v -0.552012 -0.063193 -0.826144
v -0.380232 -0.063193 -0.917962
v -0.193841 -0.063193 -0.974503
v -0.000000 -0.063193 -0.993595
v -0.830798 0.045901 0.344128
v -0.881971 0.045901 0.175435
v 0.881971 0.045901 0.175435
v 0.830798 0.045901 0.344128
v -0.899250 0.045901 0.000000
v 0.747699 0.045901 0.499596
v -0.881971 0.045901 -0.175435
v 0.635865 0.045901 0.635865
v -0.830798 0.045901 -0.344128
v 0.499596 0.045901 0.747699
v -0.747699 0.045901 -0.499596
v 0.344128 0.045901 0.830798
v 0.000000 0.045901 -0.899250
v 0.175435 0.045901 -0.881971
v -0.635865 0.045901 -0.635865
v 0.175435 0.045901 0.881971
v 0.344128 0.045901 -0.830798
v -0.499596 0.045901 -0.747699
v 0.000000 0.045901 0.899250
v 0.499596 0.045901 -0.747699
v -0.344128 0.045901 -0.830798
v -0.175435 0.045901 0.881971
v 0.635865 0.045901 -0.635865
v -0.175435 0.045901 -0.881971
v -0.344128 0.045901 0.830798
v 0.747699 0.045901 -0.499596
v -0.499596 0.045901 0.747699
v 0.830798 0.045901 -0.344128
v -0.635865 0.045901 0.635865
v 0.881971 0.045901 -0.175435
v -0.747699 0.045901 0.499596
v 0.899250 0.045901 0.000000
v 0.028500 -0.093267 -0.771618
v 0.071862 -0.093267 -0.729629
v 0.122583 -0.093267 -0.762352
v 0.145791 0.092252 -0.982839
v 0.097389 0.092252 -0.988807
v 0.048753 0.092252 -0.992396
v 0.000000 0.076423 -0.993595
v 0.000000 0.086462 -0.993595
v 0.000000 0.090861 -0.993595
v 0.193200 -0.080580 -0.971282
v 0.188714 -0.089508 -0.948729
v 0.177219 -0.092797 -0.890942
v 0.178488 -0.093267 -0.751232
v 0.212825 -0.093267 -0.701590
v 0.268955 -0.093267 -0.723789
v 0.334732 0.092252 -0.935511
v 0.288424 0.092252 -0.950808
v 0.241423 0.092252 -0.963816
v 0.378975 -0.080580 -0.914927
v 0.370176 -0.089508 -0.893684
v 0.347628 -0.092797 -0.839249
v 0.321616 -0.093267 -0.701976
v 0.345609 -0.093267 -0.646589
v 0.404991 -0.093267 -0.657411
v 0.510809 0.092252 -0.852233
v 0.468376 0.092252 -0.876269
v 0.424816 0.092252 -0.898198
v 0.550187 -0.080580 -0.823413
v 0.537412 -0.089508 -0.804294
v 0.504678 -0.092797 -0.755304
v 0.452385 -0.093267 -0.625743
v 0.465111 -0.093267 -0.566740
v 0.525464 -0.093267 -0.565769
v 0.667256 0.092252 -0.736204
v 0.630328 0.092252 -0.768056
v 0.591883 0.092252 -0.798062
v 0.700255 -0.080580 -0.700255
v 0.683996 -0.089508 -0.683996
v 0.642333 -0.092797 -0.642333
v 0.565769 -0.093267 -0.525464
v 0.566740 -0.093267 -0.465111
v 0.625743 -0.093267 -0.452385
v 0.798062 0.092252 -0.591883
v 0.768056 0.092252 -0.630328
v 0.736204 0.092252 -0.667256
v 0.823413 -0.080580 -0.550187
v 0.804294 -0.089508 -0.537412
v 0.755304 -0.092797 -0.504678
v 0.657411 -0.093267 -0.404991
v 0.646589 -0.093267 -0.345609
v 0.701976 -0.093267 -0.321616
v 0.898198 0.092252 -0.424816
v 0.876269 0.092252 -0.468376
v 0.852233 0.092252 -0.510809
v 0.914927 -0.080580 -0.378975
v 0.893683 -0.089508 -0.370176
v 0.839249 -0.092797 -0.347628
v 0.723789 -0.093267 -0.268955
v 0.701590 -0.093267 -0.212825
v 0.751232 -0.093267 -0.178488
v 0.963816 0.092252 -0.241423
v 0.950808 0.092252 -0.288424
v 0.935511 0.092252 -0.334732
v 0.971282 -0.080580 -0.193200
v 0.948729 -0.089508 -0.188714
v 0.890942 -0.092797 -0.177219
v 0.762352 -0.093267 -0.122583
v 0.729629 -0.093267 -0.071862
v 0.771618 -0.093267 -0.028500
v 0.992396 0.092252 -0.048753
v 0.988807 0.092252 -0.097389
v 0.982839 0.092252 -0.145791
v 0.990310 -0.080580 0.000000
v 0.967316 -0.089508 0.000000
v 0.908396 -0.092797 0.000000
v 0.771618 -0.093267 0.028500
v 0.729629 -0.093267 0.071862
v 0.762352 -0.093267 0.122583
v 0.982839 0.092252 0.145791
v 0.988807 0.092252 0.097389
v 0.992396 0.092252 0.048753
v 0.971282 -0.080580 0.193200
v 0.948729 -0.089508 0.188714
v 0.890942 -0.092797 0.177219
v 0.751232 -0.093267 0.178488
v 0.701590 -0.093267 0.212825
v 0.723789 -0.093267 0.268955
v 0.935511 0.092252 0.334732
v 0.950808 0.092252 0.288424
v 0.963816 0.092252 0.241423
v 0.914927 -0.080580 0.378975
v 0.893684 -0.089508 0.370176
v 0.839249 -0.092797 0.347628
v 0.701976 -0.093267 0.321616
v 0.646589 -0.093267 0.345609
v 0.657411 -0.093267 0.404991
v 0.852233 0.092252 0.510809
v 0.876269 0.092252 0.468376
v 0.898198 0.092252 0.424816
v 0.823413 -0.080580 0.550187
v 0.804294 -0.089508 0.537412
v 0.755304 -0.092797 0.504678
v 0.625743 -0.093267 0.452385
v 0.566740 -0.093267 0.465111
v 0.565769 -0.093267 0.525464
v 0.736204 0.092252 0.667256
v 0.768056 0.092252 0.630328
v 0.798062 0.092252 0.591883
v 0.700255 -0.080580 0.700255
v 0.683996 -0.089508 0.683996
v 0.642333 -0.092797 0.642333
v 0.525464 -0.093267 0.565769
v 0.465111 -0.093267 0.566740
v 0.452385 -0.093267 0.625743
v 0.591883 0.092252 0.798062
v 0.630328 0.092252 0.768056
v 0.667256 0.092252 0.736204
v 0.550187 -0.080580 0.823413
v 0.537412 -0.089508 0.804294
v 0.504678 -0.092797 0.755304
v 0.404991 -0.093267 0.657411
v 0.345609 -0.093267 0.646589
v 0.321616 -0.093267 0.701976
v 0.424816 0.092252 0.898198
v 0.468376 0.092252 0.876269
v 0.510809 0.092252 0.852233
v 0.378975 -0.080580 0.914927
v 0.370176 -0.089508 0.893683
v 0.347628 -0.092797 0.839249
v 0.268955 -0.093267 0.723789
v 0.212825 -0.093267 0.701590
v 0.178488 -0.093267 0.751232
v 0.241423 0.092252 0.963816
v 0.288424 0.092252 0.950808
v 0.334732 0.092252 0.935511
v 0.193200 -0.080580 0.971282
v 0.188714 -0.089508 0.948729
v 0.177219 -0.092797 0.890942
v 0.122583 -0.093267 0.762352
v 0.071862 -0.093267 0.729629
v 0.028500 -0.093267 0.771618
v 0.048753 0.092252 0.992396
v 0.097389 0.092252 0.988807
v 0.145791 0.092252 0.982839
v -0.000000 -0.080580 0.990310
v -0.000000 -0.089508 0.967316
v -0.000000 -0.092797 0.908396
v -0.028500 -0.093267 0.771618
v -0.071862 -0.093267 0.729629
v -0.122583 -0.093267 0.762352
v -0.145791 0.092252 0.982839
v -0.097389 0.092252 0.988807
v -0.048753 0.092252 0.992396
v -0.193200 -0.080580 0.971282
v -0.188714 -0.089508 0.948729
v -0.177219 -0.092797 0.890942
v -0.178488 -0.093267 0.751232
v -0.212825 -0.093267 0.701590
v -0.268955 -0.093267 0.723789
v -0.334732 0.092252 0.935511
v -0.288424 0.092252 0.950808
v -0.241423 0.092252 0.963816
v -0.378975 -0.080580 0.914927
v -0.370176 -0.089508 0.893684
v -0.347628 -0.092797 0.839249
v -0.321616 -0.093267 0.701976
v -0.345609 -0.093267 0.646589
v -0.404991 -0.093267 0.657411
v -0.510809 0.092252 0.852233
v -0.468376 0.092252 0.876269
v -0.424816 0.092252 0.898198
v -0.550187 -0.080580 0.823413
v -0.537412 -0.089508 0.804294
v -0.504678 -0.092797 0.755304
v -0.452385 -0.093267 0.625743
v -0.465111 -0.093267 0.566740
v -0.525464 -0.093267 0.565769
v -0.667256 0.092252 0.736204
v -0.630328 0.092252 0.768056
v -0.591883 0.092252 0.798062
v -0.700255 -0.080580 0.700255
v -0.683996 -0.089508 0.683996
v -0.642333 -0.092797 0.642333
v -0.565769 -0.093267 0.525464
v -0.566740 -0.093267 0.465111
v -0.625743 -0.093267 0.452385
v -0.798062 0.092252 0.591883
v -0.768056 0.092252 0.630328
v -0.736204 0.092252 0.667256
v -0.823413 -0.080580 0.550187
v -0.804294 -0.089508 0.537412
v -0.755304 -0.092797 0.504678
v -0.657411 -0.093267 0.404991
v -0.646589 -0.093267 0.345609
v -0.701976 -0.093267 0.321616
v -0.898198 0.092252 0.424816
v -0.876269 0.092252 0.468376
v -0.852233 0.092252 0.510809
v -0.914927 -0.080580 0.378975
v -0.893683 -0.089508 0.370176
v -0.839249 -0.092797 0.347628
v -0.723789 -0.093267 0.268955
v -0.701590 -0.093267 0.212825
v -0.751232 -0.093267 0.178488
v -0.963816 0.092252 0.241423
v -0.950808 0.092252 0.288424
v -0.935511 0.092252 0.334732
v -0.971282 -0.080580 0.193200
v -0.948729 -0.089508 0.188714
v -0.890942 -0.092797 0.177219
v -0.762352 -0.093267 0.122583
v -0.729629 -0.093267 0.071862
v -0.771618 -0.093267 0.028500
v -0.992396 0.092252 0.048753
v -0.988807 0.092252 0.097389
v -0.982839 0.092252 0.145791
v -0.990310 -0.080580 -0.000000
v -0.967316 -0.089508 0.000000
v -0.908396 -0.092797 -0.000000
v -0.771618 -0.093267 -0.028500
v -0.729629 -0.093267 -0.071862
v -0.762352 -0.093267 -0.122583
v -0.982839 0.092252 -0.145791
v -0.988807 0.092252 -0.097389
v -0.992396 0.092252 -0.048753
v -0.971282 -0.080580 -0.193200
v -0.948729 -0.089508 -0.188714
v -0.890942 -0.092797 -0.177219
v -0.751232 -0.093267 -0.178488
v -0.701590 -0.093267 -0.212825
v -0.723789 -0.093267 -0.268955
v -0.935511 0.092252 -0.334732
v -0.950808 0.092252 -0.288424
v -0.963816 0.092252 -0.241423
v -0.914927 -0.080580 -0.378975
v -0.893684 -0.089508 -0.370176
v -0.839249 -0.092797 -0.347628
v -0.701976 -0.093267 -0.321616
v -0.646589 -0.093267 -0.345609
v -0.657411 -0.093267 -0.404991
v -0.852233 0.092252 -0.510809
v -0.876269 0.092252 -0.468376
v -0.898198 0.092252 -0.424816
v -0.823413 -0.080580 -0.550187
v -0.804294 -0.089508 -0.537412
v -0.755304 -0.092797 -0.504678
v -0.625743 -0.093267 -0.452385
v -0.566740 -0.093267 -0.465111
v -0.565769 -0.093267 -0.525464
v -0.736204 0.092252 -0.667256
v -0.768056 0.092252 -0.630328
v -0.798062 0.092252 -0.591883
v -0.700255 -0.080580 -0.700255
v -0.683996 -0.089508 -0.683996
v -0.642333 -0.092797 -0.642333
v -0.525464 -0.093267 -0.565769
v -0.465111 -0.093267 -0.566740
v -0.452385 -0.093267 -0.625743
v -0.591883 0.092252 -0.798062
v -0.630328 0.092252 -0.768056
v -0.667256 0.092252 -0.736204
v -0.550187 -0.080580 -0.823413
v -0.537412 -0.089508 -0.804294
v -0.504678 -0.092797 -0.755304
v -0.404991 -0.093267 -0.657411
v -0.345609 -0.093267 -0.646589
v -0.321616 -0.093267 -0.701976
v -0.424816 0.092252 -0.898198
v -0.468376 0.092252 -0.876269
v -0.510809 0.092252 -0.852233
v -0.378975 -0.080580 -0.914927
v -0.370176 -0.089508 -0.893683
v -0.347628 -0.092797 -0.839249
v -0.268955 -0.093267 -0.723789
v -0.212825 -0.093267 -0.701590
v -0.178488 -0.093267 -0.751232
v -0.241423 0.092252 -0.963816
v -0.288424 0.092252 -0.950808
v -0.334732 0.092252 -0.935511
v -0.193200 -0.080580 -0.971282
v -0.188714 -0.089508 -0.948729
v -0.177219 -0.092797 -0.890942
v -0.122583 -0.093267 -0.762352
v -0.071862 -0.093267 -0.729629
v -0.028500 -0.093267 -0.771618
v -0.048753 0.092252 -0.992396
v -0.097389 0.092252 -0.988807
v -0.145791 0.092252 -0.982839
v 0.143483 0.093267 -0.967285
v 0.095848 0.093267 -0.973158
v 0.047982 0.093267 -0.976691
v 0.329434 0.093267 -0.920706
v 0.283860 0.093267 -0.935760
v 0.237603 0.093267 -0.948563
v 0.502725 0.093267 -0.838746
v 0.460963 0.093267 -0.862402
v 0.418093 0.093267 -0.883983
v 0.656697 0.093267 -0.724553
v 0.620352 0.093267 -0.755901
v 0.582516 0.093267 -0.785432
v 0.785432 0.093267 -0.582516
v 0.755902 0.093267 -0.620352
v 0.724553 0.093267 -0.656697
v 0.883983 0.093267 -0.418093
v 0.862402 0.093267 -0.460963
v 0.838746 0.093267 -0.502725
v 0.948563 0.093267 -0.237603
v 0.935760 0.093267 -0.283860
v 0.920706 0.093267 -0.329434
v 0.976691 0.093267 -0.047982
v 0.973158 0.093267 -0.095848
v 0.967285 0.093267 -0.143483
v 0.967285 0.093267 0.143483
v 0.973158 0.093267 0.095848
v 0.976691 0.093267 0.047982
v 0.920706 0.093267 0.329434
v 0.935760 0.093267 0.283860
v 0.948563 0.093267 0.237603
v 0.838746 0.093267 0.502725
v 0.862402 0.093267 0.460963
v 0.883983 0.093267 0.418093
v 0.724553 0.093267 0.656697
v 0.755901 0.093267 0.620352
v 0.785432 0.093267 0.582516
v 0.582516 0.093267 0.785432
v 0.620352 0.093267 0.755902
v 0.656697 0.093267 0.724553
v 0.418093 0.093267 0.883983
v 0.460963 0.093267 0.862402
v 0.502725 0.093267 0.838746
v 0.237603 0.093267 0.948563
v 0.283860 0.093267 0.935760
v 0.329434 0.093267 0.920706
v 0.047982 0.093267 0.976691
v 0.095848 0.093267 0.973158
v 0.143483 0.093267 0.967285
v -0.143483 0.093267 0.967285
v -0.095848 0.093267 0.973158
v -0.047982 0.093267 0.976691
v -0.329434 0.093267 0.920706
v -0.283860 0.093267 0.935760
v -0.237603 0.093267 0.948563
v -0.502725 0.093267 0.838746
v -0.460963 0.093267 0.862402
v -0.418093 0.093267 0.883983
v -0.656697 0.093267 0.724553
v -0.620352 0.093267 0.755901
v -0.582516 0.093267 0.785432
v -0.785432 0.093267 0.582516
v -0.755902 0.093267 0.620352
v -0.724553 0.093267 0.656697
v -0.883983 0.093267 0.418093
v -0.862402 0.093267 0.460963
v -0.838746 0.093267 0.502725
v -0.948563 0.093267 0.237603
v -0.935760 0.093267 0.283860
v -0.920706 0.093267 0.329434
v -0.976691 0.093267 0.047982
v -0.973158 0.093267 0.095848
v -0.967285 0.093267 0.143483
v -0.967285 0.093267 -0.143483
v -0.973158 0.093267 -0.095848
v -0.976691 0.093267 -0.047982
v -0.920706 0.093267 -0.329434
v -0.935760 0.093267 -0.283860
v -0.948563 0.093267 -0.237603
v -0.838746 0.093267 -0.502725
v -0.862402 0.093267 -0.460963
v -0.883983 0.093267 -0.418093
v -0.724553 0.093267 -0.656697
v -0.755901 0.093267 -0.620352
v -0.785432 0.093267 -0.582516
v -0.582516 0.093267 -0.785432
v -0.620352 0.093267 -0.755902
v -0.656697 0.093267 -0.724553
v -0.418093 0.093267 -0.883983
v -0.460963 0.093267 -0.862402
v -0.502725 0.093267 -0.838746
v -0.237603 0.093267 -0.948563
v -0.283860 0.093267 -0.935760
v -0.329434 0.093267 -0.920706
v -0.047982 0.093267 -0.976691
v -0.095848 0.093267 -0.973158
v -0.143483 0.093267 -0.967285
v 0.000000 0.092839 -0.993349
v 0.000000 0.093140 -0.991630
v 0.000000 0.093251 -0.986962
v 0.192547 0.093251 -0.967997
v 0.193457 0.093140 -0.972576
v 0.193793 0.092839 -0.974263
v 0.377694 0.093251 -0.911834
v 0.379480 0.093140 -0.916146
v 0.380138 0.092839 -0.917735
v 0.548326 0.093251 -0.820629
v 0.550920 0.093140 -0.824510
v 0.551875 0.092839 -0.825940
v 0.697887 0.093251 -0.697887
v 0.701188 0.093140 -0.701188
v 0.702404 0.092839 -0.702404
v 0.820629 0.093251 -0.548326
v 0.824510 0.093140 -0.550920
v 0.825940 0.092839 -0.551875
v 0.911834 0.093251 -0.377694
v 0.916146 0.093140 -0.379480
v 0.917735 0.092839 -0.380138
v 0.967997 0.093251 -0.192547
v 0.972576 0.093140 -0.193457
v 0.974263 0.092839 -0.193793
v 0.986962 0.093251 0.000000
v 0.991630 0.093140 -0.000000
v 0.993349 0.092839 0.000000
v 0.967997 0.093251 0.192547
v 0.972576 0.093140 0.193457
v 0.974263 0.092839 0.193793
v 0.911834 0.093251 0.377694
v 0.916146 0.093140 0.379480
v 0.917735 0.092839 0.380138
v 0.820629 0.093251 0.548326
v 0.824510 0.093140 0.550920
v 0.825940 0.092839 0.551875
v 0.697887 0.093251 0.697887
v 0.701188 0.093140 0.701188
v 0.702404 0.092839 0.702404
v 0.548326 0.093251 0.820629
v 0.550920 0.093140 0.824510
v 0.551875 0.092839 0.825940
v 0.377694 0.093251 0.911834
v 0.379480 0.093140 0.916146
v 0.380138 0.092839 0.917735
v 0.192547 0.093251 0.967997
v 0.193457 0.093140 0.972576
v 0.193793 0.092839 0.974263
v 0.000000 0.093251 0.986962
v 0.000000 0.093140 0.991630
v -0.000000 0.092839 0.993349
v -0.192547 0.093251 0.967997
v -0.193457 0.093140 0.972576
v -0.193793 0.092839 0.974263
v -0.377694 0.093251 0.911834
v -0.379480 0.093140 0.916146
v -0.380138 0.092839 0.917735
v -0.548326 0.093251 0.820629
v -0.550920 0.093140 0.824510
v -0.551875 0.092839 0.825940
v -0.697887 0.093251 0.697887
v -0.701188 0.093140 0.701188
v -0.702404 0.092839 0.702404
v -0.820629 0.093251 0.548326
v -0.824510 0.093140 0.550920
v -0.825940 0.092839 0.551875
v -0.911834 0.093251 0.377694
v -0.916146 0.093140 0.379480
v -0.917735 0.092839 0.380138
v -0.967997 0.093251 0.192547
v -0.972576 0.093140 0.193457
v -0.974263 0.092839 0.193793
v -0.986962 0.093251 0.000000
v -0.991630 0.093140 0.000000
v -0.993349 0.092839 -0.000000
v -0.967997 0.093251 -0.192547
v -0.972576 0.093140 -0.193457
v -0.974263 0.092839 -0.193793
v -0.911834 0.093251 -0.377694
v -0.916146 0.093140 -0.379480
v -0.917735 0.092839 -0.380138
v -0.820629 0.093251 -0.548326
v -0.824510 0.093140 -0.550920
v -0.825940 0.092839 -0.551875
v -0.697887 0.093251 -0.697887
v -0.701188 0.093140 -0.701188
v -0.702404 0.092839 -0.702404
v -0.548326 0.093251 -0.820629
v -0.550920 0.093140 -0.824510
v -0.551875 0.092839 -0.825940
v -0.377694 0.093251 -0.911834
v -0.379480 0.093140 -0.916146
v -0.380138 0.092839 -0.917735
v -0.192547 0.093251 -0.967997
v -0.193457 0.093140 -0.972576
v -0.193793 0.092839 -0.974263
v 0.134254 0.083794 -0.905069
v 0.089683 0.083794 -0.910564
v 0.044895 0.083794 -0.913870
v 0.308245 0.083794 -0.861486
v 0.265602 0.083794 -0.875572
v 0.222320 0.083794 -0.887551
v 0.470390 0.083794 -0.784797
v 0.431314 0.083794 -0.806932
v 0.391201 0.083794 -0.827125
v 0.614458 0.083794 -0.677949
v 0.580451 0.083794 -0.707282
v 0.545048 0.083794 -0.734912
v 0.734912 0.083794 -0.545048
v 0.707282 0.083794 -0.580451
v 0.677949 0.083794 -0.614458
v 0.827125 0.083794 -0.391201
v 0.806932 0.083794 -0.431314
v 0.784797 0.083794 -0.470390
v 0.887551 0.083794 -0.222320
v 0.875572 0.083794 -0.265602
v 0.861486 0.083794 -0.308245
v 0.913870 0.083794 -0.044895
v 0.910564 0.083794 -0.089683
v 0.905069 0.083794 -0.134254
v 0.905069 0.083794 0.134254
v 0.910564 0.083794 0.089683
v 0.913870 0.083794 0.044895
v 0.861486 0.083794 0.308245
v 0.875572 0.083794 0.265602
v 0.887551 0.083794 0.222320
v 0.784797 0.083794 0.470390
v 0.806932 0.083794 0.431314
v 0.827125 0.083794 0.391201
v 0.677949 0.083794 0.614458
v 0.707282 0.083794 0.580451
v 0.734912 0.083794 0.545048
v 0.545048 0.083794 0.734912
v 0.580451 0.083794 0.707282
v 0.614458 0.083794 0.677949
v 0.391201 0.083794 0.827125
v 0.431314 0.083794 0.806932
v 0.470390 0.083794 0.784797
v 0.222320 0.083794 0.887551
v 0.265602 0.083794 0.875572
v 0.308245 0.083794 0.861486
v 0.044895 0.083794 0.913870
v 0.089683 0.083794 0.910564
v 0.134254 0.083794 0.905069
v -0.134254 0.083794 0.905069
v -0.089683 0.083794 0.910564
v -0.044895 0.083794 0.913870
v -0.308245 0.083794 0.861486
v -0.265602 0.083794 0.875572
v -0.222320 0.083794 0.887551
v -0.470390 0.083794 0.784797
v -0.431314 0.083794 0.806932
v -0.391201 0.083794 0.827125
v -0.614458 0.083794 0.677949
v -0.580451 0.083794 0.707282
v -0.545048 0.083794 0.734912
v -0.734912 0.083794 0.545048
v -0.707282 0.083794 0.580451
v -0.677949 0.083794 0.614458
v -0.827125 0.083794 0.391201
v -0.806932 0.083794 0.431314
v -0.784797 0.083794 0.470390
v -0.887551 0.083794 0.222320
v -0.875572 0.083794 0.265602
v -0.861486 0.083794 0.308245
v -0.913870 0.083794 0.044895
v -0.910564 0.083794 0.089683
v -0.905069 0.083794 0.134254
v -0.905069 0.083794 -0.134254
v -0.910564 0.083794 -0.089683
v -0.913870 0.083794 -0.044895
v -0.861486 0.083794 -0.308245
v -0.875572 0.083794 -0.265602
v -0.887551 0.083794 -0.222320
v -0.784797 0.083794 -0.470390
v -0.806932 0.083794 -0.431314
v -0.827125 0.083794 -0.391201
v -0.677949 0.083794 -0.614458
v -0.707282 0.083794 -0.580451
v -0.734912 0.083794 -0.545048
v -0.545048 0.083794 -0.734912
v -0.580451 0.083794 -0.707282
v -0.614458 0.083794 -0.677949
v -0.391201 0.083794 -0.827125
v -0.431314 0.083794 -0.806932
v -0.470390 0.083794 -0.784797
v -0.222320 0.083794 -0.887551
v -0.265602 0.083794 -0.875572
v -0.308245 0.083794 -0.861486
v -0.044895 0.083794 -0.913870
v -0.089683 0.083794 -0.910564
v -0.134254 0.083794 -0.905069
v 0.000000 0.093119 -0.963621
v 0.000000 0.092083 -0.946422
v 0.000000 0.089270 -0.929224
v 0.181283 0.089270 -0.911369
v 0.184638 0.092083 -0.928237
v 0.187993 0.093119 -0.945105
v 0.355599 0.089270 -0.858491
v 0.362180 0.092083 -0.874380
v 0.368762 0.093119 -0.890270
v 0.516249 0.089270 -0.772621
v 0.525804 0.092083 -0.786921
v 0.535359 0.093119 -0.801221
v 0.657061 0.089270 -0.657061
v 0.669222 0.092083 -0.669222
v 0.681383 0.093119 -0.681383
v 0.772621 0.089270 -0.516249
v 0.786921 0.092083 -0.525804
v 0.801221 0.093119 -0.535359
v 0.858491 0.089270 -0.355599
v 0.874380 0.092083 -0.362180
v 0.890269 0.093119 -0.368762
v 0.911369 0.089270 -0.181283
v 0.928237 0.092083 -0.184638
v 0.945105 0.093119 -0.187993
v 0.929224 0.089270 0.000000
v 0.946422 0.092083 0.000000
v 0.963621 0.093119 0.000000
v 0.911369 0.089270 0.181283
v 0.928237 0.092083 0.184638
v 0.945105 0.093119 0.187993
v 0.858491 0.089270 0.355599
v 0.874380 0.092083 0.362180
v 0.890270 0.093119 0.368762
v 0.772621 0.089270 0.516249
v 0.786921 0.092083 0.525804
v 0.801221 0.093119 0.535359
v 0.657061 0.089270 0.657061
v 0.669222 0.092083 0.669222
v 0.681383 0.093119 0.681383
v 0.516249 0.089270 0.772621
v 0.525804 0.092083 0.786921
v 0.535359 0.093119 0.801221
v 0.355599 0.089270 0.858491
v 0.362180 0.092083 0.874380
v 0.368762 0.093119 0.890269
v 0.181283 0.089270 0.911369
v 0.184638 0.092083 0.928237
v 0.187993 0.093119 0.945105
v 0.000000 0.089270 0.929224
v 0.000000 0.092083 0.946422
v 0.000000 0.093119 0.963621
v -0.181283 0.089270 0.911369
v -0.184638 0.092083 0.928237
v -0.187993 0.093119 0.945105
v -0.355599 0.089270 0.858491
v -0.362180 0.092083 0.874380
v -0.368762 0.093119 0.890270
v -0.516249 0.089270 0.772621
v -0.525804 0.092083 0.786921
v -0.535359 0.093119 0.801221
v -0.657061 0.089270 0.657061
v -0.669222 0.092083 0.669222
v -0.681383 0.093119 0.681383
v -0.772621 0.089270 0.516249
v -0.786921 0.092083 0.525804
v -0.801221 0.093119 0.535359
v -0.858491 0.089270 0.355599
v -0.874380 0.092083 0.362180
v -0.890269 0.093119 0.368762
v -0.911369 0.089270 0.181283
v -0.928237 0.092083 0.184638
v -0.945105 0.093119 0.187993
v -0.929224 0.089270 0.000000
v -0.946422 0.092083 0.000000
v -0.963621 0.093119 0.000000
v -0.911369 0.089270 -0.181283
v -0.928237 0.092083 -0.184638
v -0.945105 0.093119 -0.187993
v -0.858491 0.089270 -0.355599
v -0.874380 0.092083 -0.362180
v -0.890270 0.093119 -0.368762
v -0.772621 0.089270 -0.516249
v -0.786921 0.092083 -0.525804
v -0.801221 0.093119 -0.535359
v -0.657061 0.089270 -0.657061
v -0.669222 0.092083 -0.669222
v -0.681383 0.093119 -0.681383
v -0.516249 0.089270 -0.772621
v -0.525804 0.092083 -0.786921
v -0.535359 0.093119 -0.801221
v -0.355599 0.089270 -0.858491
v -0.362180 0.092083 -0.874380
v -0.368762 0.093119 -0.890269
v -0.181283 0.089270 -0.911369
v -0.184638 0.092083 -0.928237
v -0.187993 0.093119 -0.945105
v 0.110943 0.036427 -0.689964
v 0.065039 0.036427 -0.660348
v 0.025794 0.036427 -0.698350
v 0.243416 0.036427 -0.655062
v 0.192616 0.036427 -0.634971
v 0.161540 0.036427 -0.679899
v 0.366536 0.036427 -0.594987
v 0.312792 0.036427 -0.585193
v 0.291078 0.036427 -0.635320
v 0.475569 0.036427 -0.512047
v 0.420947 0.036427 -0.512926
v 0.409430 0.036427 -0.566326
v 0.566326 0.036427 -0.409429
v 0.512926 0.036427 -0.420947
v 0.512047 0.036427 -0.475569
v 0.635320 0.036427 -0.291078
v 0.585193 0.036427 -0.312792
v 0.594987 0.036427 -0.366536
v 0.679899 0.036427 -0.161540
v 0.634971 0.036427 -0.192616
v 0.655062 0.036427 -0.243416
v 0.698350 0.036427 -0.025794
v 0.660348 0.036427 -0.065039
v 0.689964 0.036427 -0.110943
v 0.689964 0.036427 0.110943
v 0.660348 0.036427 0.065039
v 0.698350 0.036427 0.025794
v 0.655062 0.036427 0.243416
v 0.634971 0.036427 0.192616
v 0.679899 0.036427 0.161540
v 0.594987 0.036427 0.366536
v 0.585193 0.036427 0.312792
v 0.635320 0.036427 0.291078
v 0.512047 0.036427 0.475569
v 0.512926 0.036427 0.420947
v 0.566326 0.036427 0.409430
v 0.409429 0.036427 0.566326
v 0.420947 0.036427 0.512926
v 0.475569 0.036427 0.512047
v 0.291078 0.036427 0.635320
v 0.312792 0.036427 0.585193
v 0.366536 0.036427 0.594987
v 0.161540 0.036427 0.679899
v 0.192616 0.036427 0.634971
v 0.243416 0.036427 0.655062
v 0.025794 0.036427 0.698350
v 0.065039 0.036427 0.660348
v 0.110943 0.036427 0.689964
v -0.110943 0.036427 0.689964
v -0.065039 0.036427 0.660348
v -0.025794 0.036427 0.698350
v -0.243416 0.036427 0.655062
v -0.192616 0.036427 0.634971
v -0.161540 0.036427 0.679899
v -0.366536 0.036427 0.594987
v -0.312792 0.036427 0.585193
v -0.291078 0.036427 0.635320
v -0.475569 0.036427 0.512047
v -0.420947 0.036427 0.512926
v -0.409430 0.036427 0.566326
v -0.566326 0.036427 0.409429
v -0.512926 0.036427 0.420947
v -0.512047 0.036427 0.475569
v -0.635320 0.036427 0.291078
v -0.585193 0.036427 0.312792
v -0.594987 0.036427 0.366536
v -0.679899 0.036427 0.161540
v -0.634971 0.036427 0.192616
v -0.655062 0.036427 0.243416
v -0.698350 0.036427 0.025794
v -0.660348 0.036427 0.065039
v -0.689964 0.036427 0.110943
v -0.689964 0.036427 -0.110943
v -0.660348 0.036427 -0.065039
v -0.698350 0.036427 -0.025794
v -0.655062 0.036427 -0.243416
v -0.634971 0.036427 -0.192616
v -0.679899 0.036427 -0.161540
v -0.594987 0.036427 -0.366536
v -0.585193 0.036427 -0.312792
v -0.635320 0.036427 -0.291078
v -0.512047 0.036427 -0.475569
v -0.512926 0.036427 -0.420947
v -0.566326 0.036427 -0.409430
v -0.409429 0.036427 -0.566326
v -0.420947 0.036427 -0.512926
v -0.475569 0.036427 -0.512047
v -0.291078 0.036427 -0.635320
v -0.312792 0.036427 -0.585193
v -0.366536 0.036427 -0.594987
v -0.161540 0.036427 -0.679899
v -0.192616 0.036427 -0.634971
v -0.243416 0.036427 -0.655062
v -0.025794 0.036427 -0.698350
v -0.065039 0.036427 -0.660348
v -0.110943 0.036427 -0.689964
v -0.828052 0.040424 0.342990
v -0.808825 0.037611 0.335026
v -0.759559 0.036575 0.314620
v -0.882212 0.054486 0.175483
v -0.883898 0.064847 0.175818
v -0.888477 0.075209 0.176729
v 0.879055 0.040424 0.174855
v 0.858644 0.037611 0.170795
v 0.806343 0.036575 0.160392
v 0.831025 0.054486 0.344222
v 0.832614 0.064847 0.344880
v 0.836927 0.075209 0.346667
v -0.899495 0.054486 0.000000
v -0.901215 0.064847 0.000000
v -0.905883 0.075209 0.000000
v 0.747903 0.054486 0.499733
v 0.749333 0.064847 0.500688
v 0.753214 0.075209 0.503282
v -0.882212 0.054486 -0.175483
v -0.883898 0.064847 -0.175818
v -0.888477 0.075209 -0.176729
v 0.636039 0.054486 0.636039
v 0.637255 0.064847 0.637255
v 0.640556 0.075209 0.640556
v -0.831025 0.054486 -0.344222
v -0.832614 0.064847 -0.344880
v -0.836927 0.075209 -0.346667
v 0.499733 0.054486 0.747903
v 0.500688 0.064847 0.749333
v 0.503282 0.075209 0.753214
v -0.747903 0.054486 -0.499733
v -0.749333 0.064847 -0.500688
v -0.753214 0.075209 -0.503282
v 0.344222 0.054486 0.831025
v 0.344880 0.064847 0.832614
v 0.346667 0.075209 0.836927
v 0.000000 0.040424 -0.896277
v -0.000000 0.037611 -0.875466
v -0.000000 0.036575 -0.822141
v 0.175483 0.054486 -0.882212
v 0.175818 0.064847 -0.883898
v 0.176729 0.075209 -0.888477
v -0.636039 0.054486 -0.636039
v -0.637255 0.064847 -0.637255
v -0.640556 0.075209 -0.640556
v 0.175483 0.054486 0.882212
v 0.175818 0.064847 0.883898
v 0.176729 0.075209 0.888477
v 0.344222 0.054486 -0.831025
v 0.344880 0.064847 -0.832614
v 0.346667 0.075209 -0.836927
v -0.499733 0.054486 -0.747903
v -0.500688 0.064847 -0.749333
v -0.503282 0.075209 -0.753214
v 0.000000 0.054486 0.899495
v 0.000000 0.064847 0.901215
v 0.000000 0.075209 0.905883
v 0.499733 0.054486 -0.747903
v 0.500688 0.064847 -0.749333
v 0.503282 0.075209 -0.753214
v -0.344222 0.054486 -0.831025
v -0.344880 0.064847 -0.832614
v -0.346667 0.075209 -0.836927
v -0.175483 0.054486 0.882212
v -0.175818 0.064847 0.883898
v -0.176729 0.075209 0.888477
v 0.636039 0.054486 -0.636039
v 0.637255 0.064847 -0.637255
v 0.640556 0.075209 -0.640556
v -0.175483 0.054486 -0.882212
v -0.175818 0.064847 -0.883898
v -0.176729 0.075209 -0.888477
v -0.344222 0.054486 0.831025
v -0.344880 0.064847 0.832614
v -0.346667 0.075209 0.836927
v 0.747903 0.054486 -0.499733
v 0.749333 0.064847 -0.500688
v 0.753214 0.075209 -0.503282
v -0.499733 0.054486 0.747903
v -0.500688 0.064847 0.749333
v -0.503282 0.075209 0.753214
v 0.831025 0.054486 -0.344222
v 0.832614 0.064847 -0.344880
v 0.836927 0.075209 -0.346667
v -0.636039 0.054486 0.636039
v -0.637255 0.064847 0.637255
v -0.640556 0.075209 0.640556
v 0.882212 0.054486 -0.175483
v 0.883898 0.064847 -0.175818
v 0.888477 0.075209 -0.176729
v -0.747903 0.054486 0.499733
v -0.749333 0.064847 0.500688
v -0.753214 0.075209 0.503282
v 0.899495 0.054486 0.000000
v 0.901215 0.064847 0.000000
v 0.905883 0.075209 0.000000
v 0.000000 -0.035923 -0.993595
v 0.000000 -0.002919 -0.993595
v 0.000000 0.030275 -0.993595
v 0.193841 0.090861 -0.974504
v 0.193841 0.086462 -0.974503
v 0.193841 0.076423 -0.974504
v 0.380232 0.090861 -0.917962
v 0.380232 0.086462 -0.917962
v 0.380232 0.076423 -0.917962
v 0.552012 0.090861 -0.826144
v 0.552012 0.086462 -0.826144
v 0.552012 0.076423 -0.826144
v 0.702578 0.090861 -0.702578
v 0.702578 0.086462 -0.702578
v 0.702578 0.076423 -0.702578
v 0.826144 0.090861 -0.552012
v 0.826144 0.086462 -0.552012
v 0.826144 0.076423 -0.552012
v 0.917962 0.090861 -0.380232
v 0.917962 0.086462 -0.380232
v 0.917962 0.076423 -0.380232
v 0.974503 0.090861 -0.193841
v 0.974504 0.086462 -0.193841
v 0.974504 0.076423 -0.193841
v 0.993595 0.090861 0.000000
v 0.993595 0.086462 0.000000
v 0.993595 0.076423 0.000000
v 0.974504 0.090861 0.193841
v 0.974503 0.086462 0.193841
v 0.974504 0.076423 0.193841
v 0.917962 0.090861 0.380232
v 0.917962 0.086462 0.380232
v 0.917962 0.076423 0.380232
v 0.826144 0.090861 0.552012
v 0.826144 0.086462 0.552012
v 0.826144 0.076423 0.552012
v 0.702578 0.090861 0.702578
v 0.702578 0.086462 0.702578
v 0.702578 0.076423 0.702578
v 0.552012 0.090861 0.826144
v 0.552012 0.086462 0.826144
v 0.552012 0.076423 0.826144
v 0.380232 0.090861 0.917962
v 0.380232 0.086462 0.917962
v 0.380232 0.076423 0.917962
v 0.193841 0.090861 0.974503
v 0.193841 0.086462 0.974504
v 0.193841 0.076423 0.974504
v -0.000000 0.090861 0.993595
v 0.000000 0.086462 0.993595
v -0.000000 0.076423 0.993595
v -0.193841 0.090861 0.974504
v -0.193841 0.086462 0.974503
v -0.193841 0.076423 0.974504
v -0.380232 0.090861 0.917962
v -0.380232 0.086462 0.917962
v -0.380232 0.076423 0.917962
v -0.552012 0.090861 0.826144
v -0.552012 0.086462 0.826144
v -0.552012 0.076423 0.826144
v -0.702578 0.090861 0.702578
v -0.702578 0.086462 0.702578
v -0.702578 0.076423 0.702578
v -0.826144 0.090861 0.552012
v -0.826144 0.086462 0.552012
v -0.826144 0.076423 0.552012
v -0.917962 0.090861 0.380232
v -0.917962 0.086462 0.380232
v -0.917962 0.076423 0.380232
v -0.974503 0.090861 0.193841
v -0.974504 0.086462 0.193841
v -0.974504 0.076423 0.193841
v -0.993595 0.090861 -0.000000
v -0.993595 0.086462 0.000000
v -0.993595 0.076423 -0.000000
v -0.974504 0.090861 -0.193841
v -0.974503 0.086462 -0.193841
v -0.974504 0.076423 -0.193841
v -0.917962 0.090861 -0.380232
v -0.917962 0.086462 -0.380232
v -0.917962 0.076423 -0.380232
v -0.826144 0.090861 -0.552012
v -0.826144 0.086462 -0.552012
v -0.826144 0.076423 -0.552012
v -0.702578 0.090861 -0.702578
v -0.702578 0.086462 -0.702578
v -0.702578 0.076423 -0.702578
v -0.552012 0.090861 -0.826144
v -0.552012 0.086462 -0.826144
v -0.552012 0.076423 -0.826144
v -0.380232 0.090861 -0.917962
v -0.380232 0.086462 -0.917962
v -0.380232 0.076423 -0.917962
v -0.193841 0.090861 -0.974503
v -0.193841 0.086462 -0.974504
v -0.193841 0.076423 -0.974504
v -0.145791 0.058116 -0.982839
v -0.097389 0.058116 -0.988807
v -0.048753 0.058116 -0.992396
v -0.334732 0.058116 -0.935511
v -0.288424 0.058116 -0.950808
v -0.241423 0.058116 -0.963816
v -0.510809 0.058116 -0.852233
v -0.468376 0.058116 -0.876269
v -0.424816 0.058116 -0.898198
v -0.667256 0.058116 -0.736204
v -0.630328 0.058116 -0.768056
v -0.591883 0.058116 -0.798061
v -0.798061 0.058116 -0.591882
v -0.768056 0.058116 -0.630328
v -0.736204 0.058116 -0.667256
v -0.898198 0.058116 -0.424816
v -0.876269 0.058116 -0.468376
v -0.852233 0.058116 -0.510809
v -0.963816 0.058116 -0.241423
v -0.950808 0.058116 -0.288424
v -0.935511 0.058116 -0.334732
v -0.992396 0.058116 -0.048753
v -0.988807 0.058116 -0.097389
v -0.982839 0.058116 -0.145791
v -0.982839 0.058116 0.145791
v -0.988807 0.058116 0.097389
v -0.992396 0.058116 0.048753
v -0.935511 0.058116 0.334732
v -0.950808 0.058116 0.288424
v -0.963816 0.058116 0.241423
v -0.852233 0.058116 0.510809
v -0.876269 0.058116 0.468376
v -0.898198 0.058116 0.424816
v -0.736204 0.058116 0.667256
v -0.768056 0.058116 0.630328
v -0.798061 0.058116 0.591883
v -0.591882 0.058116 0.798061
v -0.630328 0.058116 0.768056
v -0.667256 0.058116 0.736204
v -0.424816 0.058116 0.898198
v -0.468376 0.058116 0.876269
v -0.510809 0.058116 0.852233
v -0.241423 0.058116 0.963816
v -0.288424 0.058116 0.950808
v -0.334732 0.058116 0.935511
v -0.048753 0.058116 0.992396
v -0.097389 0.058116 0.988807
v -0.145791 0.058116 0.982839
v 0.145791 0.058116 0.982839
v 0.097389 0.058116 0.988807
v 0.048753 0.058116 0.992396
v 0.334732 0.058116 0.935511
v 0.288424 0.058116 0.950808
v 0.241423 0.058116 0.963816
v 0.510809 0.058116 0.852233
v 0.468376 0.058116 0.876269
v 0.424816 0.058116 0.898198
v 0.667256 0.058116 0.736204
v 0.630328 0.058116 0.768056
v 0.591883 0.058116 0.798061
v 0.798061 0.058116 0.591882
v 0.768056 0.058116 0.630328
v 0.736204 0.058116 0.667256
v 0.898198 0.058116 0.424816
v 0.876269 0.058116 0.468376
v 0.852233 0.058116 0.510809
v 0.963816 0.058116 0.241423
v 0.950808 0.058116 0.288424
v 0.935511 0.058116 0.334732
v 0.992396 0.058116 0.048753
v 0.988807 0.058116 0.097389
v 0.982839 0.058116 0.145791
v 0.982839 0.058116 -0.145791
v 0.988807 0.058116 -0.097389
v 0.992396 0.058116 -0.048753
v 0.935511 0.058116 -0.334732
v 0.950808 0.058116 -0.288424
v 0.963816 0.058116 -0.241423
v 0.852233 0.058116 -0.510809
v 0.876269 0.058116 -0.468376
v 0.898198 0.058116 -0.424816
v 0.736204 0.058116 -0.667256
v 0.768056 0.058116 -0.630328
v 0.798061 0.058116 -0.591883
v 0.591882 0.058116 -0.798061
v 0.630328 0.058116 -0.768056
v 0.667256 0.058116 -0.736204
v 0.424816 0.058116 -0.898198
v 0.468376 0.058116 -0.876269
v 0.510809 0.058116 -0.852233
v 0.241423 0.058116 -0.963816
v 0.288424 0.058116 -0.950808
v 0.334732 0.058116 -0.935511
v 0.048753 0.058116 -0.992396
v 0.097389 0.058116 -0.988807
v 0.145791 0.058116 -0.982839
v 0.193841 0.030275 -0.974503
v 0.193841 -0.002919 -0.974504
v 0.193841 -0.035923 -0.974503
v 0.380232 0.030275 -0.917962
v 0.380232 -0.002919 -0.917962
v 0.380232 -0.035923 -0.917962
v 0.552012 0.030275 -0.826144
v 0.552012 -0.002919 -0.826144
v 0.552012 -0.035923 -0.826144
v 0.702578 0.030275 -0.702578
v 0.702578 -0.002919 -0.702578
v 0.702578 -0.035923 -0.702578
v 0.826144 0.030275 -0.552012
v 0.826144 -0.002919 -0.552012
v 0.826144 -0.035923 -0.552012
v 0.917962 0.030275 -0.380232
v 0.917962 -0.002919 -0.380232
v 0.917962 -0.035923 -0.380232
v 0.974504 0.030275 -0.193841
v 0.974503 -0.002919 -0.193841
v 0.974503 -0.035923 -0.193841
v 0.993595 0.030275 0.000000
v 0.993595 -0.002919 0.000000
v 0.993595 -0.035923 -0.000000
v 0.974503 0.030275 0.193841
v 0.974504 -0.002919 0.193841
v 0.974503 -0.035923 0.193841
v 0.917962 0.030275 0.380232
v 0.917962 -0.002919 0.380232
v 0.917962 -0.035923 0.380232
v 0.826144 0.030275 0.552012
v 0.826144 -0.002919 0.552012
v 0.826144 -0.035923 0.552012
v 0.702578 0.030275 0.702578
v 0.702578 -0.002919 0.702578
v 0.702578 -0.035923 0.702578
v 0.552012 0.030275 0.826144
v 0.552012 -0.002919 0.826144
v 0.552012 -0.035923 0.826144
v 0.380232 0.030275 0.917962
v 0.380232 -0.002919 0.917962
v 0.380232 -0.035923 0.917962
v 0.193841 0.030275 0.974504
v 0.193841 -0.002919 0.974503
v 0.193841 -0.035923 0.974503
v -0.000000 0.030275 0.993595
v -0.000000 -0.002919 0.993595
v 0.000000 -0.035923 0.993595
v -0.193841 0.030275 0.974503
v -0.193841 -0.002919 0.974504
v -0.193841 -0.035923 0.974503
v -0.380232 0.030275 0.917962
v -0.380232 -0.002919 0.917962
v -0.380232 -0.035923 0.917962
v -0.552012 0.030275 0.826144
v -0.552012 -0.002919 0.826144
v -0.552012 -0.035923 0.826144
v -0.702578 0.030275 0.702578
v -0.702578 -0.002919 0.702578
v -0.702578 -0.035923 0.702578
v -0.826144 0.030275 0.552012
v -0.826144 -0.002919 0.552012
v -0.826144 -0.035923 0.552012
v -0.917962 0.030275 0.380232
v -0.917962 -0.002919 0.380232
v -0.917962 -0.035923 0.380232
v -0.974504 0.030275 0.193841
v -0.974503 -0.002919 0.193841
v -0.974503 -0.035923 0.193841
v -0.993595 0.030275 -0.000000
v -0.993595 -0.002919 -0.000000
v -0.993595 -0.035923 0.000000
v -0.974503 0.030275 -0.193841
v -0.974504 -0.002919 -0.193841
v -0.974503 -0.035923 -0.193841
v -0.917962 0.030275 -0.380232
v -0.917962 -0.002919 -0.380232
v -0.917962 -0.035923 -0.380232
v -0.826144 0.030275 -0.552012
v -0.826144 -0.002919 -0.552012
v -0.826144 -0.035923 -0.552012
v -0.702578 0.030275 -0.702578
v -0.702578 -0.002919 -0.702578
v -0.702578 -0.035923 -0.702578
v -0.552012 0.030275 -0.826144
v -0.552012 -0.002919 -0.826144
v -0.552012 -0.035923 -0.826144
v -0.380232 0.030275 -0.917962
v -0.380232 -0.002919 -0.917962
v -0.380232 -0.035923 -0.917962
v -0.193841 0.030275 -0.974504
v -0.193841 -0.002919 -0.974503
v -0.193841 -0.035923 -0.974504
v -0.000000 -0.092797 -0.908396
v 0.000000 -0.089508 -0.967316
v 0.000000 -0.080580 -0.990310
v 0.048753 -0.063193 -0.992396
v 0.097389 -0.063193 -0.988807
v 0.145791 -0.063193 -0.982839
v 0.241423 -0.063193 -0.963816
v 0.288424 -0.063193 -0.950808
v 0.334732 -0.063193 -0.935511
v 0.424816 -0.063193 -0.898198
v 0.468376 -0.063193 -0.876269
v 0.510809 -0.063193 -0.852233
v 0.591882 -0.063193 -0.798061
v 0.630328 -0.063193 -0.768056
v 0.667256 -0.063193 -0.736204
v 0.736204 -0.063193 -0.667256
v 0.768056 -0.063193 -0.630328
v 0.798061 -0.063193 -0.591883
v 0.852233 -0.063193 -0.510809
v 0.876269 -0.063193 -0.468376
v 0.898197 -0.063193 -0.424816
v 0.935511 -0.063193 -0.334732
v 0.950808 -0.063193 -0.288424
v 0.963816 -0.063193 -0.241423
v 0.982839 -0.063193 -0.145791
v 0.988807 -0.063193 -0.097389
v 0.992396 -0.063193 -0.048753
v 0.992396 -0.063193 0.048753
v 0.988807 -0.063193 0.097389
v 0.982839 -0.063193 0.145791
v 0.963816 -0.063193 0.241423
v 0.950808 -0.063193 0.288424
v 0.935511 -0.063193 0.334732
v 0.898198 -0.063193 0.424816
v 0.876269 -0.063193 0.468376
v 0.852233 -0.063193 0.510809
v 0.798061 -0.063193 0.591882
v 0.768056 -0.063193 0.630328
v 0.736204 -0.063193 0.667256
v 0.667256 -0.063193 0.736204
v 0.630328 -0.063193 0.768056
v 0.591883 -0.063193 0.798061
v 0.510809 -0.063193 0.852233
v 0.468376 -0.063193 0.876269
v 0.424816 -0.063193 0.898197
v 0.334732 -0.063193 0.935511
v 0.288424 -0.063193 0.950808
v 0.241423 -0.063193 0.963816
v 0.145791 -0.063193 0.982839
v 0.097389 -0.063193 0.988807
v 0.048753 -0.063193 0.992396
v -0.048753 -0.063193 0.992396
v -0.097389 -0.063193 0.988807
v -0.145791 -0.063193 0.982839
v -0.241423 -0.063193 0.963816
v -0.288424 -0.063193 0.950808
v -0.334732 -0.063193 0.935511
v -0.424816 -0.063193 0.898198
v -0.468376 -0.063193 0.876269
v -0.510809 -0.063193 0.852233
v -0.591882 -0.063193 0.798061
v -0.630328 -0.063193 0.768056
v -0.667256 -0.063193 0.736204
v -0.736204 -0.063193 0.667256
v -0.768056 -0.063193 0.630328
v -0.798061 -0.063193 0.591883
v -0.852233 -0.063193 0.510809
v -0.876269 -0.063193 0.468376
v -0.898197 -0.063193 0.424816
v -0.935511 -0.063193 0.334732
v -0.950808 -0.063193 0.288424
v -0.963816 -0.063193 0.241423
v -0.982839 -0.063193 0.145791
v -0.988807 -0.063193 0.097389
v -0.992396 -0.063193 0.048753
v -0.992396 -0.063193 -0.048753
v -0.988807 -0.063193 -0.097389
v -0.982839 -0.063193 -0.145791
v -0.963816 -0.063193 -0.241423
v -0.950808 -0.063193 -0.288424
v -0.935511 -0.063193 -0.334732
v -0.898198 -0.063193 -0.424816
v -0.876269 -0.063193 -0.468376
v -0.852233 -0.063193 -0.510809
v -0.798061 -0.063193 -0.591882
v -0.768056 -0.063193 -0.630328
v -0.736204 -0.063193 -0.667256
v -0.667256 -0.063193 -0.736204
v -0.630328 -0.063193 -0.768056
v -0.591883 -0.063193 -0.798061
v -0.510809 -0.063193 -0.852233
v -0.468376 -0.063193 -0.876269
v -0.424816 -0.063193 -0.898197
v -0.334732 -0.063193 -0.935511
v -0.288424 -0.063193 -0.950808
v -0.241423 -0.063193 -0.963816
v -0.145791 -0.063193 -0.982839
v -0.097389 -0.063193 -0.988807
v -0.048753 -0.063193 -0.992396
v -0.836927 0.075209 0.346667
v -0.832614 0.064847 0.344880
v -0.831025 0.054486 0.344222
v -0.806343 0.036575 0.160392
v -0.858644 0.037611 0.170795
v -0.879055 0.040424 0.174855
v 0.888477 0.075209 0.176729
v 0.883898 0.064847 0.175818
v 0.882212 0.054486 0.175483
v 0.759559 0.036575 0.314620
v 0.808825 0.037611 0.335026
v 0.828052 0.040424 0.342990
v -0.822141 0.036575 -0.000000
v -0.875466 0.037611 0.000000
v -0.896277 0.040424 0.000000
v 0.683585 0.036575 0.456757
v 0.727923 0.037611 0.486383
v 0.745227 0.040424 0.497945
v -0.806343 0.036575 -0.160392
v -0.858644 0.037611 -0.170795
v -0.879055 0.040424 -0.174855
v 0.581341 0.036575 0.581341
v 0.619048 0.037611 0.619048
v 0.633763 0.040424 0.633763
v -0.759559 0.036575 -0.314620
v -0.808825 0.037611 -0.335026
v -0.828052 0.040424 -0.342990
v 0.456757 0.036575 0.683585
v 0.486383 0.037611 0.727923
v 0.497945 0.040424 0.745227
v -0.683585 0.036575 -0.456757
v -0.727923 0.037611 -0.486383
v -0.745227 0.040424 -0.497945
v 0.314620 0.036575 0.759559
v 0.335026 0.037611 0.808825
v 0.342990 0.040424 0.828052
v 0.000000 0.075209 -0.905883
v 0.000000 0.064847 -0.901215
v 0.000000 0.054486 -0.899495
v 0.160392 0.036575 -0.806343
v 0.170795 0.037611 -0.858644
v 0.174855 0.040424 -0.879055
v -0.581341 0.036575 -0.581341
v -0.619048 0.037611 -0.619048
v -0.633763 0.040424 -0.633763
v 0.160392 0.036575 0.806343
v 0.170795 0.037611 0.858644
v 0.174855 0.040424 0.879055
v 0.314620 0.036575 -0.759559
v 0.335026 0.037611 -0.808825
v 0.342990 0.040424 -0.828052
v -0.456757 0.036575 -0.683585
v -0.486383 0.037611 -0.727923
v -0.497945 0.040424 -0.745227
v -0.000000 0.036575 0.822141
v 0.000000 0.037611 0.875466
v 0.000000 0.040424 0.896277
v 0.456757 0.036575 -0.683585
v 0.486383 0.037611 -0.727923
v 0.497945 0.040424 -0.745227
v -0.314620 0.036575 -0.759559
v -0.335026 0.037611 -0.808825
v -0.342990 0.040424 -0.828052
v -0.160392 0.036575 0.806343
v -0.170795 0.037611 0.858644
v -0.174855 0.040424 0.879055
v 0.581341 0.036575 -0.581341
v 0.619048 0.037611 -0.619048
v 0.633763 0.040424 -0.633763
v -0.160392 0.036575 -0.806343
v -0.170795 0.037611 -0.858644
v -0.174855 0.040424 -0.879055
v -0.314620 0.036575 0.759559
v -0.335026 0.037611 0.808825
v -0.342990 0.040424 0.828052
v 0.683585 0.036575 -0.456757
v 0.727923 0.037611 -0.486383
v 0.745227 0.040424 -0.497945
v -0.456757 0.036575 0.683585
v -0.486383 0.037611 0.727923
v -0.497945 0.040424 0.745227
v 0.759559 0.036575 -0.314620
v 0.808825 0.037611 -0.335026
v 0.828052 0.040424 -0.342990
v -0.581341 0.036575 0.581341
v -0.619048 0.037611 0.619048
v -0.633763 0.040424 0.633763
v 0.806343 0.036575 -0.160392
v 0.858644 0.037611 -0.170795
v 0.879055 0.040424 -0.174855
v -0.683585 0.036575 0.456757
v -0.727923 0.037611 0.486383
v -0.745227 0.040424 0.497945
v 0.822141 0.036575 -0.000000
v 0.875466 0.037611 -0.000000
v 0.896277 0.040424 0.000000
v 0.898164 0.045901 0.044124
v 0.894916 0.045901 0.088142
v 0.889515 0.045901 0.131947
v -0.771310 0.045901 0.462306
v -0.793064 0.045901 0.423902
v -0.812910 0.045901 0.384478
v 0.889515 0.045901 -0.131947
v 0.894916 0.045901 -0.088142
v 0.898164 0.045901 -0.044124
v -0.666298 0.045901 0.603898
v -0.695127 0.045901 0.570476
v -0.722283 0.045901 0.535681
v 0.846681 0.045901 -0.302948
v 0.860525 0.045901 -0.261037
v 0.872298 0.045901 -0.218499
v -0.535681 0.045901 0.722283
v -0.570476 0.045901 0.695127
v -0.603898 0.045901 0.666298
v 0.771310 0.045901 -0.462306
v 0.793064 0.045901 -0.423902
v 0.812910 0.045901 -0.384478
v -0.384478 0.045901 0.812910
v -0.423902 0.045901 0.793064
v -0.462306 0.045901 0.771310
v -0.131947 0.045901 -0.889515
v -0.088142 0.045901 -0.894916
v -0.044124 0.045901 -0.898164
v 0.666298 0.045901 -0.603898
v 0.695127 0.045901 -0.570476
v 0.722283 0.045901 -0.535681
v -0.218499 0.045901 0.872298
v -0.261037 0.045901 0.860525
v -0.302948 0.045901 0.846681
v -0.302948 0.045901 -0.846681
v -0.261037 0.045901 -0.860525
v -0.218499 0.045901 -0.872298
v 0.535681 0.045901 -0.722283
v 0.570476 0.045901 -0.695127
v 0.603898 0.045901 -0.666298
v -0.044124 0.045901 0.898164
v -0.088142 0.045901 0.894916
v -0.131947 0.045901 0.889515
v -0.462306 0.045901 -0.771310
v -0.423902 0.045901 -0.793064
v -0.384478 0.045901 -0.812910
v 0.384478 0.045901 -0.812910
v 0.423902 0.045901 -0.793064
v 0.462306 0.045901 -0.771310
v 0.131947 0.045901 0.889515
v 0.088142 0.045901 0.894916
v 0.044124 0.045901 0.898164
v -0.603898 0.045901 -0.666298
v -0.570476 0.045901 -0.695127
v -0.535681 0.045901 -0.722283
v 0.218499 0.045901 -0.872298
v 0.261037 0.045901 -0.860525
v 0.302948 0.045901 -0.846681
v 0.302948 0.045901 0.846681
v 0.261037 0.045901 0.860525
v 0.218499 0.045901 0.872298
v -0.722283 0.045901 -0.535681
v -0.695127 0.045901 -0.570476
v -0.666298 0.045901 -0.603898
v 0.044124 0.045901 -0.898164
v 0.088142 0.045901 -0.894916
v 0.131947 0.045901 -0.889515
v 0.462306 0.045901 0.771310
v 0.423902 0.045901 0.793064
v 0.384478 0.045901 0.812910
v -0.812910 0.045901 -0.384478
v -0.793064 0.045901 -0.423902
v -0.771310 0.045901 -0.462306
v 0.603898 0.045901 0.666298
v 0.570476 0.045901 0.695127
v 0.535681 0.045901 0.722283
v -0.872298 0.045901 -0.218499
v -0.860525 0.045901 -0.261037
v -0.846681 0.045901 -0.302948
v 0.722283 0.045901 0.535681
v 0.695127 0.045901 0.570476
v 0.666298 0.045901 0.603898
v -0.898164 0.045901 -0.044124
v -0.894916 0.045901 -0.088142
v -0.889515 0.045901 -0.131947
v 0.812910 0.045901 0.384478
v 0.793064 0.045901 0.423902
v 0.771310 0.045901 0.462306
v -0.889515 0.045901 0.131947
v -0.894916 0.045901 0.088142
v -0.898164 0.045901 0.044124
v 0.872298 0.045901 0.218499
v 0.860525 0.045901 0.261037
v 0.846681 0.045901 0.302948
v -0.846681 0.045901 0.302948
v -0.860525 0.045901 0.261037
v -0.872298 0.045901 0.218499
v 0.048753 0.076423 -0.992396
v 0.048753 0.086462 -0.992396
v 0.048753 0.090861 -0.992396
v 0.097389 0.076423 -0.988807
v 0.097389 0.086462 -0.988807
v 0.097389 0.090861 -0.988807
v 0.145791 0.076423 -0.982839
v 0.145791 0.086462 -0.982839
v 0.145791 0.090861 -0.982839
v 0.241423 0.076423 -0.963816
v 0.241423 0.086462 -0.963816
v 0.241423 0.090861 -0.963816
v 0.288424 0.076423 -0.950808
v 0.288424 0.086462 -0.950808
v 0.288424 0.090861 -0.950808
v 0.334732 0.076423 -0.935512
v 0.334732 0.086462 -0.935512
v 0.334732 0.090861 -0.935511
v 0.424816 0.076423 -0.898197
v 0.424816 0.086462 -0.898197
v 0.424816 0.090861 -0.898198
v 0.468376 0.076423 -0.876269
v 0.468376 0.086462 -0.876269
v 0.468376 0.090861 -0.876269
v 0.510809 0.076423 -0.852233
v 0.510809 0.086462 -0.852233
v 0.510809 0.090861 -0.852233
v 0.591882 0.076423 -0.798061
v 0.591883 0.086462 -0.798062
v 0.591883 0.090861 -0.798061
v 0.630328 0.076423 -0.768056
v 0.630328 0.086462 -0.768057
v 0.630328 0.090861 -0.768056
v 0.667256 0.076423 -0.736204
v 0.667256 0.086462 -0.736204
v 0.667256 0.090861 -0.736204
v 0.736204 0.076423 -0.667256
v 0.736204 0.086462 -0.667256
v 0.736204 0.090861 -0.667256
v 0.768056 0.076423 -0.630328
v 0.768057 0.086462 -0.630328
v 0.768056 0.090861 -0.630328
v 0.798061 0.076423 -0.591882
v 0.798061 0.086462 -0.591882
v 0.798061 0.090861 -0.591882
v 0.852233 0.076423 -0.510809
v 0.852233 0.086462 -0.510809
v 0.852233 0.090861 -0.510809
v 0.876269 0.076423 -0.468376
v 0.876269 0.086462 -0.468376
v 0.876269 0.090861 -0.468376
v 0.898197 0.076423 -0.424816
v 0.898198 0.086462 -0.424816
v 0.898197 0.090861 -0.424816
v 0.935512 0.076423 -0.334732
v 0.935512 0.086462 -0.334732
v 0.935511 0.090861 -0.334732
v 0.950808 0.076423 -0.288424
v 0.950808 0.086462 -0.288424
v 0.950808 0.090861 -0.288424
v 0.963816 0.076423 -0.241423
v 0.963816 0.086462 -0.241423
v 0.963816 0.090861 -0.241423
v 0.982839 0.076423 -0.145791
v 0.982839 0.086462 -0.145791
v 0.982839 0.090861 -0.145791
v 0.988807 0.076423 -0.097389
v 0.988807 0.086462 -0.097389
v 0.988807 0.090861 -0.097389
v 0.992396 0.076423 -0.048753
v 0.992396 0.086462 -0.048753
v 0.992396 0.090861 -0.048753
v 0.992396 0.076423 0.048753
v 0.992396 0.086462 0.048753
v 0.992396 0.090861 0.048753
v 0.988807 0.076423 0.097389
v 0.988807 0.086462 0.097389
v 0.988807 0.090861 0.097389
v 0.982839 0.076423 0.145791
v 0.982839 0.086462 0.145791
v 0.982839 0.090861 0.145791
v 0.963816 0.076423 0.241423
v 0.963816 0.086462 0.241423
v 0.963816 0.090861 0.241423
v 0.950808 0.076423 0.288424
v 0.950808 0.086462 0.288424
v 0.950808 0.090861 0.288424
v 0.935512 0.076423 0.334732
v 0.935512 0.086462 0.334732
v 0.935511 0.090861 0.334732
v 0.898197 0.076423 0.424816
v 0.898197 0.086462 0.424816
v 0.898198 0.090861 0.424816
v 0.876269 0.076423 0.468376
v 0.876269 0.086462 0.468376
v 0.876269 0.090861 0.468376
v 0.852233 0.076423 0.510809
v 0.852233 0.086462 0.510809
v 0.852233 0.090861 0.510809
v 0.798061 0.076423 0.591882
v 0.798062 0.086462 0.591883
v 0.798061 0.090861 0.591883
v 0.768056 0.076423 0.630328
v 0.768057 0.086462 0.630328
v 0.768056 0.090861 0.630328
v 0.736204 0.076423 0.667256
v 0.736204 0.086462 0.667256
v 0.736204 0.090861 0.667256
v 0.667256 0.076423 0.736204
v 0.667256 0.086462 0.736204
v 0.667256 0.090861 0.736204
v 0.630328 0.076423 0.768056
v 0.630328 0.086462 0.768057
v 0.630328 0.090861 0.768056
v 0.591882 0.076423 0.798061
v 0.591882 0.086462 0.798061
v 0.591882 0.090861 0.798061
v 0.510809 0.076423 0.852233
v 0.510809 0.086462 0.852233
v 0.510809 0.090861 0.852233
v 0.468376 0.076423 0.876269
v 0.468376 0.086462 0.876269
v 0.468376 0.090861 0.876269
v 0.424816 0.076423 0.898197
v 0.424816 0.086462 0.898198
v 0.424816 0.090861 0.898197
v 0.334732 0.076423 0.935512
v 0.334732 0.086462 0.935512
v 0.334732 0.090861 0.935511
v 0.288424 0.076423 0.950808
v 0.288424 0.086462 0.950808
v 0.288424 0.090861 0.950808
v 0.241423 0.076423 0.963816
v 0.241423 0.086462 0.963816
v 0.241423 0.090861 0.963816
v 0.145791 0.076423 0.982839
v 0.145791 0.086462 0.982839
v 0.145791 0.090861 0.982839
v 0.097389 0.076423 0.988807
v 0.097389 0.086462 0.988807
v 0.097389 0.090861 0.988807
v 0.048753 0.076423 0.992396
v 0.048753 0.086462 0.992396
v 0.048753 0.090861 0.992396
v -0.048753 0.076423 0.992396
v -0.048753 0.086462 0.992396
v -0.048753 0.090861 0.992396
v -0.097389 0.076423 0.988807
v -0.097389 0.086462 0.988807
v -0.097389 0.090861 0.988807
v -0.145791 0.076423 0.982839
v -0.145791 0.086462 0.982839
v -0.145791 0.090861 0.982839
v -0.241423 0.076423 0.963816
v -0.241423 0.086462 0.963816
v -0.241423 0.090861 0.963816
v -0.288424 0.076423 0.950808
v -0.288424 0.086462 0.950808
v -0.288424 0.090861 0.950808
v -0.334732 0.076423 0.935512
v -0.334732 0.086462 0.935512
v -0.334732 0.090861 0.935511
v -0.424816 0.076423 0.898197
v -0.424816 0.086462 0.898197
v -0.424816 0.090861 0.898198
v -0.468376 0.076423 0.876269
v -0.468376 0.086462 0.876269
v -0.468376 0.090861 0.876269
v -0.510809 0.076423 0.852233
v -0.510809 0.086462 0.852233
v -0.510809 0.090861 0.852233
v -0.591882 0.076423 0.798061
v -0.591883 0.086462 0.798062
v -0.591883 0.090861 0.798061
v -0.630328 0.076423 0.768056
v -0.630328 0.086462 0.768057
v -0.630328 0.090861 0.768056
v -0.667256 0.076423 0.736204
v -0.667256 0.086462 0.736204
v -0.667256 0.090861 0.736204
v -0.736204 0.076423 0.667256
v -0.736204 0.086462 0.667256
v -0.736204 0.090861 0.667256
v -0.768056 0.076423 0.630328
v -0.768057 0.086462 0.630328
v -0.768056 0.090861 0.630328
v -0.798061 0.076423 0.591882
v -0.798061 0.086462 0.591882
v -0.798061 0.090861 0.591882
v -0.852233 0.076423 0.510809
v -0.852233 0.086462 0.510809
v -0.852233 0.090861 0.510809
v -0.876269 0.076423 0.468376
v -0.876269 0.086462 0.468376
v -0.876269 0.090861 0.468376
v -0.898197 0.076423 0.424816
v -0.898198 0.086462 0.424816
v -0.898197 0.090861 0.424816
v -0.935512 0.076423 0.334732
v -0.935512 0.086462 0.334732
v -0.935511 0.090861 0.334732
v -0.950808 0.076423 0.288424
v -0.950808 0.086462 0.288424
v -0.950808 0.090861 0.288424
v -0.963816 0.076423 0.241423
v -0.963816 0.086462 0.241423
v -0.963816 0.090861 0.241423
v -0.982839 0.076423 0.145791
v -0.982839 0.086462 0.145791
v -0.982839 0.090861 0.145791
v -0.988807 0.076423 0.097389
v -0.988807 0.086462 0.097389
v -0.988807 0.090861 0.097389
v -0.992396 0.076423 0.048753
v -0.992396 0.086462 0.048753
v -0.992396 0.090861 0.048753
v -0.992396 0.076423 -0.048753
v -0.992396 0.086462 -0.048753
v -0.992396 0.090861 -0.048753
v -0.988807 0.076423 -0.097389
v -0.988807 0.086462 -0.097389
v -0.988807 0.090861 -0.097389
v -0.982839 0.076423 -0.145791
v -0.982839 0.086462 -0.145791
v -0.982839 0.090861 -0.145791
v -0.963816 0.076423 -0.241423
v -0.963816 0.086462 -0.241423
v -0.963816 0.090861 -0.241423
v -0.950808 0.076423 -0.288424
v -0.950808 0.086462 -0.288424
v -0.950808 0.090861 -0.288424
v -0.935512 0.076423 -0.334732
v -0.935512 0.086462 -0.334732
v -0.935511 0.090861 -0.334732
v -0.898197 0.076423 -0.424816
v -0.898197 0.086462 -0.424816
v -0.898198 0.090861 -0.424816
v -0.876269 0.076423 -0.468376
v -0.876269 0.086462 -0.468376
v -0.876269 0.090861 -0.468376
v -0.852233 0.076423 -0.510809
v -0.852233 0.086462 -0.510809
v -0.852233 0.090861 -0.510809
v -0.798061 0.076423 -0.591882
v -0.798062 0.086462 -0.591883
v -0.798061 0.090861 -0.591883
v -0.768056 0.076423 -0.630328
v -0.768057 0.086462 -0.630328
v -0.768056 0.090861 -0.630328
v -0.736204 0.076423 -0.667256
v -0.736204 0.086462 -0.667256
v -0.736204 0.090861 -0.667256
v -0.667256 0.076423 -0.736204
v -0.667256 0.086462 -0.736204
v -0.667256 0.090861 -0.736204
v -0.630328 0.076423 -0.768056
v -0.630328 0.086462 -0.768057
v -0.630328 0.090861 -0.768056
v -0.591882 0.076423 -0.798061
v -0.591882 0.086462 -0.798061
v -0.591882 0.090861 -0.798061
v -0.510809 0.076423 -0.852233
v -0.510809 0.086462 -0.852233
v -0.510809 0.090861 -0.852233
v -0.468376 0.076423 -0.876269
v -0.468376 0.086462 -0.876269
v -0.468376 0.090861 -0.876269
v -0.424816 0.076423 -0.898197
v -0.424816 0.086462 -0.898198
v -0.424816 0.090861 -0.898197
v -0.869010 0.040424 0.217621
v -0.856858 0.040424 0.259925
v -0.843460 0.040424 0.301851
v -0.845995 0.037612 0.211478
v -0.831186 0.037612 0.252138
v -0.820910 0.037612 0.294172
v -0.785602 0.036575 0.194761
v -0.762651 0.036575 0.231348
v -0.761408 0.036575 0.274519
v -0.334732 0.076423 -0.935512
v -0.334732 0.086462 -0.935512
v -0.334732 0.090861 -0.935511
v -0.288424 0.076423 -0.950808
v -0.288424 0.086462 -0.950808
v -0.288424 0.090861 -0.950808
v -0.241423 0.076423 -0.963816
v -0.241423 0.086462 -0.963816
v -0.241423 0.090861 -0.963816
v -0.145791 0.076423 -0.982839
v -0.145791 0.086462 -0.982839
v -0.145791 0.090861 -0.982839
v -0.097389 0.076423 -0.988807
v -0.097389 0.086462 -0.988807
v -0.097389 0.090861 -0.988807
v -0.048753 0.076423 -0.992396
v -0.048753 0.086462 -0.992396
v -0.048753 0.090861 -0.992396
v 0.000000 -0.093267 0.000000
v 0.000000 -0.093267 -0.606546
v 0.048575 -0.093267 -0.493192
v 0.118331 -0.093267 -0.594891
v 0.143859 -0.093267 -0.474239
v 0.232115 -0.093267 -0.560375
v 0.233614 -0.093267 -0.437061
v 0.336979 -0.093267 -0.504324
v 0.314392 -0.093267 -0.383087
v 0.428893 -0.093267 -0.428893
v 0.383087 -0.093267 -0.314392
v 0.504324 -0.093267 -0.336979
v 0.437061 -0.093267 -0.233614
v 0.560375 -0.093267 -0.232115
v 0.474239 -0.093267 -0.143859
v 0.594891 -0.093267 -0.118331
v 0.493192 -0.093267 -0.048575
v 0.606546 -0.093267 0.000000
v 0.493192 -0.093267 0.048575
v 0.594891 -0.093267 0.118331
v 0.474239 -0.093267 0.143859
v 0.560375 -0.093267 0.232115
v 0.437061 -0.093267 0.233614
v 0.504324 -0.093267 0.336979
v 0.383087 -0.093267 0.314392
v 0.428893 -0.093267 0.428893
v 0.314392 -0.093267 0.383087
v 0.336979 -0.093267 0.504324
v 0.233614 -0.093267 0.437061
v 0.232115 -0.093267 0.560375
v 0.143859 -0.093267 0.474239
v 0.118331 -0.093267 0.594891
v 0.048575 -0.093267 0.493192
v 0.000000 -0.093267 0.606546
v -0.048575 -0.093267 0.493192
v -0.118331 -0.093267 0.594891
v -0.143859 -0.093267 0.474239
v -0.232115 -0.093267 0.560375
v -0.233614 -0.093267 0.437061
v -0.336979 -0.093267 0.504324
v -0.314392 -0.093267 0.383087
v -0.428893 -0.093267 0.428893
v -0.383087 -0.093267 0.314392
v -0.504324 -0.093267 0.336979
v -0.437061 -0.093267 0.233614
v -0.560375 -0.093267 0.232115
v -0.474239 -0.093267 0.143859
v -0.594891 -0.093267 0.118331
v -0.493192 -0.093267 0.048575
v -0.606546 -0.093267 0.000000
v -0.493192 -0.093267 -0.048575
v -0.594891 -0.093267 -0.118331
v -0.474239 -0.093267 -0.143859
v -0.560375 -0.093267 -0.232115
v -0.437061 -0.093267 -0.233614
v -0.504324 -0.093267 -0.336979
v -0.383087 -0.093267 -0.314392
v -0.428893 -0.093267 -0.428893
v -0.314392 -0.093267 -0.383087
v -0.336979 -0.093267 -0.504324
v -0.233614 -0.093267 -0.437061
v -0.232115 -0.093267 -0.560375
v -0.143859 -0.093267 -0.474239
v -0.118331 -0.093267 -0.594891
v -0.048575 -0.093267 -0.493192
v 0.048428 0.093251 -0.985771
v 0.096739 0.093251 -0.982205
v 0.144817 0.093251 -0.976277
v 0.048657 0.093140 -0.990433
v 0.097196 0.093140 -0.986851
v 0.145502 0.093140 -0.980895
v 0.048741 0.092839 -0.992151
v 0.097365 0.092839 -0.988562
v 0.145755 0.092839 -0.982596
v 0.239811 0.093251 -0.957381
v 0.286499 0.093251 -0.944460
v 0.332497 0.093251 -0.929266
v 0.240946 0.093140 -0.961910
v 0.287854 0.093140 -0.948927
v 0.334069 0.093140 -0.933661
v 0.241363 0.092839 -0.963578
v 0.288353 0.092839 -0.950572
v 0.334649 0.092839 -0.935280
v 0.421979 0.093251 -0.892201
v 0.465249 0.093251 -0.870419
v 0.507399 0.093251 -0.846543
v 0.423975 0.093140 -0.896421
v 0.467449 0.093140 -0.874536
v 0.509799 0.093140 -0.850547
v 0.424711 0.092839 -0.897975
v 0.468260 0.092839 -0.876053
v 0.510683 0.092839 -0.852022
v 0.587931 0.093251 -0.792733
v 0.626119 0.093251 -0.762929
v 0.662802 0.093251 -0.731288
v 0.590712 0.093140 -0.796483
v 0.629081 0.093140 -0.766537
v 0.665937 0.093140 -0.734747
v 0.591736 0.092839 -0.797864
v 0.630172 0.092839 -0.767866
v 0.667091 0.092839 -0.736022
v 0.731288 0.093251 -0.662802
v 0.762929 0.093251 -0.626119
v 0.792733 0.093251 -0.587931
v 0.734747 0.093140 -0.665937
v 0.766537 0.093140 -0.629081
v 0.796483 0.093140 -0.590712
v 0.736022 0.092839 -0.667091
v 0.767867 0.092839 -0.630172
v 0.797864 0.092839 -0.591736
v 0.846543 0.093251 -0.507399
v 0.870419 0.093251 -0.465249
v 0.892201 0.093251 -0.421979
v 0.850547 0.093140 -0.509799
v 0.874536 0.093140 -0.467449
v 0.896421 0.093140 -0.423975
v 0.852022 0.092839 -0.510683
v 0.876052 0.092839 -0.468260
v 0.897975 0.092839 -0.424710
v 0.929266 0.093251 -0.332497
v 0.944459 0.093251 -0.286499
v 0.957381 0.093251 -0.239811
v 0.933661 0.093140 -0.334069
v 0.948927 0.093140 -0.287854
v 0.961910 0.093140 -0.240946
v 0.935280 0.092839 -0.334649
v 0.950572 0.092839 -0.288353
v 0.963578 0.092839 -0.241363
v 0.976277 0.093251 -0.144817
v 0.982205 0.093251 -0.096739
v 0.985771 0.093251 -0.048428
v 0.980895 0.093140 -0.145502
v 0.986851 0.093140 -0.097196
v 0.990433 0.093140 -0.048657
v 0.982596 0.092839 -0.145755
v 0.988562 0.092839 -0.097365
v 0.992151 0.092839 -0.048741
v 0.985771 0.093251 0.048428
v 0.982205 0.093251 0.096739
v 0.976277 0.093251 0.144817
v 0.990433 0.093140 0.048657
v 0.986851 0.093140 0.097196
v 0.980895 0.093140 0.145502
v 0.992151 0.092839 0.048741
v 0.988562 0.092839 0.097365
v 0.982596 0.092839 0.145755
v 0.957381 0.093251 0.239811
v 0.944460 0.093251 0.286499
v 0.929266 0.093251 0.332497
v 0.961910 0.093140 0.240946
v 0.948927 0.093140 0.287854
v 0.933661 0.093140 0.334069
v 0.963578 0.092839 0.241363
v 0.950572 0.092839 0.288353
v 0.935280 0.092839 0.334649
v 0.892201 0.093251 0.421979
v 0.870419 0.093251 0.465249
v 0.846543 0.093251 0.507399
v 0.896421 0.093140 0.423975
v 0.874536 0.093140 0.467449
v 0.850547 0.093140 0.509799
v 0.897975 0.092839 0.424711
v 0.876053 0.092839 0.468260
v 0.852022 0.092839 0.510683
v 0.792733 0.093251 0.587931
v 0.762929 0.093251 0.626119
v 0.731288 0.093251 0.662802
v 0.796483 0.093140 0.590712
v 0.766537 0.093140 0.629081
v 0.734747 0.093140 0.665937
v 0.797864 0.092839 0.591736
v 0.767866 0.092839 0.630172
v 0.736022 0.092839 0.667091
v 0.662802 0.093251 0.731288
v 0.626119 0.093251 0.762929
v 0.587931 0.093251 0.792733
v 0.665937 0.093140 0.734747
v 0.629081 0.093140 0.766537
v 0.590712 0.093140 0.796483
v 0.667091 0.092839 0.736022
v 0.630172 0.092839 0.767867
v 0.591736 0.092839 0.797864
v 0.507399 0.093251 0.846543
v 0.465249 0.093251 0.870419
v 0.421979 0.093251 0.892201
v 0.509799 0.093140 0.850547
v 0.467449 0.093140 0.874536
v 0.423975 0.093140 0.896421
v 0.510683 0.092839 0.852022
v 0.468260 0.092839 0.876052
v 0.424710 0.092839 0.897975
v 0.332497 0.093251 0.929266
v 0.286499 0.093251 0.944459
v 0.239811 0.093251 0.957381
v 0.334069 0.093140 0.933661
v 0.287854 0.093140 0.948927
v 0.240946 0.093140 0.961910
v 0.334649 0.092839 0.935280
v 0.288353 0.092839 0.950572
v 0.241363 0.092839 0.963578
v 0.144817 0.093251 0.976277
v 0.096739 0.093251 0.982205
v 0.048428 0.093251 0.985771
v 0.145502 0.093140 0.980895
v 0.097196 0.093140 0.986851
v 0.048657 0.093140 0.990433
v 0.145755 0.092839 0.982596
v 0.097365 0.092839 0.988562
v 0.048741 0.092839 0.992151
v -0.048428 0.093251 0.985771
v -0.096739 0.093251 0.982205
v -0.144817 0.093251 0.976277
v -0.048657 0.093140 0.990433
v -0.097196 0.093140 0.986851
v -0.145502 0.093140 0.980895
v -0.048741 0.092839 0.992151
v -0.097365 0.092839 0.988562
v -0.145755 0.092839 0.982596
v -0.239811 0.093251 0.957381
v -0.286499 0.093251 0.944460
v -0.332497 0.093251 0.929266
v -0.240946 0.093140 0.961910
v -0.287854 0.093140 0.948927
v -0.334069 0.093140 0.933661
v -0.241363 0.092839 0.963578
v -0.288353 0.092839 0.950572
v -0.334649 0.092839 0.935280
v -0.421979 0.093251 0.892201
v -0.465249 0.093251 0.870419
v -0.507399 0.093251 0.846543
v -0.423975 0.093140 0.896421
v -0.467449 0.093140 0.874536
v -0.509799 0.093140 0.850547
v -0.424711 0.092839 0.897975
v -0.468260 0.092839 0.876053
v -0.510683 0.092839 0.852022
v -0.587931 0.093251 0.792733
v -0.626119 0.093251 0.762929
v -0.662802 0.093251 0.731288
v -0.590712 0.093140 0.796483
v -0.629081 0.093140 0.766537
v -0.665937 0.093140 0.734747
v -0.591736 0.092839 0.797864
v -0.630172 0.092839 0.767866
v -0.667091 0.092839 0.736022
v -0.731288 0.093251 0.662802
v -0.762929 0.093251 0.626119
v -0.792733 0.093251 0.587931
v -0.734747 0.093140 0.665937
v -0.766537 0.093140 0.629081
v -0.796483 0.093140 0.590712
v -0.736022 0.092839 0.667091
v -0.767867 0.092839 0.630172
v -0.797864 0.092839 0.591736
v -0.846543 0.093251 0.507399
v -0.870419 0.093251 0.465249
v -0.892201 0.093251 0.421979
v -0.850547 0.093140 0.509799
v -0.874536 0.093140 0.467449
v -0.896421 0.093140 0.423975
v -0.852022 0.092839 0.510683
v -0.876052 0.092839 0.468260
v -0.897975 0.092839 0.424710
v -0.929266 0.093251 0.332497
v -0.944459 0.093251 0.286499
v -0.957381 0.093251 0.239811
v -0.933661 0.093140 0.334069
v -0.948927 0.093140 0.287854
v -0.961910 0.093140 0.240946
v -0.935280 0.092839 0.334649
v -0.950572 0.092839 0.288353
v -0.963578 0.092839 0.241363
v -0.976277 0.093251 0.144817
v -0.982205 0.093251 0.096739
v -0.985771 0.093251 0.048428
v -0.980895 0.093140 0.145502
v -0.986851 0.093140 0.097196
v -0.990433 0.093140 0.048657
v -0.982596 0.092839 0.145755
v -0.988562 0.092839 0.097365
v -0.992151 0.092839 0.048741
v -0.985771 0.093251 -0.048428
v -0.982205 0.093251 -0.096739
v -0.976277 0.093251 -0.144817
v -0.990433 0.093140 -0.048657
v -0.986851 0.093140 -0.097196
v -0.980895 0.093140 -0.145502
v -0.992151 0.092839 -0.048741
v -0.988562 0.092839 -0.097365
v -0.982596 0.092839 -0.145755
v -0.957381 0.093251 -0.239811
v -0.944460 0.093251 -0.286499
v -0.929266 0.093251 -0.332497
v -0.961910 0.093140 -0.240946
v -0.948927 0.093140 -0.287854
v -0.933661 0.093140 -0.334069
v -0.963578 0.092839 -0.241363
v -0.950572 0.092839 -0.288353
v -0.935280 0.092839 -0.334649
v -0.892201 0.093251 -0.421979
v -0.870419 0.093251 -0.465249
v -0.846543 0.093251 -0.507399
v -0.896421 0.093140 -0.423975
v -0.874536 0.093140 -0.467449
v -0.850547 0.093140 -0.509799
v -0.897975 0.092839 -0.424711
v -0.876053 0.092839 -0.468260
v -0.852022 0.092839 -0.510683
v -0.792733 0.093251 -0.587931
v -0.762929 0.093251 -0.626119
v -0.731288 0.093251 -0.662802
v -0.796483 0.093140 -0.590712
v -0.766537 0.093140 -0.629081
v -0.734747 0.093140 -0.665937
v -0.797864 0.092839 -0.591736
v -0.767866 0.092839 -0.630172
v -0.736022 0.092839 -0.667091
v -0.662802 0.093251 -0.731288
v -0.626119 0.093251 -0.762929
v -0.587931 0.093251 -0.792733
v -0.665937 0.093140 -0.734747
v -0.629081 0.093140 -0.766537
v -0.590712 0.093140 -0.796483
v -0.667091 0.092839 -0.736022
v -0.630172 0.092839 -0.767867
v -0.591736 0.092839 -0.797864
v -0.507399 0.093251 -0.846543
v -0.465249 0.093251 -0.870419
v -0.421979 0.093251 -0.892201
v -0.509799 0.093140 -0.850547
v -0.467449 0.093140 -0.874536
v -0.423975 0.093140 -0.896421
v -0.510683 0.092839 -0.852022
v -0.468260 0.092839 -0.876052
v -0.424710 0.092839 -0.897975
v -0.332497 0.093251 -0.929266
v -0.286499 0.093251 -0.944459
v -0.239811 0.093251 -0.957381
v -0.334069 0.093140 -0.933661
v -0.287854 0.093140 -0.948927
v -0.240946 0.093140 -0.961910
v -0.334649 0.092839 -0.935280
v -0.288353 0.092839 -0.950572
v -0.241363 0.092839 -0.963578
v -0.144817 0.093251 -0.976277
v -0.096739 0.093251 -0.982205
v -0.048428 0.093251 -0.985771
v -0.145502 0.093140 -0.980895
v -0.097196 0.093140 -0.986851
v -0.048657 0.093140 -0.990433
v -0.145755 0.092839 -0.982596
v -0.097365 0.092839 -0.988562
v -0.048741 0.092839 -0.992151
v 0.045595 0.089270 -0.928103
v 0.091080 0.089270 -0.924746
v 0.136345 0.089270 -0.919164
v 0.046438 0.092083 -0.945280
v 0.092765 0.092083 -0.941861
v 0.138869 0.092083 -0.936177
v 0.047282 0.093119 -0.962458
v 0.094451 0.093119 -0.958977
v 0.141392 0.093119 -0.953189
v 0.225782 0.089270 -0.901374
v 0.269738 0.089270 -0.889208
v 0.313046 0.089270 -0.874903
v 0.229961 0.092083 -0.918057
v 0.274731 0.092083 -0.905666
v 0.318840 0.092083 -0.891096
v 0.234140 0.093119 -0.934740
v 0.279723 0.093119 -0.922124
v 0.324634 0.093119 -0.907289
v 0.397293 0.089270 -0.840007
v 0.438031 0.089270 -0.819499
v 0.477716 0.089270 -0.797020
v 0.404647 0.092083 -0.855554
v 0.446139 0.092083 -0.834667
v 0.486557 0.092083 -0.811772
v 0.412000 0.093119 -0.871101
v 0.454246 0.093119 -0.849834
v 0.495399 0.093119 -0.826523
v 0.553537 0.089270 -0.746358
v 0.589491 0.089270 -0.718297
v 0.624027 0.089270 -0.688508
v 0.563782 0.092083 -0.760172
v 0.600402 0.092083 -0.731591
v 0.635577 0.092083 -0.701251
v 0.574027 0.093119 -0.773986
v 0.611312 0.093119 -0.744886
v 0.647127 0.093119 -0.713994
v 0.688508 0.089270 -0.624027
v 0.718297 0.089270 -0.589491
v 0.746358 0.089270 -0.553537
v 0.701251 0.092083 -0.635577
v 0.731592 0.092083 -0.600402
v 0.760172 0.092083 -0.563782
v 0.713994 0.093119 -0.647127
v 0.744886 0.093119 -0.611312
v 0.773986 0.093119 -0.574027
v 0.797020 0.089270 -0.477716
v 0.819499 0.089270 -0.438031
v 0.840007 0.089270 -0.397293
v 0.811772 0.092083 -0.486557
v 0.834667 0.092083 -0.446139
v 0.855554 0.092083 -0.404647
v 0.826523 0.093119 -0.495399
v 0.849834 0.093119 -0.454246
v 0.871101 0.093119 -0.412000
v 0.874903 0.089270 -0.313046
v 0.889208 0.089270 -0.269738
v 0.901374 0.089270 -0.225782
v 0.891096 0.092083 -0.318840
v 0.905666 0.092083 -0.274731
v 0.918057 0.092083 -0.229961
v 0.907289 0.093119 -0.324634
v 0.922124 0.093119 -0.279723
v 0.934740 0.093119 -0.234140
v 0.919164 0.089270 -0.136345
v 0.924746 0.089270 -0.091080
v 0.928103 0.089270 -0.045595
v 0.936177 0.092083 -0.138869
v 0.941861 0.092083 -0.092765
v 0.945280 0.092083 -0.046438
v 0.953189 0.093119 -0.141392
v 0.958977 0.093119 -0.094451
v 0.962458 0.093119 -0.047282
v 0.928103 0.089270 0.045595
v 0.924746 0.089270 0.091080
v 0.919164 0.089270 0.136345
v 0.945280 0.092083 0.046438
v 0.941861 0.092083 0.092765
v 0.936177 0.092083 0.138869
v 0.962458 0.093119 0.047282
v 0.958977 0.093119 0.094451
v 0.953189 0.093119 0.141392
v 0.901374 0.089270 0.225782
v 0.889208 0.089270 0.269738
v 0.874903 0.089270 0.313046
v 0.918057 0.092083 0.229961
v 0.905666 0.092083 0.274731
v 0.891096 0.092083 0.318840
v 0.934740 0.093119 0.234140
v 0.922124 0.093119 0.279723
v 0.907289 0.093119 0.324634
v 0.840007 0.089270 0.397293
v 0.819499 0.089270 0.438031
v 0.797020 0.089270 0.477716
v 0.855554 0.092083 0.404647
v 0.834667 0.092083 0.446139
v 0.811772 0.092083 0.486557
v 0.871101 0.093119 0.412000
v 0.849834 0.093119 0.454246
v 0.826523 0.093119 0.495399
v 0.746358 0.089270 0.553537
v 0.718297 0.089270 0.589491
v 0.688508 0.089270 0.624027
v 0.760172 0.092083 0.563782
v 0.731591 0.092083 0.600402
v 0.701251 0.092083 0.635577
v 0.773986 0.093119 0.574027
v 0.744886 0.093119 0.611312
v 0.713994 0.093119 0.647127
v 0.624027 0.089270 0.688508
v 0.589491 0.089270 0.718297
v 0.553537 0.089270 0.746358
v 0.635577 0.092083 0.701251
v 0.600402 0.092083 0.731592
v 0.563782 0.092083 0.760172
v 0.647127 0.093119 0.713994
v 0.611312 0.093119 0.744886
v 0.574027 0.093119 0.773986
v 0.477716 0.089270 0.797020
v 0.438031 0.089270 0.819499
v 0.397293 0.089270 0.840007
v 0.486557 0.092083 0.811772
v 0.446139 0.092083 0.834667
v 0.404647 0.092083 0.855554
v 0.495399 0.093119 0.826523
v 0.454246 0.093119 0.849834
v 0.412000 0.093119 0.871101
v 0.313046 0.089270 0.874903
v 0.269738 0.089270 0.889208
v 0.225782 0.089270 0.901374
v 0.318840 0.092083 0.891096
v 0.274731 0.092083 0.905666
v 0.229961 0.092083 0.918057
v 0.324634 0.093119 0.907289
v 0.279723 0.093119 0.922124
v 0.234140 0.093119 0.934740
v 0.136345 0.089270 0.919164
v 0.091080 0.089270 0.924746
v 0.045595 0.089270 0.928103
v 0.138869 0.092083 0.936177
v 0.092765 0.092083 0.941861
v 0.046438 0.092083 0.945280
v 0.141392 0.093119 0.953189
v 0.094451 0.093119 0.958977
v 0.047282 0.093119 0.962458
v -0.045595 0.089270 0.928103
v -0.091080 0.089270 0.924746
v -0.136345 0.089270 0.919164
v -0.046438 0.092083 0.945280
v -0.092765 0.092083 0.941861
v -0.138869 0.092083 0.936177
v -0.047282 0.093119 0.962458
v -0.094451 0.093119 0.958977
v -0.141392 0.093119 0.953189
v -0.225782 0.089270 0.901374
v -0.269738 0.089270 0.889208
v -0.313046 0.089270 0.874903
v -0.229961 0.092083 0.918057
v -0.274731 0.092083 0.905666
v -0.318840 0.092083 0.891096
v -0.234140 0.093119 0.934740
v -0.279723 0.093119 0.922124
v -0.324634 0.093119 0.907289
v -0.397293 0.089270 0.840007
v -0.438031 0.089270 0.819499
v -0.477716 0.089270 0.797020
v -0.404647 0.092083 0.855554
v -0.446139 0.092083 0.834667
v -0.486557 0.092083 0.811772
v -0.412000 0.093119 0.871101
v -0.454246 0.093119 0.849834
v -0.495399 0.093119 0.826523
v -0.553537 0.089270 0.746358
v -0.589491 0.089270 0.718297
v -0.624027 0.089270 0.688508
v -0.563782 0.092083 0.760172
v -0.600402 0.092083 0.731591
v -0.635577 0.092083 0.701251
v -0.574027 0.093119 0.773986
v -0.611312 0.093119 0.744886
v -0.647127 0.093119 0.713994
v -0.688508 0.089270 0.624027
v -0.718297 0.089270 0.589491
v -0.746358 0.089270 0.553537
v -0.701251 0.092083 0.635577
v -0.731592 0.092083 0.600402
v -0.760172 0.092083 0.563782
v -0.713994 0.093119 0.647127
v -0.744886 0.093119 0.611312
v -0.773986 0.093119 0.574027
v -0.797020 0.089270 0.477716
v -0.819499 0.089270 0.438031
v -0.840007 0.089270 0.397293
v -0.811772 0.092083 0.486557
v -0.834667 0.092083 0.446139
v -0.855554 0.092083 0.404647
v -0.826523 0.093119 0.495399
v -0.849834 0.093119 0.454246
v -0.871101 0.093119 0.412000
v -0.874903 0.089270 0.313046
v -0.889208 0.089270 0.269738
v -0.901374 0.089270 0.225782
v -0.891096 0.092083 0.318840
v -0.905666 0.092083 0.274731
v -0.918057 0.092083 0.229961
v -0.907289 0.093119 0.324634
v -0.922124 0.093119 0.279723
v -0.934740 0.093119 0.234140
v -0.919164 0.089270 0.136345
v -0.924746 0.089270 0.091080
v -0.928103 0.089270 0.045595
v -0.936177 0.092083 0.138869
v -0.941861 0.092083 0.092765
v -0.945280 0.092083 0.046438
v -0.953189 0.093119 0.141392
v -0.958977 0.093119 0.094451
v -0.962458 0.093119 0.047282
v -0.928103 0.089270 -0.045595
v -0.924746 0.089270 -0.091080
v -0.919164 0.089270 -0.136345
v -0.945280 0.092083 -0.046438
v -0.941861 0.092083 -0.092765
v -0.936177 0.092083 -0.138869
v -0.962458 0.093119 -0.047282
v -0.958977 0.093119 -0.094451
v -0.953189 0.093119 -0.141392
v -0.901374 0.089270 -0.225782
v -0.889208 0.089270 -0.269738
v -0.874903 0.089270 -0.313046
v -0.918057 0.092083 -0.229961
v -0.905666 0.092083 -0.274731
v -0.891096 0.092083 -0.318840
v -0.934740 0.093119 -0.234140
v -0.922124 0.093119 -0.279723
v -0.907289 0.093119 -0.324634
v -0.840007 0.089270 -0.397293
v -0.819499 0.089270 -0.438031
v -0.797020 0.089270 -0.477716
v -0.855554 0.092083 -0.404647
v -0.834667 0.092083 -0.446139
v -0.811772 0.092083 -0.486557
v -0.871101 0.093119 -0.412000
v -0.849834 0.093119 -0.454246
v -0.826523 0.093119 -0.495399
v -0.746358 0.089270 -0.553537
v -0.718297 0.089270 -0.589491
v -0.688508 0.089270 -0.624027
v -0.760172 0.092083 -0.563782
v -0.731591 0.092083 -0.600402
v -0.701251 0.092083 -0.635577
v -0.773986 0.093119 -0.574027
v -0.744886 0.093119 -0.611312
v -0.713994 0.093119 -0.647127
v -0.624027 0.089270 -0.688508
v -0.589491 0.089270 -0.718297
v -0.553537 0.089270 -0.746358
v -0.635577 0.092083 -0.701251
v -0.600402 0.092083 -0.731592
v -0.563782 0.092083 -0.760172
v -0.647127 0.093119 -0.713994
v -0.611312 0.093119 -0.744886
v -0.574027 0.093119 -0.773986
v -0.477716 0.089270 -0.797020
v -0.438031 0.089270 -0.819499
v -0.397293 0.089270 -0.840007
v -0.486557 0.092083 -0.811772
v -0.446139 0.092083 -0.834667
v -0.404647 0.092083 -0.855554
v -0.495399 0.093119 -0.826523
v -0.454246 0.093119 -0.849834
v -0.412000 0.093119 -0.871101
v -0.313046 0.089270 -0.874903
v -0.269738 0.089270 -0.889208
v -0.225782 0.089270 -0.901374
v -0.318840 0.092083 -0.891096
v -0.274731 0.092083 -0.905666
v -0.229961 0.092083 -0.918057
v -0.324634 0.093119 -0.907289
v -0.279723 0.093119 -0.922124
v -0.234140 0.093119 -0.934740
v -0.136345 0.089270 -0.919164
v -0.091080 0.089270 -0.924746
v -0.045595 0.089270 -0.928103
v -0.138869 0.092083 -0.936177
v -0.092765 0.092083 -0.941861
v -0.046438 0.092083 -0.945280
v -0.141392 0.093119 -0.953189
v -0.094451 0.093119 -0.958977
v -0.047282 0.093119 -0.962458
v 0.000000 0.036427 -0.000000
v 0.107095 0.036427 -0.538404
v 0.043963 0.036427 -0.446362
v 0.000000 0.036427 -0.548952
v -0.043963 0.036427 -0.446362
v -0.107095 0.036427 -0.538404
v -0.130199 0.036427 -0.429208
v -0.210075 0.036427 -0.507166
v -0.211432 0.036427 -0.395561
v -0.304981 0.036427 -0.456437
v -0.284539 0.036427 -0.346712
v -0.388168 0.036427 -0.388168
v -0.346712 0.036427 -0.284539
v -0.456437 0.036427 -0.304981
v -0.395561 0.036427 -0.211432
v -0.507166 0.036427 -0.210075
v -0.429208 0.036427 -0.130199
v -0.538404 0.036427 -0.107095
v -0.446362 0.036427 -0.043963
v -0.548952 0.036427 -0.000000
v -0.446362 0.036427 0.043963
v -0.538404 0.036427 0.107095
v -0.429208 0.036427 0.130199
v -0.507166 0.036427 0.210075
v -0.395561 0.036427 0.211432
v -0.456437 0.036427 0.304981
v -0.346712 0.036427 0.284539
v -0.388168 0.036427 0.388168
v -0.284539 0.036427 0.346712
v -0.304981 0.036427 0.456437
v -0.211432 0.036427 0.395561
v -0.210075 0.036427 0.507166
v -0.130199 0.036427 0.429208
v -0.107095 0.036427 0.538404
v -0.043963 0.036427 0.446362
v 0.000000 0.036427 0.548952
v 0.043963 0.036427 0.446362
v 0.107095 0.036427 0.538404
v 0.130199 0.036427 0.429208
v 0.210075 0.036427 0.507166
v 0.211432 0.036427 0.395561
v 0.304981 0.036427 0.456437
v 0.284539 0.036427 0.346712
v 0.388168 0.036427 0.388168
v 0.346712 0.036427 0.284539
v 0.456437 0.036427 0.304981
v 0.395561 0.036427 0.211432
v 0.507166 0.036427 0.210075
v 0.429208 0.036427 0.130199
v 0.538404 0.036427 0.107095
v 0.446362 0.036427 0.043963
v 0.548952 0.036427 -0.000000
v 0.446362 0.036427 -0.043963
v 0.538404 0.036427 -0.107095
v 0.429208 0.036427 -0.130199
v 0.507166 0.036427 -0.210075
v 0.395561 0.036427 -0.211432
v 0.456437 0.036427 -0.304981
v 0.346712 0.036427 -0.284539
v 0.388168 0.036427 -0.388168
v 0.284539 0.036427 -0.346712
v 0.304981 0.036427 -0.456437
v 0.211432 0.036427 -0.395561
v 0.210075 0.036427 -0.507166
v 0.130199 0.036427 -0.429208
v 0.843460 0.040424 0.301851
v 0.856857 0.040424 0.259925
v 0.869010 0.040424 0.217621
v 0.820910 0.037612 0.294172
v 0.831186 0.037612 0.252137
v 0.845995 0.037612 0.211478
v 0.761408 0.036575 0.274519
v 0.762651 0.036575 0.231348
v 0.785602 0.036575 0.194761
v -0.894768 0.040424 0.043904
v -0.891102 0.040424 0.087766
v -0.886141 0.040424 0.131500
v -0.870996 0.037612 0.042369
v -0.864405 0.037612 0.085136
v -0.862526 0.037612 0.128368
v -0.808503 0.036575 0.037755
v -0.793130 0.036575 0.078117
v -0.800333 0.036575 0.120701
v 0.768365 0.040424 0.460602
v 0.789684 0.040424 0.422095
v 0.809857 0.040424 0.382975
v 0.747746 0.037612 0.448671
v 0.766025 0.037612 0.409449
v 0.788482 0.037612 0.372459
v 0.693221 0.036575 0.417788
v 0.702863 0.036575 0.375688
v 0.732511 0.036575 0.344282
v -0.886141 0.040424 -0.131500
v -0.891102 0.040424 -0.087766
v -0.894768 0.040424 -0.043904
v -0.862526 0.037612 -0.128368
v -0.864405 0.037612 -0.085136
v -0.870996 0.037612 -0.042369
v -0.800333 0.036575 -0.120701
v -0.793130 0.036575 -0.078117
v -0.808503 0.036575 -0.037755
v 0.663742 0.040424 0.601652
v 0.692164 0.040424 0.568044
v 0.719581 0.040424 0.533612
v 0.645847 0.037612 0.585928
v 0.671427 0.037612 0.551026
v 0.700668 0.037612 0.519128
v 0.598395 0.036575 0.545001
v 0.616065 0.036575 0.505591
v 0.651270 0.036575 0.480573
v -0.843460 0.040424 -0.301851
v -0.856857 0.040424 -0.259925
v -0.869010 0.040424 -0.217621
v -0.820910 0.037612 -0.294172
v -0.831186 0.037612 -0.252137
v -0.845995 0.037612 -0.211478
v -0.761408 0.036575 -0.274519
v -0.762651 0.036575 -0.231348
v -0.785602 0.036575 -0.194761
v 0.533612 0.040424 0.719581
v 0.568044 0.040424 0.692164
v 0.601652 0.040424 0.663742
v 0.519128 0.037612 0.700668
v 0.551026 0.037612 0.671427
v 0.585928 0.037612 0.645847
v 0.480573 0.036575 0.651270
v 0.505591 0.036575 0.616065
v 0.545001 0.036575 0.598395
v -0.768365 0.040424 -0.460602
v -0.789684 0.040424 -0.422095
v -0.809857 0.040424 -0.382975
v -0.747746 0.037612 -0.448671
v -0.766025 0.037612 -0.409449
v -0.788482 0.037612 -0.372459
v -0.693221 0.036575 -0.417788
v -0.702863 0.036575 -0.375688
v -0.732511 0.036575 -0.344282
v 0.382975 0.040424 0.809857
v 0.422095 0.040424 0.789684
v 0.460602 0.040424 0.768365
v 0.372459 0.037612 0.788482
v 0.409449 0.037612 0.766025
v 0.448671 0.037612 0.747746
v 0.344282 0.036575 0.732511
v 0.375688 0.036575 0.702863
v 0.417788 0.036575 0.693221
v 0.131500 0.040424 -0.886141
v 0.087766 0.040424 -0.891102
v 0.043904 0.040424 -0.894768
v 0.128368 0.037612 -0.862526
v 0.085136 0.037612 -0.864405
v 0.042369 0.037612 -0.870996
v 0.120701 0.036575 -0.800333
v 0.078117 0.036575 -0.793130
v 0.037755 0.036575 -0.808503
v -0.663742 0.040424 -0.601652
v -0.692164 0.040424 -0.568044
v -0.719581 0.040424 -0.533612
v -0.645847 0.037612 -0.585928
v -0.671427 0.037612 -0.551026
v -0.700668 0.037612 -0.519128
v -0.598395 0.036575 -0.545001
v -0.616065 0.036575 -0.505591
v -0.651270 0.036575 -0.480573
v 0.217621 0.040424 0.869010
v 0.259925 0.040424 0.856858
v 0.301851 0.040424 0.843460
v 0.211478 0.037612 0.845995
v 0.252138 0.037612 0.831186
v 0.294172 0.037612 0.820910
v 0.194761 0.036575 0.785602
v 0.231348 0.036575 0.762651
v 0.274519 0.036575 0.761408
v 0.301851 0.040424 -0.843460
v 0.259925 0.040424 -0.856857
v 0.217621 0.040424 -0.869010
v 0.294172 0.037612 -0.820910
v 0.252137 0.037612 -0.831186
v 0.211478 0.037612 -0.845995
v 0.274519 0.036575 -0.761408
v 0.231348 0.036575 -0.762651
v 0.194761 0.036575 -0.785602
v -0.533612 0.040424 -0.719581
v -0.568044 0.040424 -0.692164
v -0.601652 0.040424 -0.663742
v -0.519128 0.037612 -0.700668
v -0.551026 0.037612 -0.671427
v -0.585928 0.037612 -0.645847
v -0.480573 0.036575 -0.651270
v -0.505591 0.036575 -0.616065
v -0.545001 0.036575 -0.598395
v 0.043904 0.040424 0.894768
v 0.087766 0.040424 0.891102
v 0.131500 0.040424 0.886141
v 0.042369 0.037612 0.870996
v 0.085136 0.037612 0.864405
v 0.128368 0.037612 0.862526
v 0.037755 0.036575 0.808503
v 0.078117 0.036575 0.793130
v 0.120701 0.036575 0.800333
v 0.460602 0.040424 -0.768365
v 0.422095 0.040424 -0.789684
v 0.382975 0.040424 -0.809857
v 0.448671 0.037612 -0.747746
v 0.409449 0.037612 -0.766025
v 0.372459 0.037612 -0.788482
v 0.417788 0.036575 -0.693221
v 0.375688 0.036575 -0.702863
v 0.344282 0.036575 -0.732511
v -0.382975 0.040424 -0.809857
v -0.422095 0.040424 -0.789684
v -0.460602 0.040424 -0.768365
v -0.372459 0.037612 -0.788482
v -0.409449 0.037612 -0.766025
v -0.448671 0.037612 -0.747746
v -0.344282 0.036575 -0.732511
v -0.375688 0.036575 -0.702863
v -0.417788 0.036575 -0.693221
v -0.131500 0.040424 0.886141
v -0.087766 0.040424 0.891102
v -0.043904 0.040424 0.894768
v -0.128368 0.037612 0.862526
v -0.085136 0.037612 0.864405
v -0.042369 0.037612 0.870996
v -0.120701 0.036575 0.800333
v -0.078117 0.036575 0.793130
v -0.037755 0.036575 0.808503
v 0.601652 0.040424 -0.663742
v 0.568044 0.040424 -0.692164
v 0.533612 0.040424 -0.719581
v 0.585928 0.037612 -0.645847
v 0.551026 0.037612 -0.671427
v 0.519128 0.037612 -0.700668
v 0.545001 0.036575 -0.598395
v 0.505591 0.036575 -0.616065
v 0.480573 0.036575 -0.651270
v -0.217621 0.040424 -0.869010
v -0.259925 0.040424 -0.856858
v -0.301851 0.040424 -0.843460
v -0.211478 0.037612 -0.845995
v -0.252138 0.037612 -0.831186
v -0.294172 0.037612 -0.820910
v -0.194761 0.036575 -0.785602
v -0.231348 0.036575 -0.762651
v -0.274519 0.036575 -0.761408
v -0.301851 0.040424 0.843460
v -0.259925 0.040424 0.856857
v -0.217621 0.040424 0.869010
v -0.294172 0.037612 0.820910
v -0.252137 0.037612 0.831186
v -0.211478 0.037612 0.845995
v -0.274519 0.036575 0.761408
v -0.231348 0.036575 0.762651
v -0.194761 0.036575 0.785602
v 0.719581 0.040424 -0.533612
v 0.692164 0.040424 -0.568044
v 0.663742 0.040424 -0.601652
v 0.700668 0.037612 -0.519128
v 0.671427 0.037612 -0.551026
v 0.645847 0.037612 -0.585928
v 0.651270 0.036575 -0.480573
v 0.616065 0.036575 -0.505591
v 0.598395 0.036575 -0.545001
v -0.043904 0.040424 -0.894768
v -0.087766 0.040424 -0.891102
v -0.131500 0.040424 -0.886141
v -0.042369 0.037612 -0.870996
v -0.085136 0.037612 -0.864405
v -0.128368 0.037612 -0.862526
v -0.037755 0.036575 -0.808503
v -0.078117 0.036575 -0.793130
v -0.120701 0.036575 -0.800333
v -0.460602 0.040424 0.768365
v -0.422095 0.040424 0.789684
v -0.382975 0.040424 0.809857
v -0.448671 0.037612 0.747746
v -0.409449 0.037612 0.766025
v -0.372459 0.037612 0.788482
v -0.417788 0.036575 0.693221
v -0.375688 0.036575 0.702863
v -0.344282 0.036575 0.732511
v 0.809857 0.040424 -0.382975
v 0.789684 0.040424 -0.422095
v 0.768365 0.040424 -0.460602
v 0.788482 0.037612 -0.372459
v 0.766025 0.037612 -0.409449
v 0.747746 0.037612 -0.448671
v 0.732511 0.036575 -0.344282
v 0.702863 0.036575 -0.375688
v 0.693221 0.036575 -0.417788
v -0.601652 0.040424 0.663742
v -0.568044 0.040424 0.692164
v -0.533612 0.040424 0.719581
v -0.585928 0.037612 0.645847
v -0.551026 0.037612 0.671427
v -0.519128 0.037612 0.700668
v -0.545001 0.036575 0.598395
v -0.505591 0.036575 0.616065
v -0.480573 0.036575 0.651270
v 0.869010 0.040424 -0.217621
v 0.856858 0.040424 -0.259925
v 0.843460 0.040424 -0.301851
v 0.845995 0.037612 -0.211478
v 0.831186 0.037612 -0.252138
v 0.820910 0.037612 -0.294172
v 0.785602 0.036575 -0.194761
v 0.762651 0.036575 -0.231348
v 0.761408 0.036575 -0.274519
v -0.719581 0.040424 0.533612
v -0.692164 0.040424 0.568044
v -0.663742 0.040424 0.601652
v -0.700668 0.037612 0.519128
v -0.671427 0.037612 0.551026
v -0.645847 0.037612 0.585928
v -0.651270 0.036575 0.480573
v -0.616065 0.036575 0.505591
v -0.598395 0.036575 0.545001
v 0.894768 0.040424 -0.043904
v 0.891102 0.040424 -0.087766
v 0.886141 0.040424 -0.131500
v 0.870996 0.037612 -0.042369
v 0.864405 0.037612 -0.085136
v 0.862526 0.037612 -0.128368
v 0.808503 0.036575 -0.037755
v 0.793130 0.036575 -0.078117
v 0.800333 0.036575 -0.120701
v -0.809857 0.040424 0.382975
v -0.789684 0.040424 0.422095
v -0.768365 0.040424 0.460602
v -0.788482 0.037612 0.372460
v -0.766025 0.037612 0.409449
v -0.747746 0.037612 0.448671
v -0.732511 0.036575 0.344282
v -0.702863 0.036575 0.375688
v -0.693221 0.036575 0.417788
v 0.886141 0.040424 0.131500
v 0.891102 0.040424 0.087766
v 0.894768 0.040424 0.043904
v 0.862526 0.037612 0.128368
v 0.864405 0.037612 0.085136
v 0.870996 0.037612 0.042369
v 0.800333 0.036575 0.120701
v 0.793130 0.036575 0.078117
v 0.808503 0.036575 0.037755
v -0.145791 -0.035923 -0.982839
v -0.145791 -0.002919 -0.982839
v -0.145791 0.030275 -0.982839
v -0.097389 -0.035923 -0.988807
v -0.097389 -0.002919 -0.988807
v -0.097389 0.030275 -0.988807
v -0.048753 -0.035923 -0.992396
v -0.048753 -0.002919 -0.992396
v -0.048753 0.030275 -0.992396
v -0.334732 -0.035923 -0.935511
v -0.334732 -0.002919 -0.935511
v -0.334732 0.030275 -0.935512
v -0.288424 -0.035923 -0.950808
v -0.288424 -0.002919 -0.950808
v -0.288424 0.030275 -0.950808
v -0.241423 -0.035923 -0.963816
v -0.241423 -0.002919 -0.963816
v -0.241423 0.030275 -0.963816
v -0.510809 -0.035923 -0.852233
v -0.510809 -0.002919 -0.852233
v -0.510809 0.030275 -0.852233
v -0.468376 -0.035923 -0.876269
v -0.468376 -0.002919 -0.876269
v -0.468376 0.030275 -0.876269
v -0.424816 -0.035923 -0.898197
v -0.424816 -0.002919 -0.898198
v -0.424816 0.030275 -0.898197
v -0.667256 -0.035923 -0.736204
v -0.667256 -0.002919 -0.736204
v -0.667256 0.030275 -0.736204
v -0.630328 -0.035923 -0.768056
v -0.630328 -0.002919 -0.768056
v -0.630328 0.030275 -0.768056
v -0.591883 -0.035923 -0.798061
v -0.591882 -0.002919 -0.798061
v -0.591882 0.030275 -0.798061
v -0.798062 -0.035923 -0.591882
v -0.798062 -0.002919 -0.591883
v -0.798061 0.030275 -0.591883
v -0.768057 -0.035923 -0.630328
v -0.768056 -0.002919 -0.630328
v -0.768057 0.030275 -0.630328
v -0.736204 -0.035923 -0.667256
v -0.736204 -0.002919 -0.667256
v -0.736204 0.030275 -0.667256
v -0.898197 -0.035923 -0.424816
v -0.898197 -0.002919 -0.424816
v -0.898197 0.030275 -0.424816
v -0.876269 -0.035923 -0.468376
v -0.876269 -0.002919 -0.468376
v -0.876269 0.030275 -0.468376
v -0.852233 -0.035923 -0.510809
v -0.852233 -0.002919 -0.510809
v -0.852233 0.030275 -0.510809
v -0.963816 -0.035923 -0.241423
v -0.963816 -0.002919 -0.241423
v -0.963816 0.030275 -0.241423
v -0.950808 -0.035923 -0.288424
v -0.950808 -0.002919 -0.288424
v -0.950808 0.030275 -0.288424
v -0.935511 -0.035923 -0.334732
v -0.935511 -0.002919 -0.334732
v -0.935511 0.030275 -0.334732
v -0.992396 -0.035923 -0.048753
v -0.992396 -0.002919 -0.048753
v -0.992396 0.030275 -0.048753
v -0.988807 -0.035923 -0.097389
v -0.988807 -0.002919 -0.097389
v -0.988807 0.030275 -0.097389
v -0.982839 -0.035923 -0.145791
v -0.982839 -0.002919 -0.145791
v -0.982839 0.030275 -0.145791
v -0.982839 -0.035923 0.145791
v -0.982839 -0.002919 0.145791
v -0.982839 0.030275 0.145791
v -0.988807 -0.035923 0.097389
v -0.988807 -0.002919 0.097389
v -0.988807 0.030275 0.097389
v -0.992396 -0.035923 0.048753
v -0.992396 -0.002919 0.048753
v -0.992396 0.030275 0.048753
v -0.935511 -0.035923 0.334732
v -0.935511 -0.002919 0.334732
v -0.935512 0.030275 0.334732
v -0.950808 -0.035923 0.288424
v -0.950808 -0.002919 0.288424
v -0.950808 0.030275 0.288424
v -0.963816 -0.035923 0.241423
v -0.963816 -0.002919 0.241423
v -0.963816 0.030275 0.241423
v -0.852233 -0.035923 0.510809
v -0.852233 -0.002919 0.510809
v -0.852233 0.030275 0.510809
v -0.876269 -0.035923 0.468376
v -0.876269 -0.002919 0.468376
v -0.876269 0.030275 0.468376
v -0.898197 -0.035923 0.424816
v -0.898198 -0.002919 0.424816
v -0.898197 0.030275 0.424816
v -0.736204 -0.035923 0.667256
v -0.736204 -0.002919 0.667256
v -0.736204 0.030275 0.667256
v -0.768056 -0.035923 0.630328
v -0.768056 -0.002919 0.630328
v -0.768056 0.030275 0.630328
v -0.798061 -0.035923 0.591883
v -0.798061 -0.002919 0.591882
v -0.798061 0.030275 0.591882
v -0.591882 -0.035923 0.798062
v -0.591883 -0.002919 0.798062
v -0.591883 0.030275 0.798061
v -0.630328 -0.035923 0.768057
v -0.630328 -0.002919 0.768056
v -0.630328 0.030275 0.768057
v -0.667256 -0.035923 0.736204
v -0.667256 -0.002919 0.736204
v -0.667256 0.030275 0.736204
v -0.424816 -0.035923 0.898197
v -0.424816 -0.002919 0.898197
v -0.424816 0.030275 0.898197
v -0.468376 -0.035923 0.876269
v -0.468376 -0.002919 0.876269
v -0.468376 0.030275 0.876269
v -0.510809 -0.035923 0.852233
v -0.510809 -0.002919 0.852233
v -0.510809 0.030275 0.852233
v -0.241423 -0.035923 0.963816
v -0.241423 -0.002919 0.963816
v -0.241423 0.030275 0.963816
v -0.288424 -0.035923 0.950808
v -0.288424 -0.002919 0.950808
v -0.288424 0.030275 0.950808
v -0.334732 -0.035923 0.935511
v -0.334732 -0.002919 0.935511
v -0.334732 0.030275 0.935511
v -0.048753 -0.035923 0.992396
v -0.048753 -0.002919 0.992396
v -0.048753 0.030275 0.992396
v -0.097389 -0.035923 0.988807
v -0.097389 -0.002919 0.988807
v -0.097389 0.030275 0.988807
v -0.145791 -0.035923 0.982839
v -0.145791 -0.002919 0.982839
v -0.145791 0.030275 0.982839
v 0.145791 -0.035923 0.982839
v 0.145791 -0.002919 0.982839
v 0.145791 0.030275 0.982839
v 0.097389 -0.035923 0.988807
v 0.097389 -0.002919 0.988807
v 0.097389 0.030275 0.988807
v 0.048753 -0.035923 0.992396
v 0.048753 -0.002919 0.992396
v 0.048753 0.030275 0.992396
v 0.334732 -0.035923 0.935511
v 0.334732 -0.002919 0.935511
v 0.334732 0.030275 0.935512
v 0.288424 -0.035923 0.950808
v 0.288424 -0.002919 0.950808
v 0.288424 0.030275 0.950808
v 0.241423 -0.035923 0.963816
v 0.241423 -0.002919 0.963816
v 0.241423 0.030275 0.963816
v 0.510809 -0.035923 0.852233
v 0.510809 -0.002919 0.852233
v 0.510809 0.030275 0.852233
v 0.468376 -0.035923 0.876269
v 0.468376 -0.002919 0.876269
v 0.468376 0.030275 0.876269
v 0.424816 -0.035923 0.898197
v 0.424816 -0.002919 0.898198
v 0.424816 0.030275 0.898197
v 0.667256 -0.035923 0.736204
v 0.667256 -0.002919 0.736204
v 0.667256 0.030275 0.736204
v 0.630328 -0.035923 0.768056
v 0.630328 -0.002919 0.768056
v 0.630328 0.030275 0.768056
v 0.591883 -0.035923 0.798061
v 0.591882 -0.002919 0.798061
v 0.591882 0.030275 0.798061
v 0.798062 -0.035923 0.591882
v 0.798062 -0.002919 0.591883
v 0.798061 0.030275 0.591883
v 0.768057 -0.035923 0.630328
v 0.768056 -0.002919 0.630328
v 0.768057 0.030275 0.630328
v 0.736204 -0.035923 0.667256
v 0.736204 -0.002919 0.667256
v 0.736204 0.030275 0.667256
v 0.898197 -0.035923 0.424816
v 0.898197 -0.002919 0.424816
v 0.898197 0.030275 0.424816
v 0.876269 -0.035923 0.468376
v 0.876269 -0.002919 0.468376
v 0.876269 0.030275 0.468376
v 0.852233 -0.035923 0.510809
v 0.852233 -0.002919 0.510809
v 0.852233 0.030275 0.510809
v 0.963816 -0.035923 0.241423
v 0.963816 -0.002919 0.241423
v 0.963816 0.030275 0.241423
v 0.950808 -0.035923 0.288424
v 0.950808 -0.002919 0.288424
v 0.950808 0.030275 0.288424
v 0.935511 -0.035923 0.334732
v 0.935511 -0.002919 0.334732
v 0.935511 0.030275 0.334732
v 0.992396 -0.035923 0.048753
v 0.992396 -0.002919 0.048753
v 0.992396 0.030275 0.048753
v 0.988807 -0.035923 0.097389
v 0.988807 -0.002919 0.097389
v 0.988807 0.030275 0.097389
v 0.982839 -0.035923 0.145791
v 0.982839 -0.002919 0.145791
v 0.982839 0.030275 0.145791
v 0.982839 -0.035923 -0.145791
v 0.982839 -0.002919 -0.145791
v 0.982839 0.030275 -0.145791
v 0.988807 -0.035923 -0.097389
v 0.988807 -0.002919 -0.097389
v 0.988807 0.030275 -0.097389
v 0.992396 -0.035923 -0.048753
v 0.992396 -0.002919 -0.048753
v 0.992396 0.030275 -0.048753
v 0.935511 -0.035923 -0.334732
v 0.935511 -0.002919 -0.334732
v 0.935512 0.030275 -0.334732
v 0.950808 -0.035923 -0.288424
v 0.950808 -0.002919 -0.288424
v 0.950808 0.030275 -0.288424
v 0.963816 -0.035923 -0.241423
v 0.963816 -0.002919 -0.241423
v 0.963816 0.030275 -0.241423
v 0.852233 -0.035923 -0.510809
v 0.852233 -0.002919 -0.510809
v 0.852233 0.030275 -0.510809
v 0.876269 -0.035923 -0.468376
v 0.876269 -0.002919 -0.468376
v 0.876269 0.030275 -0.468376
v 0.898197 -0.035923 -0.424816
v 0.898198 -0.002919 -0.424816
v 0.898197 0.030275 -0.424816
v 0.736204 -0.035923 -0.667256
v 0.736204 -0.002919 -0.667256
v 0.736204 0.030275 -0.667256
v 0.768056 -0.035923 -0.630328
v 0.768056 -0.002919 -0.630328
v 0.768056 0.030275 -0.630328
v 0.798061 -0.035923 -0.591883
v 0.798061 -0.002919 -0.591882
v 0.798061 0.030275 -0.591882
v 0.591882 -0.035923 -0.798062
v 0.591883 -0.002919 -0.798062
v 0.591883 0.030275 -0.798061
v 0.630328 -0.035923 -0.768057
v 0.630328 -0.002919 -0.768056
v 0.630328 0.030275 -0.768057
v 0.667256 -0.035923 -0.736204
v 0.667256 -0.002919 -0.736204
v 0.667256 0.030275 -0.736204
v 0.424816 -0.035923 -0.898197
v 0.424816 -0.002919 -0.898197
v 0.424816 0.030275 -0.898197
v 0.468376 -0.035923 -0.876269
v 0.468376 -0.002919 -0.876269
v 0.468376 0.030275 -0.876269
v 0.510809 -0.035923 -0.852233
v 0.510809 -0.002919 -0.852233
v 0.510809 0.030275 -0.852233
v 0.241423 -0.035923 -0.963816
v 0.241423 -0.002919 -0.963816
v 0.241423 0.030275 -0.963816
v 0.288424 -0.035923 -0.950808
v 0.288424 -0.002919 -0.950808
v 0.288424 0.030275 -0.950808
v 0.334732 -0.035923 -0.935511
v 0.334732 -0.002919 -0.935511
v 0.334732 0.030275 -0.935511
v 0.048753 -0.035923 -0.992396
v 0.048753 -0.002919 -0.992396
v 0.048753 0.030275 -0.992396
v 0.097389 -0.035923 -0.988807
v 0.097389 -0.002919 -0.988807
v 0.097389 0.030275 -0.988807
v 0.145791 -0.035923 -0.982839
v 0.145791 -0.002919 -0.982839
v 0.145791 0.030275 -0.982839
v 0.041716 -0.092797 -0.893328
v 0.046814 -0.089508 -0.962378
v 0.048511 -0.080580 -0.988644
v 0.086312 -0.092797 -0.876342
v 0.094069 -0.089508 -0.955094
v 0.096974 -0.080580 -0.984593
v 0.133365 -0.092797 -0.884301
v 0.141836 -0.089508 -0.953019
v 0.145296 -0.080580 -0.979111
v 0.215194 -0.092797 -0.868024
v 0.233665 -0.089508 -0.934753
v 0.240453 -0.080580 -0.960183
v 0.255620 -0.092797 -0.842665
v 0.278591 -0.089508 -0.918391
v 0.287195 -0.080580 -0.946755
v 0.303321 -0.092797 -0.841291
v 0.325036 -0.089508 -0.907036
v 0.333520 -0.080580 -0.931952
v 0.380403 -0.092797 -0.809363
v 0.411536 -0.089508 -0.871206
v 0.423156 -0.080580 -0.894824
v 0.415104 -0.092797 -0.776605
v 0.452407 -0.089508 -0.846394
v 0.466380 -0.080580 -0.872535
v 0.461620 -0.092797 -0.765951
v 0.495744 -0.089508 -0.826196
v 0.508926 -0.080580 -0.848978
v 0.530992 -0.092797 -0.719598
v 0.573593 -0.089508 -0.774180
v 0.589596 -0.080580 -0.795076
v 0.558636 -0.092797 -0.680700
v 0.608837 -0.089508 -0.741870
v 0.627641 -0.080580 -0.764783
v 0.602180 -0.092797 -0.661176
v 0.647401 -0.089508 -0.713606
v 0.664775 -0.080580 -0.733379
v 0.661176 -0.092797 -0.602180
v 0.713606 -0.089508 -0.647401
v 0.733379 -0.080580 -0.664774
v 0.680700 -0.092797 -0.558636
v 0.741870 -0.089508 -0.608837
v 0.764783 -0.080580 -0.627641
v 0.719598 -0.092797 -0.530992
v 0.774179 -0.089508 -0.573593
v 0.795076 -0.080580 -0.589596
v 0.765951 -0.092797 -0.461620
v 0.826196 -0.089508 -0.495744
v 0.848978 -0.080580 -0.508926
v 0.776604 -0.092797 -0.415104
v 0.846394 -0.089508 -0.452407
v 0.872535 -0.080580 -0.466380
v 0.809363 -0.092797 -0.380403
v 0.871206 -0.089508 -0.411536
v 0.894824 -0.080580 -0.423156
v 0.841291 -0.092797 -0.303321
v 0.907036 -0.089508 -0.325036
v 0.931952 -0.080580 -0.333520
v 0.842665 -0.092797 -0.255620
v 0.918391 -0.089508 -0.278591
v 0.946755 -0.080580 -0.287195
v 0.868024 -0.092797 -0.215194
v 0.934753 -0.089508 -0.233665
v 0.960183 -0.080580 -0.240453
v 0.884301 -0.092797 -0.133365
v 0.953019 -0.089508 -0.141836
v 0.979111 -0.080580 -0.145296
v 0.876342 -0.092797 -0.086312
v 0.955094 -0.089508 -0.094069
v 0.984593 -0.080580 -0.096974
v 0.893328 -0.092797 -0.041716
v 0.962378 -0.089508 -0.046814
v 0.988644 -0.080580 -0.048511
v 0.893328 -0.092797 0.041716
v 0.962378 -0.089508 0.046814
v 0.988644 -0.080580 0.048511
v 0.876342 -0.092797 0.086312
v 0.955094 -0.089508 0.094069
v 0.984593 -0.080580 0.096974
v 0.884301 -0.092797 0.133365
v 0.953019 -0.089508 0.141836
v 0.979111 -0.080580 0.145296
v 0.868024 -0.092797 0.215194
v 0.934753 -0.089508 0.233665
v 0.960183 -0.080580 0.240453
v 0.842665 -0.092797 0.255620
v 0.918391 -0.089508 0.278591
v 0.946755 -0.080580 0.287195
v 0.841291 -0.092797 0.303321
v 0.907036 -0.089508 0.325036
v 0.931952 -0.080580 0.333520
v 0.809363 -0.092797 0.380403
v 0.871206 -0.089508 0.411536
v 0.894824 -0.080580 0.423156
v 0.776605 -0.092797 0.415104
v 0.846394 -0.089508 0.452407
v 0.872535 -0.080580 0.466380
v 0.765951 -0.092797 0.461620
v 0.826196 -0.089508 0.495744
v 0.848978 -0.080580 0.508926
v 0.719598 -0.092797 0.530992
v 0.774180 -0.089508 0.573593
v 0.795076 -0.080580 0.589596
v 0.680700 -0.092797 0.558636
v 0.741870 -0.089508 0.608837
v 0.764783 -0.080580 0.627641
v 0.661176 -0.092797 0.602180
v 0.713606 -0.089508 0.647401
v 0.733379 -0.080580 0.664775
v 0.602180 -0.092797 0.661176
v 0.647401 -0.089508 0.713606
v 0.664774 -0.080580 0.733379
v 0.558636 -0.092797 0.680700
v 0.608837 -0.089508 0.741870
v 0.627641 -0.080580 0.764783
v 0.530992 -0.092797 0.719598
v 0.573593 -0.089508 0.774179
v 0.589596 -0.080580 0.795076
v 0.461620 -0.092797 0.765951
v 0.495744 -0.089508 0.826196
v 0.508926 -0.080580 0.848978
v 0.415104 -0.092797 0.776604
v 0.452407 -0.089508 0.846394
v 0.466380 -0.080580 0.872535
v 0.380403 -0.092797 0.809363
v 0.411536 -0.089508 0.871206
v 0.423156 -0.080580 0.894824
v 0.303321 -0.092797 0.841291
v 0.325036 -0.089508 0.907036
v 0.333520 -0.080580 0.931952
v 0.255620 -0.092797 0.842665
v 0.278591 -0.089508 0.918391
v 0.287195 -0.080580 0.946755
v 0.215194 -0.092797 0.868024
v 0.233665 -0.089508 0.934753
v 0.240453 -0.080580 0.960183
v 0.133365 -0.092797 0.884301
v 0.141836 -0.089508 0.953019
v 0.145296 -0.080580 0.979111
v 0.086312 -0.092797 0.876342
v 0.094069 -0.089508 0.955094
v 0.096974 -0.080580 0.984593
v 0.041716 -0.092797 0.893328
v 0.046814 -0.089508 0.962378
v 0.048511 -0.080580 0.988644
v -0.041716 -0.092797 0.893328
v -0.046814 -0.089508 0.962378
v -0.048511 -0.080580 0.988644
v -0.086312 -0.092797 0.876342
v -0.094069 -0.089508 0.955094
v -0.096974 -0.080580 0.984593
v -0.133365 -0.092797 0.884301
v -0.141836 -0.089508 0.953019
v -0.145296 -0.080580 0.979111
v -0.215194 -0.092797 0.868024
v -0.233665 -0.089508 0.934753
v -0.240453 -0.080580 0.960183
v -0.255620 -0.092797 0.842665
v -0.278591 -0.089508 0.918391
v -0.287195 -0.080580 0.946755
v -0.303321 -0.092797 0.841291
v -0.325036 -0.089508 0.907036
v -0.333520 -0.080580 0.931952
v -0.380403 -0.092797 0.809363
v -0.411536 -0.089508 0.871206
v -0.423156 -0.080580 0.894824
v -0.415104 -0.092797 0.776605
v -0.452407 -0.089508 0.846394
v -0.466380 -0.080580 0.872535
v -0.461620 -0.092797 0.765951
v -0.495744 -0.089508 0.826196
v -0.508926 -0.080580 0.848978
v -0.530992 -0.092797 0.719598
v -0.573593 -0.089508 0.774180
v -0.589596 -0.080580 0.795076
v -0.558636 -0.092797 0.680700
v -0.608837 -0.089508 0.741870
v -0.627641 -0.080580 0.764783
v -0.602180 -0.092797 0.661176
v -0.647401 -0.089508 0.713606
v -0.664775 -0.080580 0.733379
v -0.661176 -0.092797 0.602180
v -0.713606 -0.089508 0.647401
v -0.733379 -0.080580 0.664774
v -0.680700 -0.092797 0.558636
v -0.741870 -0.089508 0.608837
v -0.764783 -0.080580 0.627641
v -0.719598 -0.092797 0.530992
v -0.774179 -0.089508 0.573593
v -0.795076 -0.080580 0.589596
v -0.765951 -0.092797 0.461620
v -0.826196 -0.089508 0.495744
v -0.848978 -0.080580 0.508926
v -0.776604 -0.092797 0.415104
v -0.846394 -0.089508 0.452407
v -0.872535 -0.080580 0.466380
v -0.809363 -0.092797 0.380403
v -0.871206 -0.089508 0.411536
v -0.894824 -0.080580 0.423156
v -0.841291 -0.092797 0.303321
v -0.907036 -0.089508 0.325036
v -0.931952 -0.080580 0.333520
v -0.842665 -0.092797 0.255620
v -0.918391 -0.089508 0.278591
v -0.946755 -0.080580 0.287195
v -0.868024 -0.092797 0.215194
v -0.934753 -0.089508 0.233665
v -0.960183 -0.080580 0.240453
v -0.884301 -0.092797 0.133365
v -0.953019 -0.089508 0.141836
v -0.979111 -0.080580 0.145296
v -0.876342 -0.092797 0.086312
v -0.955094 -0.089508 0.094069
v -0.984593 -0.080580 0.096974
v -0.893328 -0.092797 0.041716
v -0.962378 -0.089508 0.046814
v -0.988644 -0.080580 0.048511
v -0.893328 -0.092797 -0.041716
v -0.962378 -0.089508 -0.046814
v -0.988644 -0.080580 -0.048511
v -0.876342 -0.092797 -0.086312
v -0.955094 -0.089508 -0.094069
v -0.984593 -0.080580 -0.096974
v -0.884301 -0.092797 -0.133365
v -0.953019 -0.089508 -0.141836
v -0.979111 -0.080580 -0.145296
v -0.868024 -0.092797 -0.215194
v -0.934753 -0.089508 -0.233665
v -0.960183 -0.080580 -0.240453
v -0.842665 -0.092797 -0.255620
v -0.918391 -0.089508 -0.278591
v -0.946755 -0.080580 -0.287195
v -0.841291 -0.092797 -0.303321
v -0.907036 -0.089508 -0.325036
v -0.931952 -0.080580 -0.333520
v -0.809363 -0.092797 -0.380403
v -0.871206 -0.089508 -0.411536
v -0.894824 -0.080580 -0.423156
v -0.776605 -0.092797 -0.415104
v -0.846394 -0.089508 -0.452407
v -0.872535 -0.080580 -0.466380
v -0.765951 -0.092797 -0.461620
v -0.826196 -0.089508 -0.495744
v -0.848978 -0.080580 -0.508926
v -0.719598 -0.092797 -0.530992
v -0.774180 -0.089508 -0.573593
v -0.795076 -0.080580 -0.589596
v -0.680700 -0.092797 -0.558636
v -0.741870 -0.089508 -0.608837
v -0.764783 -0.080580 -0.627641
v -0.661176 -0.092797 -0.602180
v -0.713606 -0.089508 -0.647401
v -0.733379 -0.080580 -0.664775
v -0.602180 -0.092797 -0.661176
v -0.647401 -0.089508 -0.713606
v -0.664774 -0.080580 -0.733379
v -0.558636 -0.092797 -0.680700
v -0.608837 -0.089508 -0.741870
v -0.627641 -0.080580 -0.764783
v -0.530992 -0.092797 -0.719598
v -0.573593 -0.089508 -0.774179
v -0.589596 -0.080580 -0.795076
v -0.461620 -0.092797 -0.765951
v -0.495744 -0.089508 -0.826196
v -0.508926 -0.080580 -0.848978
v -0.415104 -0.092797 -0.776604
v -0.452407 -0.089508 -0.846394
v -0.466380 -0.080580 -0.872535
v -0.380403 -0.092797 -0.809363
v -0.411536 -0.089508 -0.871206
v -0.423156 -0.080580 -0.894824
v -0.303321 -0.092797 -0.841291
v -0.325036 -0.089508 -0.907036
v -0.333520 -0.080580 -0.931952
v -0.255620 -0.092797 -0.842665
v -0.278591 -0.089508 -0.918391
v -0.287195 -0.080580 -0.946755
v -0.215194 -0.092797 -0.868024
v -0.233665 -0.089508 -0.934753
v -0.240453 -0.080580 -0.960183
v -0.133365 -0.092797 -0.884301
v -0.141836 -0.089508 -0.953019
v -0.145296 -0.080580 -0.979111
v -0.086312 -0.092797 -0.876342
v -0.094069 -0.089508 -0.955094
v -0.096974 -0.080580 -0.984593
v -0.041716 -0.092797 -0.893328
v -0.046814 -0.089508 -0.962378
v -0.048511 -0.080580 -0.988644
v 0.896076 0.075209 0.132921
v 0.901518 0.075209 0.088792
v 0.904790 0.075209 0.044449
v 0.891459 0.064847 0.132236
v 0.896872 0.064847 0.088334
v 0.900127 0.064847 0.044220
v 0.889758 0.054486 0.131983
v 0.895160 0.054486 0.088166
v 0.898410 0.054486 0.044136
v -0.818907 0.075209 0.387314
v -0.798915 0.075209 0.427029
v -0.777000 0.075209 0.465716
v -0.814687 0.064847 0.385318
v -0.794798 0.064847 0.424828
v -0.772996 0.064847 0.463316
v -0.813132 0.054486 0.384583
v -0.793281 0.054486 0.424018
v -0.771521 0.054486 0.462432
v 0.904790 0.075209 -0.044449
v 0.901518 0.075209 -0.088792
v 0.896076 0.075209 -0.132921
v 0.900128 0.064847 -0.044220
v 0.896872 0.064847 -0.088334
v 0.891459 0.064847 -0.132236
v 0.898410 0.054486 -0.044136
v 0.895160 0.054486 -0.088166
v 0.889758 0.054486 -0.131983
v -0.727611 0.075209 0.539633
v -0.700255 0.075209 0.574684
v -0.671214 0.075209 0.608353
v -0.723861 0.064847 0.536852
v -0.696646 0.064847 0.571723
v -0.667755 0.064847 0.605218
v -0.722480 0.054486 0.535827
v -0.695317 0.054486 0.570632
v -0.666480 0.054486 0.604063
v 0.878733 0.075209 -0.220111
v 0.866873 0.075209 -0.262963
v 0.852927 0.075209 -0.305182
v 0.874205 0.064847 -0.218977
v 0.862406 0.064847 -0.261608
v 0.848532 0.064847 -0.303610
v 0.872537 0.054486 -0.218559
v 0.860760 0.054486 -0.261109
v 0.846912 0.054486 -0.303030
v -0.608353 0.075209 0.671214
v -0.574684 0.075209 0.700254
v -0.539633 0.075209 0.727611
v -0.605218 0.064847 0.667755
v -0.571723 0.064847 0.696646
v -0.536852 0.064847 0.723861
v -0.604063 0.054486 0.666480
v -0.570632 0.054486 0.695317
v -0.535827 0.054486 0.722480
v 0.818907 0.075209 -0.387314
v 0.798915 0.075209 -0.427029
v 0.777000 0.075209 -0.465716
v 0.814687 0.064847 -0.385318
v 0.794798 0.064847 -0.424828
v 0.772996 0.064847 -0.463316
v 0.813132 0.054486 -0.384583
v 0.793281 0.054486 -0.424018
v 0.771521 0.054486 -0.462432
v -0.465716 0.075209 0.777000
v -0.427029 0.075209 0.798915
v -0.387314 0.075209 0.818907
v -0.463316 0.064847 0.772996
v -0.424828 0.064847 0.794798
v -0.385318 0.064847 0.814687
v -0.462432 0.054486 0.771521
v -0.424018 0.054486 0.793281
v -0.384583 0.054486 0.813132
v -0.044449 0.075209 -0.904790
v -0.088792 0.075209 -0.901518
v -0.132921 0.075209 -0.896076
v -0.044220 0.064847 -0.900128
v -0.088334 0.064847 -0.896872
v -0.132236 0.064847 -0.891459
v -0.044136 0.054486 -0.898410
v -0.088166 0.054486 -0.895160
v -0.131983 0.054486 -0.889758
v 0.727611 0.075209 -0.539633
v 0.700255 0.075209 -0.574684
v 0.671214 0.075209 -0.608353
v 0.723861 0.064847 -0.536852
v 0.696646 0.064847 -0.571723
v 0.667755 0.064847 -0.605218
v 0.722480 0.054486 -0.535827
v 0.695317 0.054486 -0.570632
v 0.666480 0.054486 -0.604063
v -0.305182 0.075209 0.852927
v -0.262963 0.075209 0.866873
v -0.220111 0.075209 0.878733
v -0.303610 0.064847 0.848532
v -0.261608 0.064847 0.862406
v -0.218977 0.064847 0.874205
v -0.303030 0.054486 0.846912
v -0.261109 0.054486 0.860760
v -0.218559 0.054486 0.872537
v -0.220111 0.075209 -0.878733
v -0.262963 0.075209 -0.866873
v -0.305182 0.075209 -0.852927
v -0.218977 0.064847 -0.874205
v -0.261608 0.064847 -0.862406
v -0.303610 0.064847 -0.848532
v -0.218559 0.054486 -0.872537
v -0.261109 0.054486 -0.860760
v -0.303030 0.054486 -0.846912
v 0.608353 0.075209 -0.671214
v 0.574684 0.075209 -0.700254
v 0.539633 0.075209 -0.727611
v 0.605218 0.064847 -0.667755
v 0.571723 0.064847 -0.696646
v 0.536852 0.064847 -0.723861
v 0.604063 0.054486 -0.666480
v 0.570632 0.054486 -0.695317
v 0.535827 0.054486 -0.722480
v -0.132921 0.075209 0.896076
v -0.088792 0.075209 0.901518
v -0.044449 0.075209 0.904790
v -0.132236 0.064847 0.891459
v -0.088334 0.064847 0.896872
v -0.044220 0.064847 0.900127
v -0.131983 0.054486 0.889758
v -0.088166 0.054486 0.895160
v -0.044136 0.054486 0.898410
v -0.387314 0.075209 -0.818907
v -0.427029 0.075209 -0.798915
v -0.465716 0.075209 -0.777000
v -0.385318 0.064847 -0.814687
v -0.424828 0.064847 -0.794798
v -0.463316 0.064847 -0.772996
v -0.384583 0.054486 -0.813132
v -0.424018 0.054486 -0.793281
v -0.462432 0.054486 -0.771521
v 0.465716 0.075209 -0.777000
v 0.427029 0.075209 -0.798915
v 0.387314 0.075209 -0.818907
v 0.463316 0.064847 -0.772996
v 0.424828 0.064847 -0.794798
v 0.385318 0.064847 -0.814687
v 0.462432 0.054486 -0.771521
v 0.424018 0.054486 -0.793281
v 0.384583 0.054486 -0.813132
v 0.044449 0.075209 0.904790
v 0.088792 0.075209 0.901518
v 0.132921 0.075209 0.896076
v 0.044220 0.064847 0.900128
v 0.088334 0.064847 0.896872
v 0.132236 0.064847 0.891459
v 0.044136 0.054486 0.898410
v 0.088166 0.054486 0.895160
v 0.131983 0.054486 0.889758
v -0.539633 0.075209 -0.727611
v -0.574684 0.075209 -0.700255
v -0.608353 0.075209 -0.671214
v -0.536852 0.064847 -0.723861
v -0.571723 0.064847 -0.696646
v -0.605218 0.064847 -0.667755
v -0.535827 0.054486 -0.722480
v -0.570632 0.054486 -0.695317
v -0.604063 0.054486 -0.666480
v 0.305182 0.075209 -0.852927
v 0.262963 0.075209 -0.866873
v 0.220111 0.075209 -0.878733
v 0.303610 0.064847 -0.848532
v 0.261608 0.064847 -0.862406
v 0.218977 0.064847 -0.874205
v 0.303030 0.054486 -0.846912
v 0.261109 0.054486 -0.860760
v 0.218559 0.054486 -0.872537
v 0.220111 0.075209 0.878733
v 0.262963 0.075209 0.866873
v 0.305182 0.075209 0.852927
v 0.218977 0.064847 0.874205
v 0.261608 0.064847 0.862406
v 0.303610 0.064847 0.848532
v 0.218559 0.054486 0.872537
v 0.261109 0.054486 0.860760
v 0.303030 0.054486 0.846912
v -0.671214 0.075209 -0.608353
v -0.700254 0.075209 -0.574684
v -0.727611 0.075209 -0.539633
v -0.667755 0.064847 -0.605218
v -0.696646 0.064847 -0.571723
v -0.723861 0.064847 -0.536852
v -0.666480 0.054486 -0.604063
v -0.695317 0.054486 -0.570632
v -0.722480 0.054486 -0.535827
v 0.132921 0.075209 -0.896076
v 0.088792 0.075209 -0.901518
v 0.044449 0.075209 -0.904790
v 0.132236 0.064847 -0.891459
v 0.088334 0.064847 -0.896872
v 0.044220 0.064847 -0.900127
v 0.131983 0.054486 -0.889758
v 0.088166 0.054486 -0.895160
v 0.044136 0.054486 -0.898410
v 0.387314 0.075209 0.818907
v 0.427029 0.075209 0.798915
v 0.465716 0.075209 0.777000
v 0.385318 0.064847 0.814687
v 0.424828 0.064847 0.794798
v 0.463316 0.064847 0.772996
v 0.384583 0.054486 0.813132
v 0.424018 0.054486 0.793281
v 0.462432 0.054486 0.771521
v -0.777000 0.075209 -0.465716
v -0.798915 0.075209 -0.427029
v -0.818907 0.075209 -0.387314
v -0.772996 0.064847 -0.463316
v -0.794798 0.064847 -0.424828
v -0.814687 0.064847 -0.385318
v -0.771521 0.054486 -0.462432
v -0.793281 0.054486 -0.424018
v -0.813132 0.054486 -0.384583
v 0.539633 0.075209 0.727611
v 0.574684 0.075209 0.700255
v 0.608353 0.075209 0.671214
v 0.536852 0.064847 0.723861
v 0.571723 0.064847 0.696646
v 0.605218 0.064847 0.667755
v 0.535827 0.054486 0.722480
v 0.570632 0.054486 0.695317
v 0.604063 0.054486 0.666480
v -0.852927 0.075209 -0.305182
v -0.866873 0.075209 -0.262963
v -0.878733 0.075209 -0.220111
v -0.848532 0.064847 -0.303610
v -0.862406 0.064847 -0.261608
v -0.874205 0.064847 -0.218977
v -0.846912 0.054486 -0.303030
v -0.860760 0.054486 -0.261109
v -0.872537 0.054486 -0.218559
v 0.671214 0.075209 0.608353
v 0.700254 0.075209 0.574684
v 0.727611 0.075209 0.539633
v 0.667755 0.064847 0.605218
v 0.696646 0.064847 0.571723
v 0.723861 0.064847 0.536852
v 0.666480 0.054486 0.604063
v 0.695317 0.054486 0.570632
v 0.722480 0.054486 0.535827
v -0.896076 0.075209 -0.132921
v -0.901518 0.075209 -0.088792
v -0.904790 0.075209 -0.044449
v -0.891459 0.064847 -0.132236
v -0.896872 0.064847 -0.088334
v -0.900127 0.064847 -0.044220
v -0.889758 0.054486 -0.131983
v -0.895160 0.054486 -0.088166
v -0.898410 0.054486 -0.044136
v 0.777000 0.075209 0.465716
v 0.798915 0.075209 0.427029
v 0.818907 0.075209 0.387314
v 0.772996 0.064847 0.463316
v 0.794798 0.064847 0.424828
v 0.814687 0.064847 0.385318
v 0.771521 0.054486 0.462432
v 0.793281 0.054486 0.424018
v 0.813132 0.054486 0.384583
v -0.904790 0.075209 0.044449
v -0.901518 0.075209 0.088792
v -0.896076 0.075209 0.132921
v -0.900128 0.064847 0.044220
v -0.896872 0.064847 0.088334
v -0.891459 0.064847 0.132236
v -0.898410 0.054486 0.044136
v -0.895160 0.054486 0.088166
v -0.889758 0.054486 0.131983
v 0.852927 0.075209 0.305182
v 0.866873 0.075209 0.262963
v 0.878733 0.075209 0.220111
v 0.848532 0.064847 0.303610
v 0.862406 0.064847 0.261608
v 0.874205 0.064847 0.218977
v 0.846912 0.054486 0.303030
v 0.860760 0.054486 0.261109
v 0.872537 0.054486 0.218559
v -0.878733 0.075209 0.220111
v -0.866873 0.075209 0.262963
v -0.852927 0.075209 0.305182
v -0.874205 0.064847 0.218977
v -0.862406 0.064847 0.261608
v -0.848532 0.064847 0.303610
v -0.872537 0.054486 0.218559
v -0.860760 0.054486 0.261109
v -0.846912 0.054486 0.303030
vn 0.0736 -0.0000 -0.9973
vn 0.1224 -0.0000 -0.9925
vn 0.0246 -0.0000 -0.9997
vn 0.0246 0.0001 -0.9997
vn 0.1709 -0.0000 -0.9853
vn 0.2667 -0.0000 -0.9638
vn 0.3136 -0.0000 -0.9495
vn 0.2191 -0.0000 -0.9757
vn 0.3137 -0.0000 -0.9495
vn 0.3599 0.0001 -0.9330
vn 0.3599 -0.0000 -0.9330
vn 0.4496 -0.0000 -0.8932
vn 0.4929 -0.0000 -0.8701
vn 0.4053 -0.0000 -0.9142
vn 0.4496 0.0001 -0.8932
vn 0.5350 0.0001 -0.8449
vn 0.5350 -0.0000 -0.8449
vn 0.6153 -0.0000 -0.7883
vn 0.6531 -0.0000 -0.7572
vn 0.5758 -0.0000 -0.8176
vn 0.5758 -0.0001 -0.8176
vn 0.6895 0.0001 -0.7243
vn 0.6895 -0.0000 -0.7243
vn 0.7572 -0.0000 -0.6531
vn 0.7883 -0.0000 -0.6153
vn 0.7243 -0.0000 -0.6895
vn 0.7883 -0.0001 -0.6153
vn 0.8176 -0.0000 -0.5758
vn 0.8701 -0.0000 -0.4929
vn 0.8932 -0.0000 -0.4496
vn 0.8449 -0.0000 -0.5350
vn 0.9142 -0.0001 -0.4053
vn 0.9142 -0.0000 -0.4053
vn 0.9495 -0.0000 -0.3136
vn 0.9638 -0.0000 -0.2667
vn 0.9330 -0.0000 -0.3599
vn 0.9757 -0.0000 -0.2191
vn 0.9925 -0.0000 -0.1224
vn 0.9973 -0.0000 -0.0736
vn 0.9853 -0.0000 -0.1709
vn 0.9997 -0.0000 -0.0246
vn 0.9973 -0.0000 0.0736
vn 0.9925 -0.0000 0.1224
vn 0.9997 -0.0000 0.0246
vn 0.9853 -0.0000 0.1709
vn 0.9638 -0.0000 0.2667
vn 0.9495 -0.0000 0.3136
vn 0.9757 -0.0000 0.2191
vn 0.9495 -0.0000 0.3137
vn 0.9330 -0.0000 0.3599
vn 0.8932 -0.0000 0.4496
vn 0.8701 -0.0000 0.4929
vn 0.9142 -0.0000 0.4053
vn 0.8449 -0.0000 0.5350
vn 0.7883 -0.0000 0.6153
vn 0.7572 -0.0000 0.6531
vn 0.8176 -0.0000 0.5758
vn 0.7243 0.0001 0.6895
vn 0.7243 -0.0000 0.6895
vn 0.6531 -0.0000 0.7572
vn 0.6153 -0.0000 0.7883
vn 0.6895 -0.0000 0.7243
vn 0.5758 -0.0000 0.8176
vn 0.4929 -0.0000 0.8701
vn 0.4496 -0.0000 0.8932
vn 0.5350 -0.0000 0.8449
vn 0.4496 -0.0001 0.8932
vn 0.4053 -0.0001 0.9142
vn 0.4053 -0.0000 0.9142
vn 0.3136 -0.0000 0.9495
vn 0.2667 -0.0000 0.9638
vn 0.3599 -0.0000 0.9330
vn 0.2191 0.0001 0.9757
vn 0.2191 -0.0000 0.9757
vn 0.1224 -0.0000 0.9925
vn 0.0736 -0.0000 0.9973
vn 0.1709 -0.0000 0.9853
vn 0.1709 0.0001 0.9853
vn 0.0246 -0.0000 0.9997
vn -0.0736 -0.0000 0.9973
vn -0.1224 -0.0000 0.9925
vn -0.0246 -0.0000 0.9997
vn -0.0246 0.0001 0.9997
vn -0.1709 0.0001 0.9853
vn -0.1709 -0.0000 0.9853
vn -0.2667 -0.0000 0.9638
vn -0.3136 -0.0000 0.9495
vn -0.2191 -0.0000 0.9757
vn -0.3137 -0.0000 0.9495
vn -0.3599 0.0001 0.9330
vn -0.3599 -0.0000 0.9330
vn -0.4496 -0.0000 0.8932
vn -0.4929 -0.0000 0.8701
vn -0.4053 -0.0000 0.9142
vn -0.4496 0.0001 0.8932
vn -0.5350 0.0001 0.8449
vn -0.5350 -0.0000 0.8449
vn -0.6153 -0.0000 0.7883
vn -0.6531 -0.0000 0.7572
vn -0.5758 -0.0000 0.8176
vn -0.5758 -0.0001 0.8176
vn -0.6895 0.0001 0.7243
vn -0.6895 -0.0000 0.7243
vn -0.7572 -0.0000 0.6531
vn -0.7883 -0.0000 0.6153
vn -0.7243 -0.0000 0.6895
vn -0.7883 -0.0001 0.6153
vn -0.8176 -0.0000 0.5758
vn -0.8701 -0.0000 0.4929
vn -0.8932 -0.0000 0.4496
vn -0.8449 -0.0000 0.5350
vn -0.9142 -0.0001 0.4053
vn -0.9142 -0.0000 0.4053
vn -0.9495 -0.0000 0.3136
vn -0.9638 -0.0000 0.2667
vn -0.9330 -0.0000 0.3599
vn -0.9757 -0.0000 0.2191
vn -0.9925 -0.0000 0.1224
vn -0.9973 -0.0000 0.0736
vn -0.9853 -0.0000 0.1709
vn -0.9997 -0.0000 0.0246
vn -0.9973 -0.0000 -0.0736
vn -0.9925 -0.0000 -0.1224
vn -0.9997 -0.0000 -0.0246
vn -0.9853 -0.0000 -0.1709
vn -0.9638 -0.0000 -0.2667
vn -0.9495 -0.0000 -0.3136
vn -0.9757 -0.0000 -0.2191
vn -0.9495 -0.0000 -0.3137
vn -0.9330 -0.0000 -0.3599
vn -0.8932 -0.0000 -0.4496
vn -0.8701 -0.0000 -0.4929
vn -0.9142 -0.0000 -0.4053
vn -0.8449 -0.0000 -0.5350
vn -0.7883 -0.0000 -0.6153
vn -0.7572 -0.0000 -0.6531
vn -0.8176 -0.0000 -0.5758
vn -0.7243 0.0001 -0.6895
vn -0.7243 -0.0000 -0.6895
vn -0.6531 -0.0000 -0.7572
vn -0.6153 -0.0000 -0.7883
vn -0.6895 -0.0000 -0.7243
vn -0.5758 -0.0000 -0.8176
vn -0.4929 -0.0000 -0.8701
vn -0.4496 -0.0000 -0.8932
vn -0.5350 -0.0000 -0.8449
vn -0.4496 -0.0001 -0.8932
vn -0.4053 -0.0001 -0.9142
vn -0.4053 -0.0000 -0.9142
vn 0.1051 0.9939 -0.0341
vn 0.1063 0.9939 -0.0300
vn 0.0141 0.9999 -0.0069
vn 0.0155 0.9999 -0.0021
vn 0.8424 0.5029 -0.1935
vn 0.8031 0.5511 -0.2265
vn 0.7936 0.5511 -0.2579
vn 0.8080 0.5029 -0.3071
vn 0.1187 0.9921 -0.0398
vn 0.0179 0.9998 -0.0031
vn 0.0020 1.0000 0.0008
vn 0.0013 1.0000 0.0003
vn 0.0010 1.0000 -0.0010
vn 0.0012 1.0000 -0.0018
vn 0.0166 0.9998 -0.0074
vn 0.1208 0.9921 -0.0328
vn -0.3136 -0.0000 -0.9495
vn -0.2667 -0.0000 -0.9638
vn -0.3599 -0.0000 -0.9330
vn -0.2191 0.0001 -0.9757
vn -0.2191 -0.0000 -0.9757
vn -0.1224 -0.0000 -0.9925
vn -0.0736 -0.0000 -0.9973
vn -0.1709 -0.0000 -0.9853
vn -0.1709 0.0001 -0.9853
vn -0.0246 0.0001 -0.9997
vn -0.0246 -0.0000 -0.9997
vn -0.0000 -1.0000 -0.0000
vn 0.0018 0.9997 -0.0237
vn 0.0029 0.9997 -0.0236
vn 0.0127 0.9850 -0.1722
vn 0.0211 0.9850 -0.1714
vn -0.0000 1.0000 -0.0017
vn 0.0001 1.0000 -0.0017
vn 0.0002 1.0000 -0.0017
vn 0.0003 1.0000 -0.0017
vn 0.0041 0.9997 -0.0234
vn 0.0295 0.9850 -0.1702
vn 0.1577 0.3861 -0.9089
vn 0.1129 0.3860 -0.9156
vn 0.0679 0.3860 -0.9200
vn 0.0227 0.3859 -0.9223
vn 0.0042 0.9850 -0.1726
vn 0.0006 0.9997 -0.0238
vn 0.0063 0.9997 -0.0229
vn 0.0075 0.9997 -0.0226
vn 0.0461 0.9850 -0.1664
vn 0.0542 0.9850 -0.1640
vn 0.0004 1.0000 -0.0017
vn 0.0005 1.0000 -0.0017
vn 0.0006 1.0000 -0.0016
vn 0.0086 0.9997 -0.0222
vn 0.0621 0.9850 -0.1611
vn 0.3320 0.3858 -0.8608
vn 0.2894 0.3859 -0.8760
vn 0.2461 0.3861 -0.8890
vn 0.2022 0.3860 -0.9001
vn 0.0378 0.9850 -0.1685
vn 0.0052 0.9997 -0.0232
vn 0.0107 0.9997 -0.0213
vn 0.0117 0.9997 -0.0207
vn 0.0777 0.9850 -0.1543
vn 0.0851 0.9850 -0.1503
vn 0.0007 1.0000 -0.0016
vn 0.0008 1.0000 -0.0016
vn 0.0009 1.0000 -0.0015
vn 0.0127 0.9997 -0.0201
vn 0.0924 0.9850 -0.1459
vn 0.4935 0.3860 -0.7794
vn 0.4546 0.3861 -0.8026
vn 0.4148 0.3860 -0.8240
vn 0.3739 0.3860 -0.8433
vn 0.0700 0.9850 -0.1579
vn 0.0096 0.9997 -0.0218
vn 0.0146 0.9997 -0.0188
vn 0.0155 0.9997 -0.0180
vn 0.1063 0.9850 -0.1362
vn 0.1128 0.9850 -0.1308
vn 0.0010 1.0000 -0.0014
vn 0.0011 1.0000 -0.0014
vn 0.0011 1.0000 -0.0013
vn 0.0012 1.0000 -0.0013
vn 0.0164 0.9997 -0.0172
vn 0.1191 0.9850 -0.1251
vn 0.6361 0.3859 -0.6682
vn 0.6025 0.3859 -0.6986
vn 0.5676 0.3861 -0.7272
vn 0.5312 0.3861 -0.7542
vn 0.0994 0.9850 -0.1412
vn 0.0137 0.9997 -0.0195
vn 0.0180 0.9997 -0.0155
vn 0.0188 0.9997 -0.0146
vn 0.1308 0.9850 -0.1128
vn 0.1362 0.9850 -0.1063
vn 0.0013 1.0000 -0.0012
vn 0.0013 1.0000 -0.0011
vn 0.0014 1.0000 -0.0011
vn 0.0014 1.0000 -0.0010
vn 0.0195 0.9997 -0.0137
vn 0.1412 0.9850 -0.0995
vn 0.7542 0.3860 -0.5312
vn 0.7272 0.3862 -0.5675
vn 0.6985 0.3861 -0.6025
vn 0.6681 0.3860 -0.6361
vn 0.1251 0.9850 -0.1191
vn 0.0172 0.9997 -0.0164
vn 0.0207 0.9997 -0.0117
vn 0.0212 0.9997 -0.0107
vn 0.1503 0.9850 -0.0851
vn 0.1543 0.9850 -0.0777
vn 0.0015 1.0000 -0.0009
vn 0.0016 1.0000 -0.0008
vn 0.0016 1.0000 -0.0007
vn 0.0218 0.9997 -0.0096
vn 0.1579 0.9850 -0.0700
vn 0.8433 0.3860 -0.3739
vn 0.8240 0.3860 -0.4148
vn 0.8027 0.3860 -0.4547
vn 0.7794 0.3859 -0.4935
vn 0.1459 0.9850 -0.0924
vn 0.0201 0.9997 -0.0127
vn 0.0226 0.9997 -0.0075
vn 0.0229 0.9997 -0.0063
vn 0.1640 0.9850 -0.0542
vn 0.1664 0.9850 -0.0461
vn 0.0016 1.0000 -0.0006
vn 0.0017 1.0000 -0.0005
vn 0.0017 1.0000 -0.0004
vn 0.0232 0.9997 -0.0052
vn 0.1685 0.9850 -0.0378
vn 0.9001 0.3860 -0.2022
vn 0.8891 0.3860 -0.2461
vn 0.8760 0.3859 -0.2894
vn 0.8608 0.3859 -0.3320
vn 0.1611 0.9850 -0.0621
vn 0.0222 0.9997 -0.0086
vn 0.0236 0.9997 -0.0029
vn 0.0237 0.9997 -0.0018
vn 0.1714 0.9850 -0.0211
vn 0.1722 0.9850 -0.0127
vn 0.0017 1.0000 -0.0003
vn 0.0017 1.0000 -0.0002
vn 0.0017 1.0000 -0.0001
vn 0.0017 1.0000 -0.0000
vn 0.0238 0.9997 -0.0006
vn 0.1727 0.9850 -0.0042
vn 0.9222 0.3860 -0.0227
vn 0.9200 0.3860 -0.0679
vn 0.9156 0.3859 -0.1129
vn 0.9090 0.3859 -0.1577
vn 0.1702 0.9850 -0.0295
vn 0.0234 0.9997 -0.0041
vn 0.0237 0.9997 0.0018
vn 0.0236 0.9997 0.0029
vn 0.1722 0.9850 0.0127
vn 0.1714 0.9850 0.0211
vn 0.0017 1.0000 0.0001
vn 0.0017 1.0000 0.0002
vn 0.0017 1.0000 0.0003
vn 0.0234 0.9997 0.0041
vn 0.1702 0.9850 0.0295
vn 0.9089 0.3860 0.1577
vn 0.9155 0.3861 0.1129
vn 0.9200 0.3859 0.0679
vn 0.9223 0.3859 0.0227
vn 0.1726 0.9850 0.0042
vn 0.0238 0.9997 0.0006
vn 0.0229 0.9997 0.0063
vn 0.0226 0.9997 0.0075
vn 0.1664 0.9850 0.0461
vn 0.1640 0.9850 0.0542
vn 0.0017 1.0000 0.0004
vn 0.0017 1.0000 0.0005
vn 0.0016 1.0000 0.0006
vn 0.0222 0.9997 0.0086
vn 0.1611 0.9850 0.0621
vn 0.8607 0.3859 0.3320
vn 0.8760 0.3859 0.2893
vn 0.8890 0.3861 0.2461
vn 0.9000 0.3861 0.2022
vn 0.1685 0.9850 0.0378
vn 0.0232 0.9997 0.0052
vn 0.0212 0.9997 0.0107
vn 0.0207 0.9997 0.0117
vn 0.1543 0.9850 0.0777
vn 0.1503 0.9850 0.0851
vn 0.0016 1.0000 0.0007
vn 0.0016 1.0000 0.0008
vn 0.0015 1.0000 0.0009
vn 0.0201 0.9997 0.0127
vn 0.1459 0.9850 0.0924
vn 0.7794 0.3861 0.4935
vn 0.8027 0.3860 0.4547
vn 0.8240 0.3860 0.4148
vn 0.8434 0.3860 0.3739
vn 0.1579 0.9850 0.0700
vn 0.0218 0.9997 0.0096
vn 0.0188 0.9997 0.0146
vn 0.0180 0.9997 0.0155
vn 0.1362 0.9850 0.1063
vn 0.1308 0.9850 0.1128
vn 0.0014 1.0000 0.0010
vn 0.0014 1.0000 0.0011
vn 0.0013 1.0000 0.0011
vn 0.0013 1.0000 0.0012
vn 0.0172 0.9997 0.0164
vn 0.1251 0.9850 0.1191
vn 0.6682 0.3859 0.6361
vn 0.6985 0.3860 0.6025
vn 0.7272 0.3860 0.5676
vn 0.7542 0.3861 0.5312
vn 0.1412 0.9850 0.0994
vn 0.0195 0.9997 0.0137
vn 0.0155 0.9997 0.0180
vn 0.0146 0.9997 0.0188
vn 0.1128 0.9850 0.1308
vn 0.1063 0.9850 0.1362
vn 0.0012 1.0000 0.0013
vn 0.0011 1.0000 0.0013
vn 0.0011 1.0000 0.0014
vn 0.0010 1.0000 0.0014
vn 0.0137 0.9997 0.0195
vn 0.0994 0.9850 0.1412
vn 0.5312 0.3860 0.7542
vn 0.5676 0.3861 0.7272
vn 0.6025 0.3861 0.6985
vn 0.6361 0.3860 0.6681
vn 0.1191 0.9850 0.1251
vn 0.0164 0.9997 0.0172
vn 0.0117 0.9997 0.0207
vn 0.0107 0.9997 0.0213
vn 0.0851 0.9850 0.1503
vn 0.0777 0.9850 0.1543
vn 0.0009 1.0000 0.0015
vn 0.0008 1.0000 0.0016
vn 0.0007 1.0000 0.0016
vn 0.0096 0.9997 0.0218
vn 0.0700 0.9850 0.1579
vn 0.3739 0.3861 0.8433
vn 0.4148 0.3861 0.8239
vn 0.4547 0.3859 0.8027
vn 0.4935 0.3860 0.7794
vn 0.0924 0.9850 0.1459
vn 0.0127 0.9997 0.0201
vn 0.0075 0.9997 0.0226
vn 0.0063 0.9997 0.0229
vn 0.0542 0.9850 0.1640
vn 0.0461 0.9850 0.1664
vn 0.0006 1.0000 0.0016
vn 0.0005 1.0000 0.0017
vn 0.0004 1.0000 0.0017
vn 0.0052 0.9997 0.0232
vn 0.0378 0.9850 0.1685
vn 0.2022 0.3859 0.9001
vn 0.2461 0.3860 0.8891
vn 0.2893 0.3860 0.8759
vn 0.3320 0.3859 0.8607
vn 0.0621 0.9850 0.1611
vn 0.0086 0.9997 0.0222
vn 0.0029 0.9997 0.0236
vn 0.0018 0.9997 0.0237
vn 0.0211 0.9850 0.1714
vn 0.0127 0.9850 0.1722
vn 0.0003 1.0000 0.0017
vn 0.0002 1.0000 0.0017
vn 0.0001 1.0000 0.0017
vn -0.0000 1.0000 0.0017
vn 0.0006 0.9997 0.0238
vn 0.0042 0.9850 0.1727
vn 0.0227 0.3859 0.9223
vn 0.0679 0.3860 0.9200
vn 0.1129 0.3859 0.9156
vn 0.1577 0.3859 0.9090
vn 0.0295 0.9850 0.1702
vn 0.0041 0.9997 0.0234
vn -0.0018 0.9997 0.0237
vn -0.0029 0.9997 0.0236
vn -0.0127 0.9850 0.1722
vn -0.0211 0.9850 0.1714
vn -0.0001 1.0000 0.0017
vn -0.0002 1.0000 0.0017
vn -0.0003 1.0000 0.0017
vn -0.0041 0.9997 0.0234
vn -0.0295 0.9850 0.1702
vn -0.1577 0.3861 0.9089
vn -0.1129 0.3860 0.9156
vn -0.0679 0.3860 0.9200
vn -0.0227 0.3858 0.9223
vn -0.0042 0.9850 0.1726
vn -0.0006 0.9997 0.0238
vn -0.0063 0.9997 0.0229
vn -0.0075 0.9997 0.0226
vn -0.0461 0.9850 0.1664
vn -0.0542 0.9850 0.1640
vn -0.0004 1.0000 0.0017
vn -0.0005 1.0000 0.0017
vn -0.0006 1.0000 0.0016
vn -0.0086 0.9997 0.0222
vn -0.0621 0.9850 0.1611
vn -0.3320 0.3858 0.8608
vn -0.2894 0.3859 0.8760
vn -0.2461 0.3861 0.8890
vn -0.2022 0.3860 0.9001
vn -0.0378 0.9850 0.1685
vn -0.0052 0.9997 0.0232
vn -0.0107 0.9997 0.0213
vn -0.0117 0.9997 0.0207
vn -0.0777 0.9850 0.1543
vn -0.0851 0.9850 0.1503
vn -0.0007 1.0000 0.0016
vn -0.0008 1.0000 0.0016
vn -0.0009 1.0000 0.0015
vn -0.0127 0.9997 0.0201
vn -0.0924 0.9850 0.1459
vn -0.4935 0.3860 0.7794
vn -0.4546 0.3861 0.8026
vn -0.4148 0.3860 0.8240
vn -0.3739 0.3860 0.8433
vn -0.0700 0.9850 0.1579
vn -0.0096 0.9997 0.0218
vn -0.0146 0.9997 0.0188
vn -0.0155 0.9997 0.0180
vn -0.1063 0.9850 0.1362
vn -0.1128 0.9850 0.1308
vn -0.0010 1.0000 0.0014
vn -0.0011 1.0000 0.0014
vn -0.0011 1.0000 0.0013
vn -0.0012 1.0000 0.0013
vn -0.0164 0.9997 0.0172
vn -0.1191 0.9850 0.1251
vn -0.6361 0.3859 0.6682
vn -0.6025 0.3859 0.6986
vn -0.5676 0.3861 0.7272
vn -0.5312 0.3861 0.7542
vn -0.0994 0.9850 0.1412
vn -0.0137 0.9997 0.0195
vn -0.0180 0.9997 0.0155
vn -0.0188 0.9997 0.0146
vn -0.1308 0.9850 0.1128
vn -0.1362 0.9850 0.1063
vn -0.0013 1.0000 0.0012
vn -0.0013 1.0000 0.0011
vn -0.0014 1.0000 0.0011
vn -0.0014 1.0000 0.0010
vn -0.0195 0.9997 0.0137
vn -0.1412 0.9850 0.0995
vn -0.7542 0.3860 0.5312
vn -0.7272 0.3862 0.5675
vn -0.6985 0.3861 0.6025
vn -0.6681 0.3860 0.6361
vn -0.1251 0.9850 0.1191
vn -0.0172 0.9997 0.0164
vn -0.0207 0.9997 0.0117
vn -0.0212 0.9997 0.0107
vn -0.1503 0.9850 0.0851
vn -0.1543 0.9850 0.0777
vn -0.0015 1.0000 0.0009
vn -0.0016 1.0000 0.0008
vn -0.0016 1.0000 0.0007
vn -0.0218 0.9997 0.0096
vn -0.1579 0.9850 0.0700
vn -0.8433 0.3860 0.3739
vn -0.8240 0.3860 0.4148
vn -0.8027 0.3860 0.4547
vn -0.7794 0.3859 0.4935
vn -0.1459 0.9850 0.0924
vn -0.0201 0.9997 0.0127
vn -0.0226 0.9997 0.0075
vn -0.0229 0.9997 0.0063
vn -0.1640 0.9850 0.0542
vn -0.1664 0.9850 0.0461
vn -0.0016 1.0000 0.0006
vn -0.0017 1.0000 0.0005
vn -0.0017 1.0000 0.0004
vn -0.0232 0.9997 0.0052
vn -0.1685 0.9850 0.0378
vn -0.9001 0.3860 0.2022
vn -0.8891 0.3860 0.2461
vn -0.8760 0.3859 0.2894
vn -0.8608 0.3859 0.3320
vn -0.1611 0.9850 0.0621
vn -0.0222 0.9997 0.0086
vn -0.0236 0.9997 0.0029
vn -0.0237 0.9997 0.0018
vn -0.1714 0.9850 0.0211
vn -0.1722 0.9850 0.0127
vn -0.0017 1.0000 0.0003
vn -0.0017 1.0000 0.0002
vn -0.0017 1.0000 0.0001
vn -0.0017 1.0000 -0.0000
vn -0.0238 0.9997 0.0006
vn -0.1727 0.9850 0.0042
vn -0.9222 0.3860 0.0227
vn -0.9200 0.3860 0.0679
vn -0.9156 0.3859 0.1129
vn -0.9090 0.3859 0.1577
vn -0.1702 0.9850 0.0295
vn -0.0234 0.9997 0.0041
vn -0.0237 0.9997 -0.0018
vn -0.0236 0.9997 -0.0029
vn -0.1722 0.9850 -0.0127
vn -0.1714 0.9850 -0.0211
vn -0.0017 1.0000 -0.0001
vn -0.0017 1.0000 -0.0002
vn -0.0017 1.0000 -0.0003
vn -0.0234 0.9997 -0.0041
vn -0.1702 0.9850 -0.0295
vn -0.9089 0.3860 -0.1577
vn -0.9155 0.3861 -0.1129
vn -0.9200 0.3859 -0.0679
vn -0.9223 0.3859 -0.0227
vn -0.1726 0.9850 -0.0042
vn -0.0238 0.9997 -0.0006
vn -0.0229 0.9997 -0.0063
vn -0.0226 0.9997 -0.0075
vn -0.1664 0.9850 -0.0461
vn -0.1640 0.9850 -0.0542
vn -0.0017 1.0000 -0.0004
vn -0.0017 1.0000 -0.0005
vn -0.0016 1.0000 -0.0006
vn -0.0222 0.9997 -0.0086
vn -0.1611 0.9850 -0.0621
vn -0.8607 0.3859 -0.3320
vn -0.8760 0.3859 -0.2893
vn -0.8890 0.3861 -0.2461
vn -0.9000 0.3861 -0.2022
vn -0.1685 0.9850 -0.0378
vn -0.0232 0.9997 -0.0052
vn -0.0212 0.9997 -0.0107
vn -0.0207 0.9997 -0.0117
vn -0.1543 0.9850 -0.0777
vn -0.1503 0.9850 -0.0851
vn -0.0016 1.0000 -0.0007
vn -0.0016 1.0000 -0.0008
vn -0.0015 1.0000 -0.0009
vn -0.0201 0.9997 -0.0127
vn -0.1459 0.9850 -0.0924
vn -0.7794 0.3861 -0.4935
vn -0.8027 0.3860 -0.4547
vn -0.8240 0.3860 -0.4148
vn -0.8434 0.3860 -0.3739
vn -0.1579 0.9850 -0.0700
vn -0.0218 0.9997 -0.0096
vn -0.0188 0.9997 -0.0146
vn -0.0180 0.9997 -0.0155
vn -0.1362 0.9850 -0.1063
vn -0.1308 0.9850 -0.1128
vn -0.0014 1.0000 -0.0010
vn -0.0014 1.0000 -0.0011
vn -0.0013 1.0000 -0.0011
vn -0.0013 1.0000 -0.0012
vn -0.0172 0.9997 -0.0164
vn -0.1251 0.9850 -0.1191
vn -0.6682 0.3859 -0.6361
vn -0.6985 0.3860 -0.6025
vn -0.7272 0.3860 -0.5676
vn -0.7542 0.3861 -0.5312
vn -0.1412 0.9850 -0.0994
vn -0.0195 0.9997 -0.0137
vn -0.0155 0.9997 -0.0180
vn -0.0146 0.9997 -0.0188
vn -0.1128 0.9850 -0.1308
vn -0.1063 0.9850 -0.1362
vn -0.0012 1.0000 -0.0013
vn -0.0011 1.0000 -0.0013
vn -0.0011 1.0000 -0.0014
vn -0.0010 1.0000 -0.0014
vn -0.0137 0.9997 -0.0195
vn -0.0994 0.9850 -0.1412
vn -0.5312 0.3860 -0.7542
vn -0.5676 0.3861 -0.7272
vn -0.6025 0.3861 -0.6985
vn -0.6361 0.3860 -0.6681
vn -0.1191 0.9850 -0.1251
vn -0.0164 0.9997 -0.0172
vn -0.0117 0.9997 -0.0207
vn -0.0107 0.9997 -0.0213
vn -0.0851 0.9850 -0.1503
vn -0.0777 0.9850 -0.1543
vn -0.0009 1.0000 -0.0015
vn -0.0008 1.0000 -0.0016
vn -0.0007 1.0000 -0.0016
vn -0.0096 0.9997 -0.0218
vn -0.0700 0.9850 -0.1579
vn -0.3739 0.3861 -0.8433
vn -0.4148 0.3861 -0.8239
vn -0.4547 0.3859 -0.8027
vn -0.4935 0.3860 -0.7794
vn -0.0924 0.9850 -0.1459
vn -0.0127 0.9997 -0.0201
vn -0.0075 0.9997 -0.0226
vn -0.0063 0.9997 -0.0229
vn -0.0542 0.9850 -0.1640
vn -0.0461 0.9850 -0.1664
vn -0.0006 1.0000 -0.0016
vn -0.0005 1.0000 -0.0017
vn -0.0004 1.0000 -0.0017
vn -0.0052 0.9997 -0.0232
vn -0.0378 0.9850 -0.1685
vn -0.2022 0.3859 -0.9001
vn -0.2461 0.3860 -0.8891
vn -0.2893 0.3860 -0.8759
vn -0.3320 0.3859 -0.8607
vn -0.0621 0.9850 -0.1611
vn -0.0086 0.9997 -0.0222
vn -0.0029 0.9997 -0.0236
vn -0.0018 0.9997 -0.0237
vn -0.0211 0.9850 -0.1714
vn -0.0127 0.9850 -0.1722
vn -0.0003 1.0000 -0.0017
vn -0.0002 1.0000 -0.0017
vn -0.0001 1.0000 -0.0017
vn -0.0006 0.9997 -0.0238
vn -0.0042 0.9850 -0.1727
vn -0.0227 0.3859 -0.9223
vn -0.0679 0.3860 -0.9200
vn -0.1129 0.3859 -0.9156
vn -0.1577 0.3859 -0.9090
vn -0.0295 0.9850 -0.1702
vn -0.0041 0.9997 -0.0234
vn -0.0119 0.9869 0.1610
vn -0.0198 0.9869 0.1602
vn -0.0044 0.9982 0.0600
vn -0.0074 0.9982 0.0597
vn -0.0088 0.9334 0.3587
vn -0.0264 0.9334 0.3579
vn -0.0439 0.9334 0.3561
vn -0.0613 0.9334 0.3536
vn -0.0276 0.9869 0.1591
vn -0.0103 0.9982 0.0593
vn -0.0018 0.9999 0.0102
vn -0.0013 0.9999 0.0103
vn -0.0008 0.9999 0.0104
vn -0.0003 0.9999 0.0104
vn -0.0015 0.9982 0.0601
vn -0.0040 0.9869 0.1614
vn -0.0431 0.9869 0.1556
vn -0.0506 0.9869 0.1533
vn -0.0160 0.9982 0.0580
vn -0.0189 0.9982 0.0571
vn -0.0786 0.9334 0.3501
vn -0.0957 0.9334 0.3458
vn -0.1126 0.9334 0.3407
vn -0.1291 0.9334 0.3348
vn -0.0581 0.9869 0.1506
vn -0.0216 0.9982 0.0561
vn -0.0037 0.9999 0.0097
vn -0.0033 0.9999 0.0099
vn -0.0028 0.9999 0.0100
vn -0.0023 0.9999 0.0101
vn -0.0132 0.9982 0.0587
vn -0.0354 0.9869 0.1575
vn -0.0726 0.9869 0.1442
vn -0.0796 0.9869 0.1405
vn -0.0270 0.9982 0.0537
vn -0.0296 0.9982 0.0523
vn -0.1454 0.9334 0.3280
vn -0.1613 0.9334 0.3205
vn -0.1769 0.9334 0.3122
vn -0.1920 0.9334 0.3032
vn -0.0864 0.9869 0.1364
vn -0.0322 0.9982 0.0508
vn -0.0056 0.9999 0.0088
vn -0.0051 0.9999 0.0090
vn -0.0047 0.9999 0.0093
vn -0.0042 0.9999 0.0095
vn -0.0244 0.9982 0.0550
vn -0.0654 0.9869 0.1476
vn -0.0993 0.9869 0.1273
vn -0.1054 0.9869 0.1222
vn -0.0370 0.9982 0.0474
vn -0.0393 0.9982 0.0456
vn -0.2066 0.9334 0.2934
vn -0.2208 0.9334 0.2829
vn -0.2344 0.9334 0.2717
vn -0.2474 0.9334 0.2599
vn -0.1113 0.9869 0.1169
vn -0.0415 0.9982 0.0436
vn -0.0072 0.9999 0.0075
vn -0.0068 0.9999 0.0079
vn -0.0064 0.9999 0.0082
vn -0.0060 0.9999 0.0085
vn -0.0346 0.9982 0.0492
vn -0.0930 0.9869 0.1320
vn -0.1222 0.9869 0.1054
vn -0.1273 0.9869 0.0993
vn -0.0456 0.9982 0.0393
vn -0.0474 0.9982 0.0370
vn -0.2599 0.9334 0.2474
vn -0.2717 0.9334 0.2344
vn -0.2829 0.9334 0.2208
vn -0.2934 0.9334 0.2066
vn -0.1320 0.9869 0.0930
vn -0.0492 0.9982 0.0346
vn -0.0085 0.9999 0.0060
vn -0.0082 0.9999 0.0064
vn -0.0079 0.9999 0.0068
vn -0.0075 0.9999 0.0072
vn -0.0436 0.9982 0.0415
vn -0.1169 0.9869 0.1113
vn -0.1405 0.9869 0.0796
vn -0.1442 0.9869 0.0726
vn -0.0523 0.9982 0.0296
vn -0.0537 0.9982 0.0270
vn -0.3032 0.9334 0.1920
vn -0.3122 0.9334 0.1769
vn -0.3205 0.9334 0.1613
vn -0.3280 0.9334 0.1454
vn -0.1476 0.9869 0.0654
vn -0.0550 0.9982 0.0244
vn -0.0095 0.9999 0.0042
vn -0.0093 0.9999 0.0047
vn -0.0090 0.9999 0.0051
vn -0.0088 0.9999 0.0056
vn -0.0508 0.9982 0.0322
vn -0.1364 0.9869 0.0864
vn -0.1533 0.9869 0.0506
vn -0.1556 0.9869 0.0431
vn -0.0571 0.9982 0.0189
vn -0.0580 0.9982 0.0160
vn -0.3348 0.9334 0.1291
vn -0.3407 0.9334 0.1126
vn -0.3458 0.9334 0.0957
vn -0.3501 0.9334 0.0786
vn -0.1575 0.9869 0.0354
vn -0.0587 0.9982 0.0132
vn -0.0101 0.9999 0.0023
vn -0.0100 0.9999 0.0028
vn -0.0099 0.9999 0.0033
vn -0.0097 0.9999 0.0037
vn -0.0561 0.9982 0.0216
vn -0.1506 0.9869 0.0581
vn -0.1602 0.9869 0.0198
vn -0.1610 0.9869 0.0119
vn -0.0597 0.9982 0.0074
vn -0.0600 0.9982 0.0044
vn -0.3536 0.9334 0.0613
vn -0.3561 0.9334 0.0439
vn -0.3579 0.9334 0.0264
vn -0.3587 0.9334 0.0088
vn -0.1614 0.9869 0.0040
vn -0.0601 0.9982 0.0015
vn -0.0104 0.9999 0.0003
vn -0.0104 0.9999 0.0008
vn -0.0103 0.9999 0.0013
vn -0.0102 0.9999 0.0018
vn -0.0593 0.9982 0.0103
vn -0.1591 0.9869 0.0276
vn -0.1610 0.9869 -0.0119
vn -0.1602 0.9869 -0.0198
vn -0.0600 0.9982 -0.0044
vn -0.0597 0.9982 -0.0074
vn -0.3587 0.9334 -0.0088
vn -0.3579 0.9334 -0.0264
vn -0.3561 0.9334 -0.0439
vn -0.3536 0.9334 -0.0613
vn -0.1591 0.9869 -0.0276
vn -0.0593 0.9982 -0.0103
vn -0.0102 0.9999 -0.0018
vn -0.0103 0.9999 -0.0013
vn -0.0104 0.9999 -0.0008
vn -0.0104 0.9999 -0.0003
vn -0.0601 0.9982 -0.0015
vn -0.1614 0.9869 -0.0040
vn -0.1556 0.9869 -0.0431
vn -0.1533 0.9869 -0.0506
vn -0.0580 0.9982 -0.0160
vn -0.0571 0.9982 -0.0189
vn -0.3501 0.9334 -0.0786
vn -0.3458 0.9334 -0.0957
vn -0.3407 0.9334 -0.1126
vn -0.3348 0.9334 -0.1291
vn -0.1506 0.9869 -0.0581
vn -0.0561 0.9982 -0.0216
vn -0.0097 0.9999 -0.0037
vn -0.0099 0.9999 -0.0033
vn -0.0100 0.9999 -0.0028
vn -0.0101 0.9999 -0.0023
vn -0.0587 0.9982 -0.0132
vn -0.1575 0.9869 -0.0354
vn -0.1442 0.9869 -0.0726
vn -0.1405 0.9869 -0.0796
vn -0.0537 0.9982 -0.0270
vn -0.0523 0.9982 -0.0296
vn -0.3280 0.9334 -0.1454
vn -0.3205 0.9334 -0.1613
vn -0.3122 0.9334 -0.1769
vn -0.3032 0.9334 -0.1920
vn -0.1364 0.9869 -0.0864
vn -0.0508 0.9982 -0.0322
vn -0.0088 0.9999 -0.0056
vn -0.0090 0.9999 -0.0051
vn -0.0093 0.9999 -0.0047
vn -0.0095 0.9999 -0.0042
vn -0.0550 0.9982 -0.0244
vn -0.1476 0.9869 -0.0654
vn -0.1273 0.9869 -0.0993
vn -0.1222 0.9869 -0.1054
vn -0.0474 0.9982 -0.0370
vn -0.0456 0.9982 -0.0393
vn -0.2934 0.9334 -0.2066
vn -0.2829 0.9334 -0.2208
vn -0.2717 0.9334 -0.2344
vn -0.2599 0.9334 -0.2474
vn -0.1169 0.9869 -0.1113
vn -0.0436 0.9982 -0.0415
vn -0.0075 0.9999 -0.0072
vn -0.0079 0.9999 -0.0068
vn -0.0082 0.9999 -0.0064
vn -0.0085 0.9999 -0.0060
vn -0.0492 0.9982 -0.0346
vn -0.1320 0.9869 -0.0930
vn -0.1054 0.9869 -0.1222
vn -0.0993 0.9869 -0.1273
vn -0.0393 0.9982 -0.0456
vn -0.0370 0.9982 -0.0474
vn -0.2474 0.9334 -0.2599
vn -0.2344 0.9334 -0.2717
vn -0.2208 0.9334 -0.2829
vn -0.2066 0.9334 -0.2934
vn -0.0930 0.9869 -0.1320
vn -0.0346 0.9982 -0.0492
vn -0.0060 0.9999 -0.0085
vn -0.0064 0.9999 -0.0082
vn -0.0068 0.9999 -0.0079
vn -0.0072 0.9999 -0.0075
vn -0.0415 0.9982 -0.0436
vn -0.1113 0.9869 -0.1169
vn -0.0796 0.9869 -0.1405
vn -0.0726 0.9869 -0.1442
vn -0.0296 0.9982 -0.0523
vn -0.0270 0.9982 -0.0537
vn -0.1920 0.9334 -0.3032
vn -0.1769 0.9334 -0.3122
vn -0.1613 0.9334 -0.3205
vn -0.1454 0.9334 -0.3280
vn -0.0654 0.9869 -0.1476
vn -0.0244 0.9982 -0.0550
vn -0.0042 0.9999 -0.0095
vn -0.0047 0.9999 -0.0093
vn -0.0051 0.9999 -0.0090
vn -0.0056 0.9999 -0.0088
vn -0.0322 0.9982 -0.0508
vn -0.0864 0.9869 -0.1364
vn -0.0506 0.9869 -0.1533
vn -0.0431 0.9869 -0.1556
vn -0.0189 0.9982 -0.0571
vn -0.0160 0.9982 -0.0580
vn -0.1291 0.9334 -0.3348
vn -0.1126 0.9334 -0.3407
vn -0.0957 0.9334 -0.3458
vn -0.0786 0.9334 -0.3501
vn -0.0354 0.9869 -0.1575
vn -0.0132 0.9982 -0.0587
vn -0.0023 0.9999 -0.0101
vn -0.0028 0.9999 -0.0100
vn -0.0033 0.9999 -0.0099
vn -0.0037 0.9999 -0.0097
vn -0.0216 0.9982 -0.0561
vn -0.0581 0.9869 -0.1506
vn -0.0198 0.9869 -0.1602
vn -0.0119 0.9869 -0.1610
vn -0.0074 0.9982 -0.0597
vn -0.0044 0.9982 -0.0600
vn -0.0613 0.9334 -0.3536
vn -0.0439 0.9334 -0.3561
vn -0.0264 0.9334 -0.3579
vn -0.0088 0.9334 -0.3587
vn -0.0040 0.9869 -0.1614
vn -0.0015 0.9982 -0.0601
vn -0.0003 0.9999 -0.0104
vn -0.0008 0.9999 -0.0104
vn -0.0013 0.9999 -0.0103
vn -0.0018 0.9999 -0.0102
vn -0.0103 0.9982 -0.0593
vn -0.0276 0.9869 -0.1591
vn 0.0119 0.9869 -0.1610
vn 0.0198 0.9869 -0.1602
vn 0.0044 0.9982 -0.0600
vn 0.0074 0.9982 -0.0597
vn 0.0088 0.9334 -0.3587
vn 0.0264 0.9334 -0.3579
vn 0.0439 0.9334 -0.3561
vn 0.0613 0.9334 -0.3536
vn 0.0276 0.9869 -0.1591
vn 0.0103 0.9982 -0.0593
vn 0.0018 0.9999 -0.0102
vn 0.0013 0.9999 -0.0103
vn 0.0008 0.9999 -0.0104
vn 0.0003 0.9999 -0.0104
vn 0.0015 0.9982 -0.0601
vn 0.0040 0.9869 -0.1614
vn 0.0431 0.9869 -0.1556
vn 0.0506 0.9869 -0.1533
vn 0.0160 0.9982 -0.0580
vn 0.0189 0.9982 -0.0571
vn 0.0786 0.9334 -0.3501
vn 0.0957 0.9334 -0.3458
vn 0.1126 0.9334 -0.3407
vn 0.1291 0.9334 -0.3348
vn 0.0581 0.9869 -0.1506
vn 0.0216 0.9982 -0.0561
vn 0.0037 0.9999 -0.0097
vn 0.0033 0.9999 -0.0099
vn 0.0028 0.9999 -0.0100
vn 0.0023 0.9999 -0.0101
vn 0.0132 0.9982 -0.0587
vn 0.0354 0.9869 -0.1575
vn 0.0726 0.9869 -0.1442
vn 0.0796 0.9869 -0.1405
vn 0.0270 0.9982 -0.0537
vn 0.0296 0.9982 -0.0523
vn 0.1454 0.9334 -0.3280
vn 0.1613 0.9334 -0.3205
vn 0.1769 0.9334 -0.3122
vn 0.1920 0.9334 -0.3032
vn 0.0864 0.9869 -0.1364
vn 0.0322 0.9982 -0.0508
vn 0.0056 0.9999 -0.0088
vn 0.0051 0.9999 -0.0090
vn 0.0047 0.9999 -0.0093
vn 0.0042 0.9999 -0.0095
vn 0.0244 0.9982 -0.0550
vn 0.0654 0.9869 -0.1476
vn 0.0993 0.9869 -0.1273
vn 0.1054 0.9869 -0.1222
vn 0.0370 0.9982 -0.0474
vn 0.0393 0.9982 -0.0456
vn 0.2066 0.9334 -0.2934
vn 0.2208 0.9334 -0.2829
vn 0.2344 0.9334 -0.2717
vn 0.2474 0.9334 -0.2599
vn 0.1113 0.9869 -0.1169
vn 0.0415 0.9982 -0.0436
vn 0.0072 0.9999 -0.0075
vn 0.0068 0.9999 -0.0079
vn 0.0064 0.9999 -0.0082
vn 0.0060 0.9999 -0.0085
vn 0.0346 0.9982 -0.0492
vn 0.0930 0.9869 -0.1320
vn 0.1222 0.9869 -0.1054
vn 0.1273 0.9869 -0.0993
vn 0.0456 0.9982 -0.0393
vn 0.0474 0.9982 -0.0370
vn 0.2599 0.9334 -0.2474
vn 0.2717 0.9334 -0.2344
vn 0.2829 0.9334 -0.2208
vn 0.2934 0.9334 -0.2066
vn 0.1320 0.9869 -0.0930
vn 0.0492 0.9982 -0.0346
vn 0.0085 0.9999 -0.0060
vn 0.0082 0.9999 -0.0064
vn 0.0079 0.9999 -0.0068
vn 0.0075 0.9999 -0.0072
vn 0.0436 0.9982 -0.0415
vn 0.1169 0.9869 -0.1113
vn 0.1405 0.9869 -0.0796
vn 0.1442 0.9869 -0.0726
vn 0.0523 0.9982 -0.0296
vn 0.0537 0.9982 -0.0270
vn 0.3032 0.9334 -0.1920
vn 0.3122 0.9334 -0.1769
vn 0.3205 0.9334 -0.1613
vn 0.3280 0.9334 -0.1454
vn 0.1476 0.9869 -0.0654
vn 0.0550 0.9982 -0.0244
vn 0.0095 0.9999 -0.0042
vn 0.0093 0.9999 -0.0047
vn 0.0090 0.9999 -0.0051
vn 0.0088 0.9999 -0.0056
vn 0.0508 0.9982 -0.0322
vn 0.1364 0.9869 -0.0864
vn 0.1533 0.9869 -0.0506
vn 0.1556 0.9869 -0.0431
vn 0.0571 0.9982 -0.0189
vn 0.0580 0.9982 -0.0160
vn 0.3348 0.9334 -0.1291
vn 0.3407 0.9334 -0.1126
vn 0.3458 0.9334 -0.0957
vn 0.3501 0.9334 -0.0786
vn 0.1575 0.9869 -0.0354
vn 0.0587 0.9982 -0.0132
vn 0.0101 0.9999 -0.0023
vn 0.0100 0.9999 -0.0028
vn 0.0099 0.9999 -0.0033
vn 0.0097 0.9999 -0.0037
vn 0.0561 0.9982 -0.0216
vn 0.1506 0.9869 -0.0581
vn 0.1602 0.9869 -0.0198
vn 0.1610 0.9869 -0.0119
vn 0.0597 0.9982 -0.0074
vn 0.0600 0.9982 -0.0044
vn 0.3536 0.9334 -0.0613
vn 0.3561 0.9334 -0.0439
vn 0.3579 0.9334 -0.0264
vn 0.3587 0.9334 -0.0088
vn 0.1614 0.9869 -0.0040
vn 0.0601 0.9982 -0.0015
vn 0.0104 0.9999 -0.0003
vn 0.0104 0.9999 -0.0008
vn 0.0103 0.9999 -0.0013
vn 0.0102 0.9999 -0.0018
vn 0.0593 0.9982 -0.0103
vn 0.1591 0.9869 -0.0276
vn 0.1610 0.9869 0.0119
vn 0.1602 0.9869 0.0198
vn 0.0600 0.9982 0.0044
vn 0.0597 0.9982 0.0074
vn 0.3587 0.9334 0.0088
vn 0.3579 0.9334 0.0264
vn 0.3561 0.9334 0.0439
vn 0.3536 0.9334 0.0613
vn 0.1591 0.9869 0.0276
vn 0.0593 0.9982 0.0103
vn 0.0102 0.9999 0.0018
vn 0.0103 0.9999 0.0013
vn 0.0104 0.9999 0.0008
vn 0.0104 0.9999 0.0003
vn 0.0601 0.9982 0.0015
vn 0.1614 0.9869 0.0040
vn 0.1556 0.9869 0.0431
vn 0.1533 0.9869 0.0506
vn 0.0580 0.9982 0.0160
vn 0.0571 0.9982 0.0189
vn 0.3501 0.9334 0.0786
vn 0.3458 0.9334 0.0957
vn 0.3407 0.9334 0.1126
vn 0.3348 0.9334 0.1291
vn 0.1506 0.9869 0.0581
vn 0.0561 0.9982 0.0216
vn 0.0097 0.9999 0.0037
vn 0.0099 0.9999 0.0033
vn 0.0100 0.9999 0.0028
vn 0.0101 0.9999 0.0023
vn 0.0587 0.9982 0.0132
vn 0.1575 0.9869 0.0354
vn 0.1442 0.9869 0.0726
vn 0.1405 0.9869 0.0796
vn 0.0537 0.9982 0.0270
vn 0.0523 0.9982 0.0296
vn 0.3280 0.9334 0.1454
vn 0.3205 0.9334 0.1613
vn 0.3122 0.9334 0.1769
vn 0.3032 0.9334 0.1920
vn 0.1364 0.9869 0.0864
vn 0.0508 0.9982 0.0322
vn 0.0088 0.9999 0.0056
vn 0.0090 0.9999 0.0051
vn 0.0093 0.9999 0.0047
vn 0.0095 0.9999 0.0042
vn 0.0550 0.9982 0.0244
vn 0.1476 0.9869 0.0654
vn 0.1273 0.9869 0.0993
vn 0.1222 0.9869 0.1054
vn 0.0474 0.9982 0.0370
vn 0.0456 0.9982 0.0393
vn 0.2934 0.9334 0.2066
vn 0.2829 0.9334 0.2208
vn 0.2717 0.9334 0.2344
vn 0.2599 0.9334 0.2474
vn 0.1169 0.9869 0.1113
vn 0.0436 0.9982 0.0415
vn 0.0075 0.9999 0.0072
vn 0.0079 0.9999 0.0068
vn 0.0082 0.9999 0.0064
vn 0.0085 0.9999 0.0060
vn 0.0492 0.9982 0.0346
vn 0.1320 0.9869 0.0930
vn 0.1054 0.9869 0.1222
vn 0.0993 0.9869 0.1273
vn 0.0393 0.9982 0.0456
vn 0.0370 0.9982 0.0474
vn 0.2474 0.9334 0.2599
vn 0.2344 0.9334 0.2717
vn 0.2208 0.9334 0.2829
vn 0.2066 0.9334 0.2934
vn 0.0930 0.9869 0.1320
vn 0.0346 0.9982 0.0492
vn 0.0060 0.9999 0.0085
vn 0.0064 0.9999 0.0082
vn 0.0068 0.9999 0.0079
vn 0.0072 0.9999 0.0075
vn 0.0415 0.9982 0.0436
vn 0.1113 0.9869 0.1169
vn 0.0796 0.9869 0.1405
vn 0.0726 0.9869 0.1442
vn 0.0296 0.9982 0.0523
vn 0.0270 0.9982 0.0537
vn 0.1920 0.9334 0.3032
vn 0.1769 0.9334 0.3122
vn 0.1613 0.9334 0.3205
vn 0.1454 0.9334 0.3280
vn 0.0654 0.9869 0.1476
vn 0.0244 0.9982 0.0550
vn 0.0042 0.9999 0.0095
vn 0.0047 0.9999 0.0093
vn 0.0051 0.9999 0.0090
vn 0.0056 0.9999 0.0088
vn 0.0322 0.9982 0.0508
vn 0.0864 0.9869 0.1364
vn 0.0506 0.9869 0.1533
vn 0.0431 0.9869 0.1556
vn 0.0189 0.9982 0.0571
vn 0.0160 0.9982 0.0580
vn 0.1291 0.9334 0.3348
vn 0.1126 0.9334 0.3407
vn 0.0957 0.9334 0.3458
vn 0.0786 0.9334 0.3501
vn 0.0354 0.9869 0.1575
vn 0.0132 0.9982 0.0587
vn 0.0023 0.9999 0.0101
vn 0.0028 0.9999 0.0100
vn 0.0033 0.9999 0.0099
vn 0.0037 0.9999 0.0097
vn 0.0216 0.9982 0.0561
vn 0.0581 0.9869 0.1506
vn 0.0198 0.9869 0.1602
vn 0.0119 0.9869 0.1610
vn 0.0074 0.9982 0.0597
vn 0.0044 0.9982 0.0600
vn 0.0613 0.9334 0.3536
vn 0.0439 0.9334 0.3561
vn 0.0264 0.9334 0.3579
vn 0.0088 0.9334 0.3587
vn 0.0040 0.9869 0.1614
vn 0.0015 0.9982 0.0601
vn 0.0003 0.9999 0.0104
vn 0.0008 0.9999 0.0104
vn 0.0013 0.9999 0.0103
vn 0.0018 0.9999 0.0102
vn 0.0103 0.9982 0.0593
vn 0.0276 0.9869 0.1591
vn -0.0000 1.0000 -0.0000
vn -0.1063 0.9939 -0.0300
vn -0.1051 0.9939 -0.0341
vn -0.0155 0.9999 -0.0021
vn -0.0141 0.9999 -0.0069
vn -0.8080 0.5029 -0.3071
vn -0.7936 0.5511 -0.2579
vn -0.8031 0.5511 -0.2265
vn -0.8424 0.5029 -0.1935
vn -0.1208 0.9921 -0.0328
vn -0.0166 0.9998 -0.0074
vn -0.0012 1.0000 -0.0018
vn -0.0010 1.0000 -0.0010
vn -0.0013 1.0000 0.0003
vn -0.0020 1.0000 0.0008
vn -0.0179 0.9998 -0.0031
vn -0.1187 0.9921 -0.0398
vn 0.1097 0.9939 -0.0130
vn 0.1101 0.9939 -0.0087
vn 0.0151 0.9999 -0.0040
vn 0.0156 0.9999 0.0010
vn 0.8640 0.5029 -0.0255
vn 0.8319 0.5511 -0.0655
vn 0.8286 0.5511 -0.0981
vn 0.8523 0.5029 -0.1436
vn 0.1242 0.9921 -0.0159
vn 0.0182 0.9998 0.0005
vn 0.0018 1.0000 0.0012
vn 0.0013 1.0000 0.0005
vn 0.0011 1.0000 -0.0008
vn 0.0015 1.0000 -0.0015
vn 0.0177 0.9998 -0.0040
vn 0.1249 0.9921 -0.0087
vn -0.0984 0.9939 -0.0501
vn -0.0964 0.9939 -0.0540
vn -0.0148 0.9999 -0.0051
vn -0.0125 0.9999 -0.0095
vn -0.7325 0.5029 -0.4588
vn -0.7280 0.5511 -0.4077
vn -0.7435 0.5511 -0.3788
vn -0.7885 0.5029 -0.3541
vn -0.1121 0.9921 -0.0558
vn -0.0148 0.9998 -0.0105
vn -0.0008 1.0000 -0.0020
vn -0.0008 1.0000 -0.0011
vn -0.0014 1.0000 -0.0000
vn -0.0021 1.0000 0.0004
vn -0.0170 0.9998 -0.0065
vn -0.1086 0.9921 -0.0622
vn 0.1101 0.9939 0.0087
vn 0.1097 0.9939 0.0130
vn 0.0156 0.9999 -0.0010
vn 0.0151 0.9999 0.0040
vn 0.8523 0.5029 0.1436
vn 0.8286 0.5511 0.0981
vn 0.8319 0.5511 0.0655
vn 0.8640 0.5029 0.0255
vn 0.1249 0.9921 0.0087
vn 0.0177 0.9998 0.0040
vn 0.0015 1.0000 0.0015
vn 0.0011 1.0000 0.0008
vn 0.0013 1.0000 -0.0005
vn 0.0018 1.0000 -0.0012
vn 0.0182 0.9998 -0.0005
vn 0.1242 0.9921 0.0159
vn -0.0868 0.9939 -0.0684
vn -0.0840 0.9939 -0.0717
vn -0.0135 0.9999 -0.0079
vn -0.0104 0.9999 -0.0117
vn -0.6289 0.5029 -0.5929
vn -0.6345 0.5511 -0.5419
vn -0.6553 0.5511 -0.5166
vn -0.7042 0.5029 -0.5012
vn -0.0990 0.9921 -0.0766
vn -0.0125 0.9998 -0.0132
vn -0.0004 1.0000 -0.0021
vn -0.0005 1.0000 -0.0013
vn -0.0013 1.0000 -0.0003
vn -0.0021 1.0000 -0.0000
vn -0.0154 0.9998 -0.0097
vn -0.0944 0.9921 -0.0822
vn 0.1063 0.9939 0.0300
vn 0.1051 0.9939 0.0341
vn 0.0155 0.9999 0.0021
vn 0.0141 0.9999 0.0069
vn 0.8080 0.5029 0.3071
vn 0.7936 0.5511 0.2579
vn 0.8031 0.5511 0.2265
vn 0.8424 0.5029 0.1935
vn 0.1208 0.9921 0.0328
vn 0.0166 0.9998 0.0074
vn 0.0012 1.0000 0.0018
vn 0.0010 1.0000 0.0010
vn 0.0013 1.0000 -0.0003
vn 0.0020 1.0000 -0.0008
vn 0.0179 0.9998 0.0031
vn 0.1187 0.9921 0.0398
vn -0.0717 0.9939 -0.0840
vn -0.0684 0.9939 -0.0867
vn -0.0117 0.9999 -0.0104
vn -0.0079 0.9999 -0.0135
vn -0.5012 0.5029 -0.7042
vn -0.5166 0.5511 -0.6553
vn -0.5419 0.5511 -0.6345
vn -0.5929 0.5029 -0.6289
vn -0.0822 0.9921 -0.0944
vn -0.0097 0.9998 -0.0154
vn -0.0000 1.0000 -0.0021
vn -0.0003 1.0000 -0.0013
vn -0.0013 1.0000 -0.0005
vn -0.0021 1.0000 -0.0004
vn -0.0132 0.9998 -0.0125
vn -0.0766 0.9921 -0.0990
vn 0.0984 0.9939 0.0501
vn 0.0964 0.9939 0.0540
vn 0.0148 0.9999 0.0051
vn 0.0125 0.9999 0.0095
vn 0.7325 0.5029 0.4588
vn 0.7280 0.5511 0.4077
vn 0.7435 0.5511 0.3788
vn 0.7885 0.5029 0.3541
vn 0.1121 0.9921 0.0558
vn 0.0148 0.9998 0.0105
vn 0.0008 1.0000 0.0020
vn 0.0008 1.0000 0.0011
vn 0.0014 1.0000 -0.0000
vn 0.0021 1.0000 -0.0004
vn 0.0170 0.9998 0.0065
vn 0.1086 0.9921 0.0622
vn -0.0540 0.9939 -0.0964
vn -0.0501 0.9939 -0.0984
vn -0.0095 0.9999 -0.0125
vn -0.0051 0.9999 -0.0148
vn -0.3541 0.5029 -0.7885
vn -0.3788 0.5511 -0.7435
vn -0.4077 0.5511 -0.7280
vn -0.4588 0.5029 -0.7325
vn -0.0622 0.9921 -0.1086
vn -0.0065 0.9998 -0.0170
vn 0.0004 1.0000 -0.0021
vn -0.0000 1.0000 -0.0014
vn -0.0011 1.0000 -0.0008
vn -0.0020 1.0000 -0.0008
vn -0.0105 0.9998 -0.0148
vn -0.0558 0.9921 -0.1121
vn -0.0087 0.9939 0.1101
vn -0.0130 0.9939 0.1097
vn 0.0010 0.9999 0.0156
vn -0.0040 0.9999 0.0151
vn -0.1436 0.5029 0.8523
vn -0.0981 0.5511 0.8286
vn -0.0655 0.5511 0.8319
vn -0.0255 0.5029 0.8640
vn -0.0087 0.9921 0.1249
vn -0.0040 0.9998 0.0177
vn -0.0015 1.0000 0.0015
vn -0.0008 1.0000 0.0011
vn 0.0005 1.0000 0.0013
vn 0.0005 0.9998 0.0182
vn -0.0159 0.9921 0.1242
vn 0.0868 0.9939 0.0684
vn 0.0840 0.9939 0.0717
vn 0.0135 0.9999 0.0079
vn 0.0104 0.9999 0.0117
vn 0.6289 0.5029 0.5929
vn 0.6345 0.5511 0.5419
vn 0.6553 0.5511 0.5166
vn 0.7042 0.5029 0.5012
vn 0.0990 0.9921 0.0766
vn 0.0125 0.9998 0.0132
vn 0.0004 1.0000 0.0021
vn 0.0021 1.0000 -0.0000
vn 0.0154 0.9998 0.0097
vn 0.0944 0.9921 0.0822
vn -0.0341 0.9939 -0.1051
vn -0.0300 0.9939 -0.1063
vn -0.0069 0.9999 -0.0141
vn -0.0021 0.9999 -0.0155
vn -0.1935 0.5029 -0.8424
vn -0.2265 0.5511 -0.8031
vn -0.2579 0.5511 -0.7936
vn -0.3071 0.5029 -0.8079
vn -0.0398 0.9921 -0.1187
vn -0.0031 0.9998 -0.0179
vn 0.0008 1.0000 -0.0020
vn 0.0003 1.0000 -0.0013
vn -0.0018 1.0000 -0.0012
vn -0.0074 0.9998 -0.0166
vn -0.0328 0.9921 -0.1208
vn -0.0300 0.9939 0.1063
vn -0.0341 0.9939 0.1051
vn -0.0021 0.9999 0.0155
vn -0.0069 0.9999 0.0141
vn -0.3071 0.5029 0.8080
vn -0.2579 0.5511 0.7936
vn -0.2265 0.5511 0.8031
vn -0.1935 0.5029 0.8424
vn -0.0328 0.9921 0.1208
vn -0.0074 0.9998 0.0166
vn -0.0018 1.0000 0.0012
vn -0.0010 1.0000 0.0010
vn 0.0003 1.0000 0.0013
vn -0.0031 0.9998 0.0179
vn -0.0398 0.9921 0.1187
vn 0.0717 0.9939 0.0840
vn 0.0684 0.9939 0.0867
vn 0.0117 0.9999 0.0104
vn 0.0079 0.9999 0.0135
vn 0.5012 0.5029 0.7042
vn 0.5166 0.5511 0.6553
vn 0.5419 0.5511 0.6345
vn 0.5929 0.5029 0.6289
vn 0.0822 0.9921 0.0944
vn 0.0097 0.9998 0.0154
vn -0.0000 1.0000 0.0021
vn 0.0021 1.0000 0.0004
vn 0.0132 0.9998 0.0125
vn 0.0766 0.9921 0.0990
vn -0.0130 0.9939 -0.1097
vn -0.0087 0.9939 -0.1101
vn -0.0040 0.9999 -0.0151
vn 0.0010 0.9999 -0.0156
vn -0.0255 0.5029 -0.8640
vn -0.0655 0.5511 -0.8319
vn -0.0981 0.5511 -0.8286
vn -0.1436 0.5029 -0.8524
vn -0.0159 0.9921 -0.1242
vn 0.0005 0.9998 -0.0182
vn 0.0005 1.0000 -0.0013
vn -0.0015 1.0000 -0.0015
vn -0.0040 0.9998 -0.0177
vn -0.0087 0.9921 -0.1249
vn -0.0501 0.9939 0.0984
vn -0.0540 0.9939 0.0964
vn -0.0051 0.9999 0.0148
vn -0.0095 0.9999 0.0125
vn -0.4588 0.5029 0.7325
vn -0.4077 0.5511 0.7280
vn -0.3788 0.5511 0.7435
vn -0.3541 0.5029 0.7885
vn -0.0558 0.9921 0.1121
vn -0.0105 0.9998 0.0148
vn -0.0011 1.0000 0.0008
vn -0.0000 1.0000 0.0014
vn -0.0065 0.9998 0.0170
vn -0.0622 0.9921 0.1086
vn 0.0540 0.9939 0.0964
vn 0.0501 0.9939 0.0984
vn 0.0095 0.9999 0.0125
vn 0.0051 0.9999 0.0148
vn 0.3541 0.5029 0.7885
vn 0.3788 0.5511 0.7435
vn 0.4077 0.5511 0.7280
vn 0.4588 0.5029 0.7325
vn 0.0622 0.9921 0.1086
vn 0.0065 0.9998 0.0170
vn -0.0004 1.0000 0.0021
vn 0.0105 0.9998 0.0148
vn 0.0558 0.9921 0.1121
vn 0.0087 0.9939 -0.1101
vn 0.0130 0.9939 -0.1097
vn -0.0010 0.9999 -0.0156
vn 0.0040 0.9999 -0.0151
vn 0.1436 0.5029 -0.8523
vn 0.0981 0.5511 -0.8286
vn 0.0655 0.5511 -0.8319
vn 0.0255 0.5029 -0.8640
vn 0.0087 0.9921 -0.1249
vn 0.0040 0.9998 -0.0177
vn 0.0008 1.0000 -0.0011
vn -0.0005 0.9998 -0.0182
vn 0.0159 0.9921 -0.1242
vn -0.0684 0.9939 0.0868
vn -0.0717 0.9939 0.0840
vn -0.0079 0.9999 0.0135
vn -0.0117 0.9999 0.0104
vn -0.5929 0.5029 0.6289
vn -0.5419 0.5511 0.6345
vn -0.5166 0.5511 0.6553
vn -0.5012 0.5029 0.7042
vn -0.0766 0.9921 0.0990
vn -0.0132 0.9998 0.0125
vn -0.0013 1.0000 0.0005
vn -0.0003 1.0000 0.0013
vn -0.0097 0.9998 0.0154
vn -0.0822 0.9921 0.0944
vn 0.0341 0.9939 0.1051
vn 0.0300 0.9939 0.1063
vn 0.0069 0.9999 0.0141
vn 0.0021 0.9999 0.0155
vn 0.1935 0.5029 0.8424
vn 0.2265 0.5511 0.8031
vn 0.2579 0.5511 0.7936
vn 0.3071 0.5029 0.8079
vn 0.0398 0.9921 0.1187
vn 0.0031 0.9998 0.0179
vn -0.0008 1.0000 0.0020
vn 0.0074 0.9998 0.0166
vn 0.0328 0.9921 0.1208
vn 0.0300 0.9939 -0.1063
vn 0.0341 0.9939 -0.1051
vn 0.0021 0.9999 -0.0155
vn 0.0069 0.9999 -0.0141
vn 0.3071 0.5029 -0.8080
vn 0.2579 0.5511 -0.7936
vn 0.2265 0.5511 -0.8031
vn 0.1935 0.5029 -0.8424
vn 0.0328 0.9921 -0.1208
vn 0.0074 0.9998 -0.0166
vn 0.0031 0.9998 -0.0179
vn 0.0398 0.9921 -0.1187
vn -0.0840 0.9939 0.0717
vn -0.0867 0.9939 0.0684
vn -0.0104 0.9999 0.0117
vn -0.0135 0.9999 0.0079
vn -0.7042 0.5029 0.5012
vn -0.6553 0.5511 0.5166
vn -0.6345 0.5511 0.5419
vn -0.6289 0.5029 0.5929
vn -0.0944 0.9921 0.0822
vn -0.0154 0.9998 0.0097
vn -0.0005 1.0000 0.0013
vn -0.0125 0.9998 0.0132
vn -0.0990 0.9921 0.0766
vn 0.0130 0.9939 0.1097
vn 0.0087 0.9939 0.1101
vn 0.0040 0.9999 0.0151
vn -0.0010 0.9999 0.0156
vn 0.0255 0.5029 0.8640
vn 0.0655 0.5511 0.8319
vn 0.0981 0.5511 0.8286
vn 0.1436 0.5029 0.8524
vn 0.0159 0.9921 0.1242
vn -0.0005 0.9998 0.0182
vn -0.0012 1.0000 0.0018
vn 0.0040 0.9998 0.0177
vn 0.0087 0.9921 0.1249
vn 0.0501 0.9939 -0.0984
vn 0.0540 0.9939 -0.0964
vn 0.0051 0.9999 -0.0148
vn 0.0095 0.9999 -0.0125
vn 0.4588 0.5029 -0.7325
vn 0.4077 0.5511 -0.7280
vn 0.3788 0.5511 -0.7435
vn 0.3541 0.5029 -0.7885
vn 0.0558 0.9921 -0.1121
vn 0.0105 0.9998 -0.0148
vn 0.0065 0.9998 -0.0170
vn 0.0622 0.9921 -0.1086
vn -0.0964 0.9939 0.0540
vn -0.0984 0.9939 0.0501
vn -0.0125 0.9999 0.0095
vn -0.0148 0.9999 0.0051
vn -0.7885 0.5029 0.3541
vn -0.7435 0.5511 0.3788
vn -0.7280 0.5511 0.4077
vn -0.7325 0.5029 0.4588
vn -0.1086 0.9921 0.0622
vn -0.0170 0.9998 0.0065
vn -0.0148 0.9998 0.0105
vn -0.1121 0.9921 0.0558
vn 0.0684 0.9939 -0.0868
vn 0.0717 0.9939 -0.0840
vn 0.0079 0.9999 -0.0135
vn 0.0117 0.9999 -0.0104
vn 0.5929 0.5029 -0.6289
vn 0.5419 0.5511 -0.6345
vn 0.5166 0.5511 -0.6553
vn 0.5012 0.5029 -0.7042
vn 0.0766 0.9921 -0.0990
vn 0.0132 0.9998 -0.0125
vn 0.0097 0.9998 -0.0154
vn 0.0822 0.9921 -0.0944
vn -0.1051 0.9939 0.0341
vn -0.1063 0.9939 0.0300
vn -0.0141 0.9999 0.0069
vn -0.0155 0.9999 0.0021
vn -0.8424 0.5029 0.1935
vn -0.8031 0.5511 0.2265
vn -0.7936 0.5511 0.2579
vn -0.8080 0.5029 0.3071
vn -0.1187 0.9921 0.0398
vn -0.0179 0.9998 0.0031
vn -0.0166 0.9998 0.0074
vn -0.1208 0.9921 0.0328
vn 0.0840 0.9939 -0.0717
vn 0.0867 0.9939 -0.0684
vn 0.0104 0.9999 -0.0117
vn 0.0135 0.9999 -0.0079
vn 0.7042 0.5029 -0.5012
vn 0.6553 0.5511 -0.5166
vn 0.6345 0.5511 -0.5419
vn 0.6289 0.5029 -0.5929
vn 0.0944 0.9921 -0.0822
vn 0.0154 0.9998 -0.0097
vn 0.0125 0.9998 -0.0132
vn 0.0990 0.9921 -0.0766
vn -0.1097 0.9939 0.0130
vn -0.1101 0.9939 0.0087
vn -0.0151 0.9999 0.0040
vn -0.0156 0.9999 -0.0010
vn -0.8640 0.5029 0.0255
vn -0.8319 0.5511 0.0655
vn -0.8286 0.5511 0.0981
vn -0.8523 0.5029 0.1436
vn -0.1242 0.9921 0.0159
vn -0.0182 0.9998 -0.0005
vn -0.0177 0.9998 0.0040
vn -0.1249 0.9921 0.0087
vn 0.0964 0.9939 -0.0540
vn 0.0984 0.9939 -0.0501
vn 0.0125 0.9999 -0.0095
vn 0.0148 0.9999 -0.0051
vn 0.7885 0.5029 -0.3541
vn 0.7435 0.5511 -0.3788
vn 0.7280 0.5511 -0.4077
vn 0.7325 0.5029 -0.4588
vn 0.1086 0.9921 -0.0622
vn 0.0170 0.9998 -0.0065
vn 0.0148 0.9998 -0.0105
vn 0.1121 0.9921 -0.0558
vn -0.1101 0.9939 -0.0087
vn -0.1097 0.9939 -0.0130
vn -0.0156 0.9999 0.0010
vn -0.0151 0.9999 -0.0040
vn -0.8523 0.5029 -0.1436
vn -0.8286 0.5511 -0.0981
vn -0.8319 0.5511 -0.0655
vn -0.8640 0.5029 -0.0255
vn -0.1249 0.9921 -0.0087
vn -0.0177 0.9998 -0.0040
vn -0.0182 0.9998 0.0005
vn -0.1242 0.9921 -0.0159
vn -0.9330 -0.0000 -0.3598
vn -0.9495 -0.0000 0.3137
vn 0.9330 -0.0000 0.3598
vn 0.9495 -0.0000 -0.3137
vn 0.0115 -0.9990 -0.0435
vn 0.0358 -0.9526 -0.3021
vn -0.0028 -0.9990 -0.0449
vn 0.0238 -0.9526 -0.3033
vn 0.0044 -1.0000 -0.0043
vn 0.0115 -0.9986 -0.0509
vn 0.0236 -0.9401 -0.3400
vn 0.0289 -0.1985 -0.9797
vn 0.0764 -0.2240 -0.9716
vn 0.1146 -0.2240 -0.9678
vn 0.1628 -0.1985 -0.9665
vn 0.0432 -0.9401 -0.3380
vn -0.0014 -0.9986 -0.0521
vn -0.0034 -1.0000 -0.0051
vn -0.0015 -1.0000 -0.0036
vn 0.0022 -1.0000 -0.0033
vn 0.0197 -0.9990 -0.0404
vn 0.0940 -0.9526 -0.2893
vn 0.0060 -0.9990 -0.0446
vn 0.0826 -0.9526 -0.2928
vn 0.0051 -1.0000 -0.0034
vn 0.0212 -0.9986 -0.0477
vn 0.0894 -0.9401 -0.3288
vn 0.2194 -0.1985 -0.9552
vn 0.2645 -0.2240 -0.9380
vn 0.3012 -0.2240 -0.9269
vn 0.3482 -0.1985 -0.9162
vn 0.1083 -0.9401 -0.3231
vn 0.0088 -0.9986 -0.0514
vn -0.0024 -1.0000 -0.0057
vn -0.0008 -1.0000 -0.0039
vn 0.0028 -1.0000 -0.0028
vn 0.0272 -0.9990 -0.0358
vn 0.1486 -0.9526 -0.2654
vn 0.0146 -0.9990 -0.0425
vn 0.1381 -0.9526 -0.2710
vn 0.0057 -1.0000 -0.0023
vn 0.0301 -0.9986 -0.0426
vn 0.1519 -0.9401 -0.3051
vn 0.4016 -0.1985 -0.8941
vn 0.4424 -0.2240 -0.8684
vn 0.4762 -0.2240 -0.8503
vn 0.5203 -0.1985 -0.8306
vn 0.1693 -0.9401 -0.2958
vn 0.0187 -0.9986 -0.0487
vn -0.0012 -1.0000 -0.0060
vn -0.0000 -1.0000 -0.0039
vn 0.0033 -1.0000 -0.0022
vn 0.0337 -0.9990 -0.0298
vn 0.1976 -0.9526 -0.2313
vn 0.0226 -0.9990 -0.0389
vn 0.1883 -0.9526 -0.2389
vn 0.0060 -1.0000 -0.0012
vn 0.0378 -0.9986 -0.0359
vn 0.2085 -0.9401 -0.2696
vn 0.5683 -0.1985 -0.7985
vn 0.6033 -0.2240 -0.7654
vn 0.6330 -0.2240 -0.7411
vn 0.6723 -0.1985 -0.7131
vn 0.2237 -0.9401 -0.2571
vn 0.0278 -0.9986 -0.0441
vn -0.0000 -1.0000 -0.0061
vn 0.0008 -1.0000 -0.0039
vn 0.0036 -1.0000 -0.0015
vn 0.0389 -0.9990 -0.0226
vn 0.2389 -0.9526 -0.1883
vn 0.0298 -0.9990 -0.0337
vn 0.2313 -0.9526 -0.1976
vn 0.0061 -1.0000 -0.0000
vn 0.0441 -0.9986 -0.0278
vn 0.2571 -0.9401 -0.2237
vn 0.7131 -0.1985 -0.6723
vn 0.7411 -0.2240 -0.6330
vn 0.7654 -0.2240 -0.6033
vn 0.7985 -0.1985 -0.5683
vn 0.2696 -0.9401 -0.2085
vn 0.0359 -0.9986 -0.0378
vn 0.0012 -1.0000 -0.0060
vn 0.0015 -1.0000 -0.0036
vn 0.0039 -1.0000 -0.0008
vn 0.0425 -0.9990 -0.0146
vn 0.2710 -0.9526 -0.1381
vn 0.0358 -0.9990 -0.0272
vn 0.2654 -0.9526 -0.1486
vn 0.0060 -1.0000 0.0012
vn 0.0487 -0.9986 -0.0187
vn 0.2958 -0.9401 -0.1693
vn 0.8306 -0.1985 -0.5203
vn 0.8503 -0.2240 -0.4762
vn 0.8684 -0.2240 -0.4424
vn 0.8941 -0.1985 -0.4016
vn 0.3051 -0.9401 -0.1519
vn 0.0426 -0.9986 -0.0301
vn 0.0023 -1.0000 -0.0057
vn 0.0039 -1.0000 -0.0000
vn 0.0446 -0.9990 -0.0060
vn 0.2928 -0.9526 -0.0826
vn 0.0404 -0.9990 -0.0197
vn 0.2893 -0.9526 -0.0940
vn 0.0057 -1.0000 0.0024
vn 0.0514 -0.9986 -0.0088
vn 0.3231 -0.9401 -0.1083
vn 0.9162 -0.1985 -0.3482
vn 0.9269 -0.2240 -0.3012
vn 0.9380 -0.2240 -0.2645
vn 0.9552 -0.1985 -0.2194
vn 0.3288 -0.9401 -0.0894
vn 0.0477 -0.9986 -0.0212
vn 0.0034 -1.0000 -0.0051
vn 0.0039 -1.0000 0.0008
vn 0.0449 -0.9990 0.0028
vn 0.3033 -0.9526 -0.0238
vn 0.0435 -0.9990 -0.0115
vn 0.3021 -0.9526 -0.0358
vn 0.0051 -1.0000 0.0034
vn 0.0521 -0.9986 0.0014
vn 0.3380 -0.9401 -0.0432
vn 0.9665 -0.1985 -0.1628
vn 0.9678 -0.2240 -0.1146
vn 0.9716 -0.2240 -0.0765
vn 0.9797 -0.1985 -0.0289
vn 0.3400 -0.9401 -0.0236
vn 0.0509 -0.9986 -0.0115
vn 0.0043 -1.0000 -0.0044
vn 0.0036 -1.0000 0.0015
vn 0.0435 -0.9990 0.0115
vn 0.3021 -0.9526 0.0358
vn 0.0449 -0.9990 -0.0028
vn 0.3033 -0.9526 0.0238
vn 0.0043 -1.0000 0.0044
vn 0.0509 -0.9986 0.0115
vn 0.3400 -0.9401 0.0236
vn 0.9797 -0.1985 0.0289
vn 0.9716 -0.2240 0.0765
vn 0.9678 -0.2240 0.1146
vn 0.9665 -0.1985 0.1628
vn 0.3380 -0.9401 0.0432
vn 0.0521 -0.9986 -0.0014
vn 0.0033 -1.0000 0.0022
vn 0.0404 -0.9990 0.0197
vn 0.2893 -0.9526 0.0940
vn 0.0446 -0.9990 0.0060
vn 0.2928 -0.9526 0.0826
vn 0.0034 -1.0000 0.0051
vn 0.0477 -0.9986 0.0212
vn 0.3288 -0.9401 0.0894
vn 0.9552 -0.1985 0.2194
vn 0.9380 -0.2240 0.2645
vn 0.9269 -0.2240 0.3012
vn 0.9162 -0.1985 0.3482
vn 0.3231 -0.9401 0.1083
vn 0.0514 -0.9986 0.0088
vn 0.0057 -1.0000 -0.0024
vn 0.0028 -1.0000 0.0028
vn 0.0358 -0.9990 0.0272
vn 0.2654 -0.9526 0.1486
vn 0.0425 -0.9990 0.0146
vn 0.2710 -0.9526 0.1381
vn 0.0023 -1.0000 0.0057
vn 0.0426 -0.9986 0.0301
vn 0.3051 -0.9401 0.1519
vn 0.8941 -0.1985 0.4016
vn 0.8684 -0.2240 0.4424
vn 0.8503 -0.2240 0.4762
vn 0.8306 -0.1985 0.5203
vn 0.2958 -0.9401 0.1693
vn 0.0487 -0.9986 0.0187
vn 0.0022 -1.0000 0.0033
vn 0.0298 -0.9990 0.0337
vn 0.2313 -0.9526 0.1976
vn 0.0389 -0.9990 0.0226
vn 0.2389 -0.9526 0.1883
vn 0.0012 -1.0000 0.0060
vn 0.0359 -0.9986 0.0378
vn 0.2696 -0.9401 0.2085
vn 0.7985 -0.1985 0.5683
vn 0.7654 -0.2240 0.6033
vn 0.7411 -0.2240 0.6330
vn 0.7131 -0.1985 0.6723
vn 0.2571 -0.9401 0.2237
vn 0.0441 -0.9986 0.0278
vn 0.0015 -1.0000 0.0036
vn 0.0226 -0.9990 0.0389
vn 0.1883 -0.9526 0.2389
vn 0.0337 -0.9990 0.0298
vn 0.1976 -0.9526 0.2313
vn -0.0000 -1.0000 0.0061
vn 0.0278 -0.9986 0.0441
vn 0.2237 -0.9401 0.2571
vn 0.6723 -0.1985 0.7131
vn 0.6330 -0.2240 0.7411
vn 0.6033 -0.2240 0.7654
vn 0.5683 -0.1985 0.7985
vn 0.2085 -0.9401 0.2696
vn 0.0378 -0.9986 0.0359
vn 0.0008 -1.0000 0.0039
vn 0.0146 -0.9990 0.0425
vn 0.1381 -0.9526 0.2710
vn 0.0272 -0.9990 0.0358
vn 0.1486 -0.9526 0.2654
vn -0.0012 -1.0000 0.0060
vn 0.0187 -0.9986 0.0487
vn 0.1693 -0.9401 0.2958
vn 0.5203 -0.1985 0.8306
vn 0.4762 -0.2240 0.8503
vn 0.4424 -0.2240 0.8684
vn 0.4016 -0.1985 0.8941
vn 0.1519 -0.9401 0.3051
vn 0.0301 -0.9986 0.0426
vn 0.0057 -1.0000 0.0023
vn -0.0000 -1.0000 0.0039
vn 0.0060 -0.9990 0.0446
vn 0.0826 -0.9526 0.2928
vn 0.0197 -0.9990 0.0404
vn 0.0940 -0.9526 0.2893
vn -0.0024 -1.0000 0.0057
vn 0.0088 -0.9986 0.0514
vn 0.1083 -0.9401 0.3231
vn 0.3482 -0.1985 0.9162
vn 0.3012 -0.2240 0.9269
vn 0.2645 -0.2240 0.9380
vn 0.2194 -0.1985 0.9552
vn 0.0894 -0.9401 0.3288
vn 0.0212 -0.9986 0.0477
vn -0.0008 -1.0000 0.0039
vn -0.0028 -0.9990 0.0449
vn 0.0238 -0.9526 0.3033
vn 0.0115 -0.9990 0.0435
vn 0.0358 -0.9526 0.3021
vn -0.0034 -1.0000 0.0051
vn -0.0014 -0.9986 0.0521
vn 0.0432 -0.9401 0.3380
vn 0.1628 -0.1985 0.9665
vn 0.1146 -0.2240 0.9678
vn 0.0765 -0.2240 0.9716
vn 0.0289 -0.1985 0.9797
vn 0.0236 -0.9401 0.3400
vn 0.0115 -0.9986 0.0509
vn 0.0044 -1.0000 0.0043
vn -0.0015 -1.0000 0.0036
vn -0.0115 -0.9990 0.0435
vn -0.0358 -0.9526 0.3021
vn 0.0028 -0.9990 0.0449
vn -0.0238 -0.9526 0.3033
vn -0.0044 -1.0000 0.0043
vn -0.0115 -0.9986 0.0509
vn -0.0236 -0.9401 0.3400
vn -0.0289 -0.1985 0.9797
vn -0.0764 -0.2240 0.9716
vn -0.1146 -0.2240 0.9678
vn -0.1628 -0.1985 0.9665
vn -0.0432 -0.9401 0.3380
vn 0.0014 -0.9986 0.0521
vn -0.0022 -1.0000 0.0033
vn -0.0197 -0.9990 0.0404
vn -0.0940 -0.9526 0.2893
vn -0.0060 -0.9990 0.0446
vn -0.0826 -0.9526 0.2928
vn -0.0051 -1.0000 0.0034
vn -0.0212 -0.9986 0.0477
vn -0.0894 -0.9401 0.3288
vn -0.2194 -0.1985 0.9552
vn -0.2645 -0.2240 0.9380
vn -0.3012 -0.2240 0.9269
vn -0.3482 -0.1985 0.9162
vn -0.1083 -0.9401 0.3231
vn -0.0088 -0.9986 0.0514
vn 0.0024 -1.0000 0.0057
vn -0.0028 -1.0000 0.0028
vn -0.0272 -0.9990 0.0358
vn -0.1486 -0.9526 0.2654
vn -0.0146 -0.9990 0.0425
vn -0.1381 -0.9526 0.2710
vn -0.0057 -1.0000 0.0023
vn -0.0301 -0.9986 0.0426
vn -0.1519 -0.9401 0.3051
vn -0.4016 -0.1985 0.8941
vn -0.4424 -0.2240 0.8684
vn -0.4762 -0.2240 0.8503
vn -0.5203 -0.1985 0.8306
vn -0.1693 -0.9401 0.2958
vn -0.0187 -0.9986 0.0487
vn -0.0033 -1.0000 0.0022
vn -0.0337 -0.9990 0.0298
vn -0.1976 -0.9526 0.2313
vn -0.0226 -0.9990 0.0389
vn -0.1883 -0.9526 0.2389
vn -0.0060 -1.0000 0.0012
vn -0.0378 -0.9986 0.0359
vn -0.2085 -0.9401 0.2696
vn -0.5683 -0.1985 0.7985
vn -0.6033 -0.2240 0.7654
vn -0.6330 -0.2240 0.7411
vn -0.6723 -0.1985 0.7131
vn -0.2237 -0.9401 0.2571
vn -0.0278 -0.9986 0.0441
vn -0.0036 -1.0000 0.0015
vn -0.0389 -0.9990 0.0226
vn -0.2389 -0.9526 0.1883
vn -0.0298 -0.9990 0.0337
vn -0.2313 -0.9526 0.1976
vn -0.0061 -1.0000 -0.0000
vn -0.0441 -0.9986 0.0278
vn -0.2571 -0.9401 0.2237
vn -0.7131 -0.1985 0.6723
vn -0.7411 -0.2240 0.6330
vn -0.7654 -0.2240 0.6033
vn -0.7985 -0.1985 0.5683
vn -0.2696 -0.9401 0.2085
vn -0.0359 -0.9986 0.0378
vn -0.0039 -1.0000 0.0008
vn -0.0425 -0.9990 0.0146
vn -0.2710 -0.9526 0.1381
vn -0.0358 -0.9990 0.0272
vn -0.2654 -0.9526 0.1487
vn -0.0060 -1.0000 -0.0012
vn -0.0487 -0.9986 0.0187
vn -0.2958 -0.9401 0.1693
vn -0.8306 -0.1985 0.5203
vn -0.8503 -0.2240 0.4762
vn -0.8684 -0.2240 0.4424
vn -0.8941 -0.1985 0.4016
vn -0.3051 -0.9401 0.1519
vn -0.0426 -0.9986 0.0301
vn -0.0023 -1.0000 0.0057
vn -0.0039 -1.0000 -0.0000
vn -0.0446 -0.9990 0.0060
vn -0.2928 -0.9526 0.0826
vn -0.0404 -0.9990 0.0197
vn -0.2893 -0.9526 0.0940
vn -0.0057 -1.0000 -0.0024
vn -0.0514 -0.9986 0.0088
vn -0.3231 -0.9401 0.1083
vn -0.9162 -0.1985 0.3482
vn -0.9269 -0.2240 0.3012
vn -0.9380 -0.2240 0.2645
vn -0.9552 -0.1985 0.2194
vn -0.3288 -0.9401 0.0894
vn -0.0477 -0.9986 0.0212
vn -0.0039 -1.0000 -0.0008
vn -0.0449 -0.9990 -0.0028
vn -0.3033 -0.9526 0.0238
vn -0.0435 -0.9990 0.0115
vn -0.3021 -0.9526 0.0358
vn -0.0051 -1.0000 -0.0034
vn -0.0521 -0.9986 -0.0014
vn -0.3380 -0.9401 0.0432
vn -0.9665 -0.1985 0.1628
vn -0.9678 -0.2240 0.1146
vn -0.9716 -0.2240 0.0765
vn -0.9797 -0.1985 0.0289
vn -0.3400 -0.9401 0.0236
vn -0.0509 -0.9986 0.0115
vn -0.0043 -1.0000 0.0044
vn -0.0036 -1.0000 -0.0015
vn -0.0435 -0.9990 -0.0115
vn -0.3021 -0.9526 -0.0358
vn -0.0449 -0.9990 0.0028
vn -0.3033 -0.9526 -0.0238
vn -0.0043 -1.0000 -0.0044
vn -0.0509 -0.9986 -0.0115
vn -0.3400 -0.9401 -0.0236
vn -0.9797 -0.1985 -0.0289
vn -0.9716 -0.2240 -0.0765
vn -0.9678 -0.2240 -0.1146
vn -0.9665 -0.1985 -0.1628
vn -0.3380 -0.9401 -0.0432
vn -0.0521 -0.9986 0.0014
vn -0.0033 -1.0000 -0.0022
vn -0.0404 -0.9990 -0.0197
vn -0.2893 -0.9526 -0.0940
vn -0.0446 -0.9990 -0.0060
vn -0.2928 -0.9526 -0.0826
vn -0.0477 -0.9986 -0.0212
vn -0.3288 -0.9401 -0.0894
vn -0.9552 -0.1985 -0.2194
vn -0.9380 -0.2240 -0.2645
vn -0.9269 -0.2240 -0.3012
vn -0.9162 -0.1985 -0.3482
vn -0.3231 -0.9401 -0.1083
vn -0.0514 -0.9986 -0.0088
vn -0.0057 -1.0000 0.0024
vn -0.0028 -1.0000 -0.0028
vn -0.0358 -0.9990 -0.0272
vn -0.2654 -0.9526 -0.1486
vn -0.0425 -0.9990 -0.0146
vn -0.2710 -0.9526 -0.1381
vn -0.0023 -1.0000 -0.0057
vn -0.0426 -0.9986 -0.0301
vn -0.3051 -0.9401 -0.1519
vn -0.8941 -0.1985 -0.4016
vn -0.8684 -0.2240 -0.4424
vn -0.8503 -0.2240 -0.4762
vn -0.8306 -0.1985 -0.5203
vn -0.2958 -0.9401 -0.1693
vn -0.0487 -0.9986 -0.0187
vn -0.0022 -1.0000 -0.0033
vn -0.0298 -0.9990 -0.0337
vn -0.2313 -0.9526 -0.1976
vn -0.0389 -0.9990 -0.0226
vn -0.2389 -0.9526 -0.1883
vn -0.0359 -0.9986 -0.0378
vn -0.2696 -0.9401 -0.2085
vn -0.7985 -0.1985 -0.5683
vn -0.7654 -0.2240 -0.6033
vn -0.7411 -0.2240 -0.6330
vn -0.7131 -0.1985 -0.6723
vn -0.2571 -0.9401 -0.2237
vn -0.0441 -0.9986 -0.0278
vn -0.0226 -0.9990 -0.0389
vn -0.1883 -0.9526 -0.2389
vn -0.0337 -0.9990 -0.0298
vn -0.1976 -0.9526 -0.2313
vn -0.0278 -0.9986 -0.0441
vn -0.2237 -0.9401 -0.2571
vn -0.6723 -0.1985 -0.7131
vn -0.6330 -0.2240 -0.7411
vn -0.6033 -0.2240 -0.7654
vn -0.5683 -0.1985 -0.7985
vn -0.2085 -0.9401 -0.2696
vn -0.0378 -0.9986 -0.0359
vn -0.0146 -0.9990 -0.0425
vn -0.1381 -0.9526 -0.2710
vn -0.0272 -0.9990 -0.0358
vn -0.1486 -0.9526 -0.2654
vn -0.0187 -0.9986 -0.0487
vn -0.1693 -0.9401 -0.2958
vn -0.5203 -0.1985 -0.8306
vn -0.4762 -0.2240 -0.8503
vn -0.4424 -0.2240 -0.8684
vn -0.4016 -0.1985 -0.8941
vn -0.1519 -0.9401 -0.3051
vn -0.0301 -0.9986 -0.0426
vn -0.0057 -1.0000 -0.0023
vn -0.0060 -0.9990 -0.0446
vn -0.0826 -0.9526 -0.2928
vn -0.0197 -0.9990 -0.0404
vn -0.0940 -0.9526 -0.2893
vn 0.0024 -1.0000 -0.0057
vn -0.0088 -0.9986 -0.0514
vn -0.1083 -0.9401 -0.3231
vn -0.3482 -0.1985 -0.9162
vn -0.3012 -0.2240 -0.9269
vn -0.2645 -0.2240 -0.9380
vn -0.2194 -0.1985 -0.9552
vn -0.0894 -0.9401 -0.3288
vn -0.0212 -0.9986 -0.0477
vn 0.0028 -0.9990 -0.0449
vn -0.0238 -0.9526 -0.3033
vn -0.0115 -0.9990 -0.0435
vn -0.0358 -0.9526 -0.3021
vn 0.0014 -0.9986 -0.0521
vn -0.0432 -0.9401 -0.3380
vn -0.1628 -0.1985 -0.9665
vn -0.1146 -0.2240 -0.9678
vn -0.0764 -0.2240 -0.9716
vn -0.0289 -0.1985 -0.9797
vn -0.0236 -0.9401 -0.3400
vn -0.0115 -0.9986 -0.0509
vn -0.0044 -1.0000 -0.0043
vn -0.9049 0.4107 -0.1116
vn -0.9093 0.4107 -0.0671
vn -0.9791 0.1637 -0.1207
vn -0.9838 0.1637 -0.0726
vn -0.6766 0.7269 -0.1174
vn -0.6816 0.7269 -0.0840
vn -0.6849 0.7269 -0.0505
vn -0.6865 0.7269 -0.0169
vn -0.9115 0.4107 -0.0224
vn -0.9862 0.1637 -0.0243
vn -0.9993 0.0286 -0.0246
vn -0.9969 0.0286 -0.0736
vn -0.9921 0.0286 -0.1223
vn -0.9849 0.0286 -0.1708
vn -0.9720 0.1637 -0.1686
vn -0.8984 0.4107 -0.1558
vn 0.8144 0.4107 -0.4100
vn 0.7933 0.4107 -0.4494
vn 0.8812 0.1637 -0.4436
vn 0.8584 0.1637 -0.4862
vn 0.6278 0.7269 -0.2783
vn 0.6134 0.7269 -0.3088
vn 0.5975 0.7269 -0.3385
vn 0.5802 0.7269 -0.3674
vn 0.7703 0.4107 -0.4878
vn 0.8335 0.1637 -0.5277
vn 0.8445 0.0286 -0.5347
vn 0.8697 0.0286 -0.4927
vn 0.8928 0.0286 -0.4495
vn 0.9138 0.0286 -0.4051
vn 0.9019 0.1637 -0.3998
vn 0.8335 0.4107 -0.3695
vn -0.9093 0.4107 0.0671
vn -0.9049 0.4107 0.1116
vn -0.9838 0.1637 0.0726
vn -0.9791 0.1637 0.1207
vn -0.6865 0.7269 0.0169
vn -0.6849 0.7269 0.0505
vn -0.6816 0.7269 0.0840
vn -0.6766 0.7269 0.1174
vn -0.8984 0.4107 0.1558
vn -0.9720 0.1637 0.1686
vn -0.9849 0.0286 0.1709
vn -0.9921 0.0286 0.1223
vn -0.9969 0.0286 0.0736
vn -0.9993 0.0286 0.0246
vn -0.9862 0.1637 0.0243
vn -0.9115 0.4107 0.0224
vn 0.7188 0.4107 -0.5610
vn 0.6904 0.4107 -0.5955
vn 0.7777 0.1637 -0.6070
vn 0.7470 0.1637 -0.6443
vn 0.5614 0.7269 -0.3954
vn 0.5414 0.7269 -0.4225
vn 0.5200 0.7269 -0.4485
vn 0.4974 0.7269 -0.4735
vn 0.6604 0.4107 -0.6287
vn 0.7145 0.1637 -0.6802
vn 0.7240 0.0286 -0.6892
vn 0.7569 0.0286 -0.6529
vn 0.7880 0.0286 -0.6150
vn 0.8172 0.0286 -0.5756
vn 0.8065 0.1637 -0.5681
vn 0.7454 0.4107 -0.5250
vn -0.8787 0.4107 0.2432
vn -0.8658 0.4107 0.2860
vn -0.9508 0.1637 0.2631
vn -0.9367 0.1637 0.3094
vn -0.6700 0.7269 0.1505
vn -0.6618 0.7269 0.1832
vn -0.6521 0.7269 0.2154
vn -0.6407 0.7269 0.2471
vn -0.8507 0.4107 0.3281
vn -0.9204 0.1637 0.3550
vn -0.9326 0.0286 0.3597
vn -0.9492 0.0286 0.3135
vn -0.9634 0.0286 0.2666
vn -0.9753 0.0286 0.2191
vn -0.9625 0.1637 0.2162
vn -0.8896 0.4107 0.1998
vn 0.5955 0.4107 -0.6904
vn 0.5610 0.4107 -0.7188
vn 0.6443 0.1637 -0.7470
vn 0.6070 0.1637 -0.7777
vn 0.4735 0.7269 -0.4974
vn 0.4485 0.7269 -0.5200
vn 0.4225 0.7269 -0.5414
vn 0.3954 0.7269 -0.5614
vn 0.5250 0.4107 -0.7454
vn 0.5681 0.1637 -0.8065
vn 0.5756 0.0286 -0.8172
vn 0.6150 0.0286 -0.7880
vn 0.6529 0.0286 -0.7569
vn 0.6892 0.0286 -0.7240
vn 0.6802 0.1637 -0.7145
vn 0.6287 0.4107 -0.6604
vn -0.8144 0.4107 0.4100
vn -0.7933 0.4107 0.4494
vn -0.8812 0.1637 0.4436
vn -0.8584 0.1637 0.4862
vn -0.6278 0.7269 0.2783
vn -0.6134 0.7269 0.3088
vn -0.5975 0.7269 0.3385
vn -0.5802 0.7269 0.3674
vn -0.7703 0.4107 0.4878
vn -0.8335 0.1637 0.5277
vn -0.8445 0.0286 0.5347
vn -0.8697 0.0286 0.4927
vn -0.8928 0.0286 0.4495
vn -0.9138 0.0286 0.4051
vn -0.9019 0.1637 0.3998
vn -0.8335 0.4107 0.3695
vn 0.4494 0.4107 -0.7933
vn 0.4100 0.4107 -0.8144
vn 0.4862 0.1637 -0.8584
vn 0.4436 0.1637 -0.8812
vn 0.3674 0.7269 -0.5802
vn 0.3385 0.7269 -0.5975
vn 0.3088 0.7269 -0.6134
vn 0.2783 0.7269 -0.6278
vn 0.3695 0.4107 -0.8335
vn 0.3998 0.1637 -0.9019
vn 0.4051 0.0286 -0.9138
vn 0.4495 0.0286 -0.8928
vn 0.4927 0.0286 -0.8697
vn 0.5347 0.0286 -0.8445
vn 0.5277 0.1637 -0.8335
vn 0.4878 0.4107 -0.7703
vn 0.0671 0.4107 0.9093
vn 0.1116 0.4107 0.9049
vn 0.0726 0.1637 0.9838
vn 0.1207 0.1637 0.9791
vn 0.0169 0.7269 0.6865
vn 0.0505 0.7269 0.6848
vn 0.0840 0.7269 0.6816
vn 0.1174 0.7269 0.6766
vn 0.1558 0.4107 0.8984
vn 0.1686 0.1637 0.9720
vn 0.1709 0.0286 0.9849
vn 0.1223 0.0286 0.9921
vn 0.0736 0.0286 0.9969
vn 0.0246 0.0286 0.9993
vn 0.0243 0.1637 0.9862
vn 0.0224 0.4107 0.9115
vn -0.7188 0.4107 0.5610
vn -0.6904 0.4107 0.5955
vn -0.7777 0.1637 0.6070
vn -0.7470 0.1637 0.6443
vn -0.5614 0.7269 0.3954
vn -0.5414 0.7269 0.4225
vn -0.5200 0.7269 0.4485
vn -0.4974 0.7269 0.4735
vn -0.6604 0.4107 0.6287
vn -0.7145 0.1637 0.6802
vn -0.7240 0.0286 0.6892
vn -0.7569 0.0286 0.6529
vn -0.7880 0.0286 0.6150
vn -0.8172 0.0286 0.5756
vn -0.8065 0.1637 0.5681
vn -0.7454 0.4107 0.5250
vn 0.2860 0.4107 -0.8658
vn 0.2432 0.4107 -0.8787
vn 0.3094 0.1637 -0.9367
vn 0.2631 0.1637 -0.9508
vn 0.2471 0.7269 -0.6407
vn 0.2154 0.7269 -0.6521
vn 0.1832 0.7269 -0.6618
vn 0.1505 0.7269 -0.6700
vn 0.1998 0.4107 -0.8896
vn 0.2162 0.1637 -0.9625
vn 0.2191 0.0286 -0.9753
vn 0.2666 0.0286 -0.9634
vn 0.3135 0.0286 -0.9492
vn 0.3597 0.0286 -0.9326
vn 0.3550 0.1637 -0.9204
vn 0.3281 0.4107 -0.8507
vn 0.2432 0.4107 0.8787
vn 0.2860 0.4107 0.8658
vn 0.2631 0.1637 0.9508
vn 0.3094 0.1637 0.9367
vn 0.1505 0.7269 0.6700
vn 0.1832 0.7269 0.6618
vn 0.2154 0.7269 0.6521
vn 0.2471 0.7269 0.6407
vn 0.3281 0.4107 0.8507
vn 0.3550 0.1637 0.9204
vn 0.3597 0.0286 0.9326
vn 0.3135 0.0286 0.9492
vn 0.2666 0.0286 0.9634
vn 0.2191 0.0286 0.9753
vn 0.2162 0.1637 0.9625
vn 0.1998 0.4107 0.8896
vn -0.5955 0.4107 0.6904
vn -0.5610 0.4107 0.7188
vn -0.6443 0.1637 0.7470
vn -0.6070 0.1637 0.7777
vn -0.4735 0.7269 0.4974
vn -0.4485 0.7269 0.5200
vn -0.4225 0.7269 0.5414
vn -0.3954 0.7269 0.5614
vn -0.5250 0.4107 0.7454
vn -0.5681 0.1637 0.8065
vn -0.5756 0.0286 0.8172
vn -0.6150 0.0286 0.7880
vn -0.6529 0.0286 0.7569
vn -0.6892 0.0286 0.7240
vn -0.6802 0.1637 0.7145
vn -0.6287 0.4107 0.6604
vn 0.1116 0.4107 -0.9049
vn 0.0671 0.4107 -0.9093
vn 0.1207 0.1637 -0.9791
vn 0.0726 0.1637 -0.9838
vn 0.1174 0.7269 -0.6766
vn 0.0840 0.7269 -0.6816
vn 0.0505 0.7269 -0.6849
vn 0.0169 0.7269 -0.6865
vn 0.0224 0.4107 -0.9115
vn 0.0243 0.1637 -0.9862
vn 0.0246 0.0286 -0.9993
vn 0.0736 0.0286 -0.9969
vn 0.1223 0.0286 -0.9921
vn 0.1708 0.0286 -0.9849
vn 0.1686 0.1637 -0.9720
vn 0.1558 0.4107 -0.8984
vn 0.4100 0.4107 0.8144
vn 0.4494 0.4107 0.7933
vn 0.4436 0.1637 0.8812
vn 0.4862 0.1637 0.8584
vn 0.2783 0.7269 0.6278
vn 0.3088 0.7269 0.6134
vn 0.3385 0.7269 0.5975
vn 0.3674 0.7269 0.5802
vn 0.4878 0.4107 0.7704
vn 0.5277 0.1637 0.8335
vn 0.5347 0.0286 0.8445
vn 0.4927 0.0286 0.8697
vn 0.4495 0.0286 0.8928
vn 0.4051 0.0286 0.9138
vn 0.3998 0.1637 0.9019
vn 0.3695 0.4107 0.8336
vn -0.4494 0.4107 0.7933
vn -0.4100 0.4107 0.8144
vn -0.4862 0.1637 0.8584
vn -0.4436 0.1637 0.8812
vn -0.3674 0.7269 0.5802
vn -0.3385 0.7269 0.5975
vn -0.3088 0.7269 0.6134
vn -0.2783 0.7269 0.6278
vn -0.3695 0.4107 0.8335
vn -0.3998 0.1637 0.9019
vn -0.4051 0.0286 0.9138
vn -0.4495 0.0286 0.8928
vn -0.4927 0.0286 0.8697
vn -0.5347 0.0286 0.8445
vn -0.5277 0.1637 0.8335
vn -0.4878 0.4107 0.7703
vn -0.0671 0.4107 -0.9093
vn -0.1116 0.4107 -0.9049
vn -0.0726 0.1637 -0.9838
vn -0.1207 0.1637 -0.9791
vn -0.0169 0.7269 -0.6865
vn -0.0505 0.7269 -0.6848
vn -0.0840 0.7269 -0.6816
vn -0.1174 0.7269 -0.6766
vn -0.1558 0.4107 -0.8984
vn -0.1686 0.1637 -0.9720
vn -0.1709 0.0286 -0.9849
vn -0.1223 0.0286 -0.9921
vn -0.0736 0.0286 -0.9969
vn -0.0246 0.0286 -0.9993
vn -0.0243 0.1637 -0.9862
vn -0.0224 0.4107 -0.9115
vn 0.5610 0.4107 0.7188
vn 0.5955 0.4107 0.6904
vn 0.6070 0.1637 0.7777
vn 0.6443 0.1637 0.7470
vn 0.3954 0.7269 0.5614
vn 0.4225 0.7269 0.5414
vn 0.4485 0.7269 0.5200
vn 0.4735 0.7269 0.4974
vn 0.6287 0.4107 0.6604
vn 0.6802 0.1637 0.7145
vn 0.6892 0.0286 0.7240
vn 0.6529 0.0286 0.7569
vn 0.6150 0.0286 0.7880
vn 0.5756 0.0286 0.8172
vn 0.5681 0.1637 0.8065
vn 0.5250 0.4107 0.7454
vn -0.2860 0.4107 0.8658
vn -0.2432 0.4107 0.8787
vn -0.3094 0.1637 0.9367
vn -0.2631 0.1637 0.9508
vn -0.2471 0.7269 0.6407
vn -0.2154 0.7269 0.6521
vn -0.1832 0.7269 0.6618
vn -0.1505 0.7269 0.6700
vn -0.1998 0.4107 0.8896
vn -0.2162 0.1637 0.9625
vn -0.2191 0.0286 0.9753
vn -0.2666 0.0286 0.9634
vn -0.3135 0.0286 0.9492
vn -0.3597 0.0286 0.9326
vn -0.3550 0.1637 0.9204
vn -0.3281 0.4107 0.8507
vn -0.2432 0.4107 -0.8787
vn -0.2860 0.4107 -0.8658
vn -0.2631 0.1637 -0.9508
vn -0.3094 0.1637 -0.9367
vn -0.1505 0.7269 -0.6700
vn -0.1832 0.7269 -0.6618
vn -0.2154 0.7269 -0.6521
vn -0.2471 0.7269 -0.6407
vn -0.3281 0.4107 -0.8507
vn -0.3550 0.1637 -0.9204
vn -0.3597 0.0286 -0.9326
vn -0.3135 0.0286 -0.9492
vn -0.2666 0.0286 -0.9634
vn -0.2191 0.0286 -0.9753
vn -0.2162 0.1637 -0.9625
vn -0.1998 0.4107 -0.8896
vn 0.6904 0.4107 0.5955
vn 0.7188 0.4107 0.5610
vn 0.7470 0.1637 0.6443
vn 0.7777 0.1637 0.6070
vn 0.4974 0.7269 0.4735
vn 0.5200 0.7269 0.4485
vn 0.5414 0.7269 0.4225
vn 0.5614 0.7269 0.3954
vn 0.7454 0.4107 0.5250
vn 0.8065 0.1637 0.5681
vn 0.8172 0.0286 0.5756
vn 0.7880 0.0286 0.6150
vn 0.7569 0.0286 0.6529
vn 0.7240 0.0286 0.6892
vn 0.7145 0.1637 0.6802
vn 0.6604 0.4107 0.6287
vn -0.1116 0.4107 0.9049
vn -0.0671 0.4107 0.9093
vn -0.1207 0.1637 0.9791
vn -0.0726 0.1637 0.9838
vn -0.1174 0.7269 0.6766
vn -0.0840 0.7269 0.6816
vn -0.0505 0.7269 0.6849
vn -0.0169 0.7269 0.6865
vn -0.0224 0.4107 0.9115
vn -0.0243 0.1637 0.9862
vn -0.0246 0.0286 0.9993
vn -0.0736 0.0286 0.9969
vn -0.1223 0.0286 0.9921
vn -0.1708 0.0286 0.9849
vn -0.1686 0.1637 0.9720
vn -0.1558 0.4107 0.8984
vn -0.4100 0.4107 -0.8144
vn -0.4494 0.4107 -0.7933
vn -0.4436 0.1637 -0.8812
vn -0.4862 0.1637 -0.8584
vn -0.2783 0.7269 -0.6278
vn -0.3088 0.7269 -0.6134
vn -0.3385 0.7269 -0.5975
vn -0.3674 0.7269 -0.5802
vn -0.4878 0.4107 -0.7704
vn -0.5277 0.1637 -0.8335
vn -0.5347 0.0286 -0.8445
vn -0.4927 0.0286 -0.8697
vn -0.4495 0.0286 -0.8928
vn -0.4051 0.0286 -0.9138
vn -0.3998 0.1637 -0.9019
vn -0.3695 0.4107 -0.8336
vn 0.7933 0.4107 0.4494
vn 0.8144 0.4107 0.4100
vn 0.8584 0.1637 0.4862
vn 0.8812 0.1637 0.4436
vn 0.5802 0.7269 0.3674
vn 0.5975 0.7269 0.3385
vn 0.6134 0.7269 0.3088
vn 0.6278 0.7269 0.2783
vn 0.8335 0.4107 0.3695
vn 0.9019 0.1637 0.3998
vn 0.9138 0.0286 0.4051
vn 0.8928 0.0286 0.4495
vn 0.8697 0.0286 0.4927
vn 0.8445 0.0286 0.5347
vn 0.8335 0.1637 0.5277
vn 0.7703 0.4107 0.4878
vn -0.5610 0.4107 -0.7188
vn -0.5955 0.4107 -0.6904
vn -0.6070 0.1637 -0.7777
vn -0.6443 0.1637 -0.7470
vn -0.3954 0.7269 -0.5614
vn -0.4225 0.7269 -0.5414
vn -0.4485 0.7269 -0.5200
vn -0.4735 0.7269 -0.4974
vn -0.6287 0.4107 -0.6604
vn -0.6802 0.1637 -0.7145
vn -0.6892 0.0286 -0.7240
vn -0.6529 0.0286 -0.7569
vn -0.6150 0.0286 -0.7880
vn -0.5756 0.0286 -0.8172
vn -0.5681 0.1637 -0.8065
vn -0.5250 0.4107 -0.7454
vn 0.8658 0.4107 0.2860
vn 0.8787 0.4107 0.2432
vn 0.9367 0.1637 0.3094
vn 0.9508 0.1637 0.2631
vn 0.6407 0.7269 0.2471
vn 0.6521 0.7269 0.2154
vn 0.6618 0.7269 0.1832
vn 0.6700 0.7269 0.1505
vn 0.8896 0.4107 0.1998
vn 0.9625 0.1637 0.2162
vn 0.9753 0.0286 0.2191
vn 0.9634 0.0286 0.2666
vn 0.9492 0.0286 0.3135
vn 0.9326 0.0286 0.3597
vn 0.9204 0.1637 0.3550
vn 0.8507 0.4107 0.3281
vn -0.6904 0.4107 -0.5955
vn -0.7188 0.4107 -0.5610
vn -0.7470 0.1637 -0.6443
vn -0.7777 0.1637 -0.6070
vn -0.4974 0.7269 -0.4735
vn -0.5200 0.7269 -0.4485
vn -0.5414 0.7269 -0.4225
vn -0.5614 0.7269 -0.3954
vn -0.7454 0.4107 -0.5250
vn -0.8065 0.1637 -0.5681
vn -0.8172 0.0286 -0.5756
vn -0.7880 0.0286 -0.6150
vn -0.7569 0.0286 -0.6529
vn -0.7240 0.0286 -0.6892
vn -0.7145 0.1637 -0.6802
vn -0.6604 0.4107 -0.6287
vn 0.9049 0.4107 0.1116
vn 0.9093 0.4107 0.0671
vn 0.9791 0.1637 0.1207
vn 0.9838 0.1637 0.0726
vn 0.6766 0.7269 0.1174
vn 0.6816 0.7269 0.0840
vn 0.6849 0.7269 0.0505
vn 0.6865 0.7269 0.0169
vn 0.9115 0.4107 0.0224
vn 0.9862 0.1637 0.0243
vn 0.9993 0.0286 0.0246
vn 0.9969 0.0286 0.0736
vn 0.9921 0.0286 0.1223
vn 0.9849 0.0286 0.1708
vn 0.9720 0.1637 0.1686
vn 0.8984 0.4107 0.1558
vn -0.7933 0.4107 -0.4494
vn -0.8144 0.4107 -0.4100
vn -0.8584 0.1637 -0.4862
vn -0.8812 0.1637 -0.4436
vn -0.5802 0.7269 -0.3674
vn -0.5975 0.7269 -0.3385
vn -0.6134 0.7269 -0.3088
vn -0.6278 0.7269 -0.2783
vn -0.8335 0.4107 -0.3695
vn -0.9019 0.1637 -0.3998
vn -0.9138 0.0286 -0.4051
vn -0.8928 0.0286 -0.4495
vn -0.8697 0.0286 -0.4927
vn -0.8445 0.0286 -0.5347
vn -0.8335 0.1637 -0.5277
vn -0.7703 0.4107 -0.4878
vn 0.9093 0.4107 -0.0671
vn 0.9049 0.4107 -0.1116
vn 0.9838 0.1637 -0.0726
vn 0.9791 0.1637 -0.1207
vn 0.6865 0.7269 -0.0169
vn 0.6849 0.7269 -0.0505
vn 0.6816 0.7269 -0.0840
vn 0.6766 0.7269 -0.1174
vn 0.8984 0.4107 -0.1558
vn 0.9720 0.1637 -0.1686
vn 0.9849 0.0286 -0.1709
vn 0.9921 0.0286 -0.1223
vn 0.9969 0.0286 -0.0736
vn 0.9993 0.0286 -0.0246
vn 0.9862 0.1637 -0.0243
vn 0.9115 0.4107 -0.0224
vn -0.8658 0.4107 -0.2860
vn -0.8787 0.4107 -0.2432
vn -0.9367 0.1637 -0.3094
vn -0.9508 0.1637 -0.2631
vn -0.6407 0.7269 -0.2471
vn -0.6521 0.7269 -0.2154
vn -0.6618 0.7269 -0.1832
vn -0.6700 0.7269 -0.1505
vn -0.8896 0.4107 -0.1998
vn -0.9625 0.1637 -0.2162
vn -0.9753 0.0286 -0.2191
vn -0.9634 0.0286 -0.2666
vn -0.9492 0.0286 -0.3135
vn -0.9326 0.0286 -0.3597
vn -0.9204 0.1637 -0.3550
vn -0.8507 0.4107 -0.3281
vn 0.8787 0.4107 -0.2432
vn 0.8658 0.4107 -0.2860
vn 0.9508 0.1637 -0.2631
vn 0.9367 0.1637 -0.3094
vn 0.6700 0.7269 -0.1505
vn 0.6618 0.7269 -0.1832
vn 0.6521 0.7269 -0.2154
vn 0.6407 0.7269 -0.2471
vn 0.8507 0.4107 -0.3281
vn 0.9204 0.1637 -0.3550
vn 0.9326 0.0286 -0.3597
vn 0.9492 0.0286 -0.3135
vn 0.9634 0.0286 -0.2666
vn 0.9753 0.0286 -0.2191
vn 0.9625 0.1637 -0.2162
vn 0.8896 0.4107 -0.1998
vt 0.712242 0.011030
vt 0.712983 0.011073
vt 0.712539 0.016772
vt 0.711480 0.016704
vt 0.713340 0.011094
vt 0.713027 0.016806
vt 0.712186 0.022459
vt 0.711015 0.022374
vt 0.712726 0.022507
vt 0.713127 0.005351
vt 0.713304 0.005360
vt 0.710433 0.010928
vt 0.713482 0.005369
vt 0.713660 0.005378
vt 0.713838 0.005387
vt 0.713542 0.011106
vt 0.713247 0.016824
vt 0.712952 0.022543
vt 0.712657 0.028261
vt 0.712435 0.028177
vt 0.711890 0.028117
vt 0.710709 0.028022
vt 0.708879 0.022226
vt 0.708572 0.027858
vt 0.709402 0.016575
vt 0.710430 0.033636
vt 0.711607 0.033737
vt 0.711327 0.039330
vt 0.710154 0.039226
vt 0.712150 0.033791
vt 0.711868 0.039376
vt 0.711052 0.044912
vt 0.709882 0.044805
vt 0.711590 0.044953
vt 0.708303 0.033458
vt 0.712375 0.033827
vt 0.712094 0.039393
vt 0.711812 0.044959
vt 0.711531 0.050525
vt 0.711319 0.050538
vt 0.710782 0.050499
vt 0.709614 0.050388
vt 0.707768 0.044602
vt 0.707502 0.050176
vt 0.708035 0.039034
vt 0.709351 0.055987
vt 0.710520 0.056101
vt 0.710265 0.061722
vt 0.709093 0.061607
vt 0.711059 0.056143
vt 0.710806 0.061764
vt 0.710014 0.067362
vt 0.708839 0.067249
vt 0.710557 0.067399
vt 0.707238 0.055769
vt 0.711281 0.056148
vt 0.711032 0.061771
vt 0.710782 0.067394
vt 0.710533 0.073018
vt 0.710313 0.073059
vt 0.709769 0.073029
vt 0.708589 0.072918
vt 0.706714 0.067029
vt 0.706456 0.072699
vt 0.706975 0.061386
vt 0.708344 0.078617
vt 0.709529 0.078728
vt 0.709294 0.084458
vt 0.708103 0.084346
vt 0.710077 0.078764
vt 0.709845 0.084498
vt 0.709063 0.090215
vt 0.707865 0.090105
vt 0.709616 0.090249
vt 0.706202 0.078399
vt 0.710304 0.078759
vt 0.710076 0.084501
vt 0.709847 0.090242
vt 0.709619 0.095984
vt 0.709391 0.096031
vt 0.708835 0.096004
vt 0.707631 0.095896
vt 0.705701 0.089890
vt 0.705456 0.095682
vt 0.705950 0.084129
vt 0.707400 0.101719
vt 0.708611 0.101828
vt 0.708391 0.107684
vt 0.707173 0.107575
vt 0.709171 0.101861
vt 0.708954 0.107722
vt 0.708173 0.113569
vt 0.706948 0.113462
vt 0.708739 0.113603
vt 0.705213 0.101506
vt 0.709404 0.101854
vt 0.709190 0.107724
vt 0.708975 0.113595
vt 0.708761 0.119465
vt 0.708527 0.119514
vt 0.707958 0.119487
vt 0.706727 0.119382
vt 0.704737 0.113250
vt 0.704503 0.119171
vt 0.704974 0.107362
vt 0.706509 0.125335
vt 0.707747 0.125442
vt 0.707539 0.131429
vt 0.706293 0.131321
vt 0.708319 0.125474
vt 0.708115 0.131466
vt 0.707333 0.137446
vt 0.706081 0.137339
vt 0.707912 0.137478
vt 0.704273 0.125124
vt 0.708558 0.125466
vt 0.708356 0.131468
vt 0.708153 0.137469
vt 0.707951 0.143470
vt 0.707712 0.143521
vt 0.707131 0.143496
vt 0.705872 0.143391
vt 0.703820 0.137130
vt 0.703598 0.143182
vt 0.704045 0.131110
vt 0.705666 0.149477
vt 0.706931 0.149583
vt 0.706736 0.155703
vt 0.705462 0.155596
vt 0.707517 0.149614
vt 0.707324 0.155740
vt 0.706542 0.161854
vt 0.705262 0.161749
vt 0.707134 0.161885
vt 0.703379 0.149268
vt 0.707761 0.149605
vt 0.707571 0.155740
vt 0.707381 0.161876
vt 0.707191 0.168011
vt 0.706947 0.168063
vt 0.706352 0.168039
vt 0.705065 0.167936
vt 0.702950 0.161541
vt 0.702740 0.167728
vt 0.703163 0.155388
vt 0.704872 0.174157
vt 0.706166 0.174261
vt 0.705983 0.180518
vt 0.704682 0.180412
vt 0.706764 0.174292
vt 0.706585 0.180554
vt 0.705803 0.186805
vt 0.704494 0.186702
vt 0.706408 0.186836
vt 0.702534 0.173950
vt 0.707014 0.174282
vt 0.706837 0.180554
vt 0.706660 0.186825
vt 0.706483 0.193097
vt 0.706234 0.193151
vt 0.705626 0.193128
vt 0.704311 0.193026
vt 0.702130 0.186496
vt 0.701934 0.192821
vt 0.702331 0.180205
vt 0.704130 0.199385
vt 0.705454 0.199489
vt 0.705284 0.205884
vt 0.703954 0.205780
vt 0.706065 0.199518
vt 0.705900 0.205919
vt 0.705118 0.212312
vt 0.703780 0.212209
vt 0.705736 0.212341
vt 0.701740 0.199180
vt 0.706320 0.199507
vt 0.706157 0.205918
vt 0.705994 0.212329
vt 0.705831 0.218740
vt 0.705576 0.218796
vt 0.704955 0.218774
vt 0.703610 0.218674
vt 0.701363 0.212005
vt 0.701180 0.218471
vt 0.701550 0.205575
vt 0.703444 0.225175
vt 0.704797 0.225277
vt 0.704642 0.231815
vt 0.703281 0.231712
vt 0.705422 0.225306
vt 0.705271 0.231849
vt 0.704490 0.238385
vt 0.703122 0.238284
vt 0.705122 0.238413
vt 0.701000 0.224972
vt 0.705683 0.225294
vt 0.705534 0.231847
vt 0.705386 0.238401
vt 0.705237 0.244954
vt 0.704977 0.245012
vt 0.704342 0.244991
vt 0.702967 0.244893
vt 0.700651 0.238083
vt 0.700482 0.244692
vt 0.700824 0.231509
vt 0.702815 0.251538
vt 0.704198 0.251638
vt 0.704058 0.258322
vt 0.702667 0.258220
vt 0.704837 0.251666
vt 0.704701 0.258354
vt 0.703921 0.265038
vt 0.702523 0.264939
vt 0.704568 0.265065
vt 0.700316 0.251338
vt 0.705104 0.251653
vt 0.704971 0.258352
vt 0.704837 0.265051
vt 0.704704 0.271750
vt 0.704438 0.271810
vt 0.703789 0.271791
vt 0.702383 0.271694
vt 0.699997 0.264739
vt 0.699842 0.271496
vt 0.700154 0.258020
vt 0.702247 0.278487
vt 0.703661 0.278585
vt 0.703537 0.285417
vt 0.702115 0.285317
vt 0.704314 0.278612
vt 0.704194 0.285449
vt 0.703416 0.292282
vt 0.701986 0.292185
vt 0.704077 0.292308
vt 0.699692 0.278289
vt 0.704587 0.278598
vt 0.704469 0.285446
vt 0.704352 0.292294
vt 0.704235 0.299141
vt 0.703963 0.299203
vt 0.703300 0.299186
vt 0.701862 0.299090
vt 0.699403 0.291989
vt 0.699265 0.298895
vt 0.699546 0.285120
vt 0.701742 0.306034
vt 0.703188 0.306131
vt 0.703080 0.313114
vt 0.701626 0.313017
vt 0.703856 0.306156
vt 0.703753 0.313145
vt 0.702976 0.320132
vt 0.701515 0.320037
vt 0.703652 0.320157
vt 0.699131 0.305839
vt 0.704134 0.306141
vt 0.704034 0.313141
vt 0.703933 0.320141
vt 0.703833 0.327141
vt 0.703555 0.327205
vt 0.702877 0.327189
vt 0.701407 0.327095
vt 0.698874 0.319843
vt 0.698752 0.326903
vt 0.699000 0.312822
vt 0.701304 0.334193
vt 0.702782 0.334288
vt 0.702692 0.341427
vt 0.701206 0.341331
vt 0.703465 0.334312
vt 0.703379 0.341456
vt 0.702606 0.348600
vt 0.701111 0.348507
vt 0.703296 0.348623
vt 0.698634 0.334002
vt 0.703750 0.334296
vt 0.703667 0.341451
vt 0.703584 0.348606
vt 0.703501 0.355761
vt 0.703217 0.355828
vt 0.702524 0.355813
vt 0.701022 0.355722
vt 0.698412 0.348316
vt 0.698307 0.355533
vt 0.698521 0.341139
vt 0.700936 0.362978
vt 0.702448 0.363070
vt 0.702376 0.370367
vt 0.700856 0.370273
vt 0.703146 0.363093
vt 0.703078 0.370395
vt 0.702308 0.377700
vt 0.700780 0.377608
vt 0.703013 0.377721
vt 0.698207 0.362789
vt 0.703436 0.363075
vt 0.703372 0.370389
vt 0.703307 0.377703
vt 0.703243 0.385017
vt 0.702953 0.385086
vt 0.702245 0.385073
vt 0.700709 0.384984
vt 0.698020 0.377422
vt 0.697933 0.384798
vt 0.698111 0.370085
vt 0.700642 0.392401
vt 0.702187 0.392491
vt 0.702134 0.399950
vt 0.700580 0.399858
vt 0.702900 0.392512
vt 0.702852 0.399976
vt 0.702085 0.407445
vt 0.700523 0.407356
vt 0.702807 0.407465
vt 0.697851 0.392216
vt 0.703198 0.392493
vt 0.703152 0.399970
vt 0.703107 0.407446
vt 0.703062 0.414922
vt 0.702766 0.414993
vt 0.702042 0.414981
vt 0.700471 0.414895
vt 0.697702 0.407173
vt 0.697634 0.414713
vt 0.697774 0.399674
vt 0.700424 0.422476
vt 0.702004 0.422564
vt 0.701970 0.430188
vt 0.700382 0.430099
vt 0.702733 0.422583
vt 0.702704 0.430213
vt 0.701942 0.437850
vt 0.700345 0.437763
vt 0.702679 0.437868
vt 0.697571 0.422295
vt 0.703037 0.422564
vt 0.703012 0.430206
vt 0.702986 0.437848
vt 0.702961 0.445489
vt 0.702659 0.445563
vt 0.701919 0.445553
vt 0.700313 0.445469
vt 0.697461 0.437584
vt 0.697413 0.445291
vt 0.697513 0.429918
vt 0.700287 0.453219
vt 0.701901 0.453304
vt 0.701889 0.461097
vt 0.700265 0.461010
vt 0.702647 0.453322
vt 0.702639 0.461121
vt 0.701882 0.468928
vt 0.700249 0.468844
vt 0.702635 0.468945
vt 0.697370 0.453041
vt 0.702957 0.453301
vt 0.702953 0.461112
vt 0.702949 0.468923
vt 0.702945 0.476735
vt 0.702636 0.476811
vt 0.701880 0.476803
vt 0.700238 0.476721
vt 0.697300 0.468669
vt 0.697273 0.476548
vt 0.697332 0.460834
vt 0.700233 0.484642
vt 0.701884 0.484725
vt 0.701893 0.492691
vt 0.700233 0.492607
vt 0.702646 0.484741
vt 0.702660 0.492713
vt 0.701908 0.500696
vt 0.700239 0.500614
vt 0.702678 0.500711
vt 0.697251 0.484470
vt 0.702963 0.484719
vt 0.702981 0.492703
vt 0.702999 0.500688
vt 0.703017 0.508672
vt 0.702702 0.508750
vt 0.701928 0.508745
vt 0.700250 0.508666
vt 0.697224 0.500444
vt 0.697219 0.508497
vt 0.697235 0.492435
vt 0.700267 0.516762
vt 0.701954 0.516842
vt 0.701987 0.524985
vt 0.700290 0.524904
vt 0.702734 0.516857
vt 0.702771 0.525005
vt 0.702024 0.533167
vt 0.700318 0.533088
vt 0.702812 0.533180
vt 0.697219 0.516594
vt 0.703058 0.516833
vt 0.703099 0.524994
vt 0.703140 0.533155
vt 0.703181 0.541317
vt 0.702859 0.541398
vt 0.702068 0.541394
vt 0.700353 0.541318
vt 0.697236 0.532923
vt 0.697253 0.541154
vt 0.697225 0.524736
vt 0.700393 0.549594
vt 0.702118 0.549671
vt 0.702174 0.557994
vt 0.700439 0.557915
vt 0.702914 0.549684
vt 0.702976 0.558012
vt 0.702236 0.566357
vt 0.700491 0.566282
vt 0.703041 0.566368
vt 0.697277 0.549431
vt 0.703246 0.549658
vt 0.703311 0.558000
vt 0.703376 0.566342
vt 0.703440 0.574684
vt 0.703111 0.574768
vt 0.702303 0.574766
vt 0.700550 0.574694
vt 0.697340 0.566121
vt 0.697381 0.574535
vt 0.697306 0.557753
vt 0.700615 0.583153
vt 0.702378 0.583227
vt 0.702459 0.591733
vt 0.700685 0.591658
vt 0.703192 0.583237
vt 0.703278 0.591750
vt 0.702545 0.600282
vt 0.700762 0.600210
vt 0.703368 0.600291
vt 0.697428 0.582995
vt 0.703531 0.583210
vt 0.703621 0.591737
vt 0.703710 0.600263
vt 0.703800 0.608790
vt 0.703464 0.608876
vt 0.702638 0.608877
vt 0.700846 0.608808
vt 0.697541 0.600054
vt 0.697607 0.608654
vt 0.697482 0.591501
vt 0.700936 0.617454
vt 0.702738 0.617525
vt 0.702845 0.626220
vt 0.701032 0.626148
vt 0.703570 0.617533
vt 0.703683 0.626234
vt 0.702958 0.634957
vt 0.701135 0.634889
vt 0.703799 0.634964
vt 0.697679 0.617302
vt 0.703917 0.617505
vt 0.704033 0.626220
vt 0.704149 0.634935
vt 0.704265 0.643650
vt 0.703922 0.643740
vt 0.703077 0.643743
vt 0.701245 0.643677
vt 0.697842 0.634739
vt 0.697934 0.643529
vt 0.697757 0.625996
vt 0.701361 0.652515
vt 0.703204 0.652582
vt 0.703338 0.661469
vt 0.701484 0.661401
vt 0.704055 0.652588
vt 0.704194 0.661482
vt 0.703478 0.670400
vt 0.701614 0.670335
vt 0.704337 0.670405
vt 0.698032 0.652368
vt 0.704408 0.652558
vt 0.704552 0.661466
vt 0.704695 0.670374
vt 0.704838 0.679281
vt 0.704488 0.679374
vt 0.703624 0.679379
vt 0.701751 0.679318
vt 0.698248 0.670191
vt 0.698366 0.679176
vt 0.698136 0.661255
vt 0.701895 0.688351
vt 0.703779 0.688414
vt 0.703941 0.697498
vt 0.702046 0.697433
vt 0.704649 0.688418
vt 0.704816 0.697508
vt 0.704109 0.706626
vt 0.702205 0.706565
vt 0.704988 0.706628
vt 0.698492 0.688210
vt 0.705010 0.688386
vt 0.705182 0.697491
vt 0.705353 0.706596
vt 0.705525 0.715701
vt 0.705167 0.715796
vt 0.704285 0.715804
vt 0.702370 0.715746
vt 0.698763 0.706427
vt 0.698909 0.715611
vt 0.698624 0.697294
vt 0.702543 0.724979
vt 0.704468 0.725038
vt 0.704660 0.734323
vt 0.702723 0.734262
vt 0.705357 0.725040
vt 0.705554 0.734331
vt 0.704857 0.743653
vt 0.702910 0.743596
vt 0.705756 0.743653
vt 0.699063 0.724845
vt 0.705726 0.725007
vt 0.705928 0.734313
vt 0.706129 0.743619
vt 0.706330 0.752924
vt 0.705965 0.753023
vt 0.705063 0.753034
vt 0.703105 0.752980
vt 0.699392 0.743465
vt 0.699568 0.752852
vt 0.699224 0.734129
vt 0.703308 0.762417
vt 0.705277 0.762472
vt 0.705498 0.771962
vt 0.703519 0.771905
vt 0.706185 0.762471
vt 0.706413 0.771968
vt 0.705727 0.781498
vt 0.703737 0.781445
vt 0.706645 0.781495
vt 0.699751 0.762290
vt 0.706562 0.762436
vt 0.706795 0.771948
vt 0.707027 0.781459
vt 0.707259 0.790971
vt 0.706885 0.791072
vt 0.705963 0.791086
vt 0.703962 0.791037
vt 0.700140 0.781321
vt 0.700346 0.790915
vt 0.699942 0.771779
vt 0.704196 0.800682
vt 0.706208 0.800733
vt 0.706461 0.810432
vt 0.704437 0.810380
vt 0.707137 0.800729
vt 0.707396 0.810436
vt 0.706721 0.820179
vt 0.704686 0.820130
vt 0.707660 0.820174
vt 0.700560 0.800562
vt 0.707523 0.800692
vt 0.707786 0.810414
vt 0.708050 0.820136
vt 0.708314 0.829857
vt 0.707931 0.829962
vt 0.706988 0.829979
vt 0.704943 0.829934
vt 0.701010 0.820013
vt 0.701246 0.829819
vt 0.700781 0.810261
vt 0.705207 0.839792
vt 0.707264 0.839838
vt 0.707547 0.849752
vt 0.705478 0.849703
vt 0.708213 0.839832
vt 0.708502 0.849753
vt 0.707835 0.859714
vt 0.705756 0.859669
vt 0.708795 0.859707
vt 0.701490 0.839678
vt 0.708608 0.839794
vt 0.708902 0.849730
vt 0.709195 0.859667
vt 0.709489 0.869603
vt 0.709094 0.869712
vt 0.708130 0.869730
vt 0.706041 0.869688
vt 0.702000 0.859558
vt 0.702266 0.869579
vt 0.701742 0.849591
vt 0.706331 0.879764
vt 0.708432 0.879807
vt 0.708739 0.889939
vt 0.706628 0.889893
vt 0.709402 0.879799
vt 0.709714 0.889938
vt 0.709051 0.900118
vt 0.706931 0.900077
vt 0.710030 0.900110
vt 0.702538 0.879656
vt 0.709806 0.879759
vt 0.710123 0.889915
vt 0.710440 0.900070
vt 0.710756 0.910226
vt 0.710351 0.910331
vt 0.709368 0.910351
vt 0.707240 0.910315
vt 0.703102 0.899973
vt 0.703396 0.910216
vt 0.702816 0.889787
vt 0.082435 0.284991
vt 0.077560 0.279793
vt 0.080598 0.276343
vt 0.085065 0.281780
vt 0.072731 0.274468
vt 0.075567 0.271476
vt 0.087893 0.267972
vt 0.091297 0.274243
vt 0.082123 0.264337
vt 0.086598 0.291019
vt 0.081462 0.286118
vt 0.087464 0.289904
vt 0.076492 0.280939
vt 0.071658 0.275531
vt 0.066929 0.269948
vt 0.068008 0.268979
vt 0.070686 0.266503
vt 0.076703 0.260908
vt 0.084855 0.253322
vt 0.093067 0.251470
vt 0.101252 0.252611
vt 0.102526 0.261596
vt 0.094498 0.280009
vt 0.101087 0.270672
vt 0.089630 0.286891
vt 0.707555 0.920608
vt 0.709691 0.920644
vt 0.710024 0.930988
vt 0.707881 0.930956
vt 0.710679 0.920633
vt 0.711014 0.930984
vt 0.710370 0.941377
vt 0.708222 0.941355
vt 0.711357 0.941363
vt 0.703697 0.920515
vt 0.711091 0.920593
vt 0.711427 0.930960
vt 0.711762 0.941328
vt 0.712097 0.951695
vt 0.711723 0.951784
vt 0.710737 0.951812
vt 0.708584 0.951808
vt 0.704340 0.941292
vt 0.704689 0.951774
vt 0.704010 0.930873
vt 0.709016 0.962309
vt 0.711147 0.962295
vt 0.711675 0.972809
vt 0.709749 0.972836
vt 0.712127 0.962269
vt 0.712564 0.972787
vt 0.712377 0.983335
vt 0.711028 0.983364
vt 0.713030 0.983318
vt 0.705127 0.962316
vt 0.712532 0.962231
vt 0.712967 0.972768
vt 0.713402 0.983304
vt 0.713838 0.993840
vt 0.713510 0.993853
vt 0.713183 0.993867
vt 0.712855 0.993880
vt 0.707747 0.983452
vt 0.712528 0.993894
vt 0.705974 0.972888
vt 0.625035 0.152635
vt 0.604283 0.164843
vt 0.501086 0.164843
vt 0.602300 0.144710
vt 0.625035 0.177051
vt 0.602300 0.184976
vt 0.604283 0.164843
vt 0.620271 0.200998
vt 0.596428 0.204335
vt 0.602300 0.184976
vt 0.610928 0.223555
vt 0.586891 0.222176
vt 0.597363 0.243856
vt 0.574057 0.237815
vt 0.586891 0.222176
vt 0.580099 0.261121
vt 0.558419 0.250649
vt 0.574057 0.237815
vt 0.559798 0.274685
vt 0.540578 0.260185
vt 0.558419 0.250649
vt 0.537240 0.284029
vt 0.521218 0.266058
vt 0.540578 0.260185
vt 0.513294 0.288792
vt 0.501086 0.268041
vt 0.521218 0.266058
vt 0.488878 0.288792
vt 0.480953 0.266058
vt 0.501086 0.268041
vt 0.464931 0.284029
vt 0.461593 0.260185
vt 0.480953 0.266058
vt 0.442374 0.274685
vt 0.443752 0.250649
vt 0.461593 0.260185
vt 0.422072 0.261121
vt 0.428114 0.237815
vt 0.443752 0.250649
vt 0.404808 0.243856
vt 0.415280 0.222177
vt 0.428114 0.237815
vt 0.391243 0.223555
vt 0.405743 0.204335
vt 0.415280 0.222177
vt 0.381900 0.200998
vt 0.399871 0.184976
vt 0.405743 0.204335
vt 0.377136 0.177051
vt 0.397888 0.164843
vt 0.399871 0.184976
vt 0.377136 0.152635
vt 0.399871 0.144710
vt 0.381899 0.128688
vt 0.405743 0.125351
vt 0.391243 0.106131
vt 0.415280 0.107509
vt 0.405743 0.125351
vt 0.404808 0.085830
vt 0.428114 0.091871
vt 0.415280 0.107509
vt 0.422072 0.068565
vt 0.443752 0.079037
vt 0.428114 0.091871
vt 0.442373 0.055001
vt 0.461593 0.069501
vt 0.464931 0.045657
vt 0.480953 0.063628
vt 0.461593 0.069501
vt 0.488878 0.040894
vt 0.501085 0.061645
vt 0.480953 0.063628
vt 0.513293 0.040894
vt 0.521218 0.063628
vt 0.537240 0.045657
vt 0.540578 0.069501
vt 0.559797 0.055000
vt 0.558419 0.079037
vt 0.540577 0.069501
vt 0.580099 0.068565
vt 0.574057 0.091871
vt 0.558419 0.079037
vt 0.597363 0.085830
vt 0.586891 0.107509
vt 0.610928 0.106131
vt 0.596428 0.125351
vt 0.586891 0.107509
vt 0.620271 0.128688
vt 0.596428 0.125351
vt 0.661604 0.149033
vt 0.661604 0.156938
vt 0.660062 0.141280
vt 0.661604 0.164843
vt 0.658520 0.133527
vt 0.661604 0.180653
vt 0.660062 0.188406
vt 0.661604 0.172748
vt 0.658520 0.196159
vt 0.655436 0.211665
vt 0.652411 0.218968
vt 0.656978 0.203912
vt 0.649386 0.226271
vt 0.658520 0.196159
vt 0.643336 0.240877
vt 0.638944 0.247450
vt 0.646361 0.233574
vt 0.634552 0.254022
vt 0.649386 0.226271
vt 0.625769 0.267168
vt 0.620179 0.272757
vt 0.630161 0.260595
vt 0.614590 0.278347
vt 0.634552 0.254022
vt 0.603410 0.289526
vt 0.596838 0.293918
vt 0.609000 0.283937
vt 0.590265 0.298310
vt 0.614590 0.278347
vt 0.577120 0.307093
vt 0.569817 0.310118
vt 0.583692 0.302701
vt 0.562514 0.313143
vt 0.547907 0.319193
vt 0.540154 0.320735
vt 0.555210 0.316168
vt 0.532401 0.322278
vt 0.516895 0.325362
vt 0.508990 0.325362
vt 0.524648 0.323820
vt 0.501086 0.325362
vt 0.532401 0.322278
vt 0.485276 0.325362
vt 0.477523 0.323820
vt 0.493181 0.325362
vt 0.469770 0.322278
vt 0.501086 0.325362
vt 0.454264 0.319193
vt 0.446961 0.316168
vt 0.462017 0.320735
vt 0.439658 0.313143
vt 0.469770 0.322278
vt 0.425051 0.307093
vt 0.418479 0.302701
vt 0.432354 0.310118
vt 0.411906 0.298310
vt 0.439658 0.313143
vt 0.398761 0.289526
vt 0.393171 0.283937
vt 0.405333 0.293918
vt 0.387581 0.278347
vt 0.376402 0.267168
vt 0.372011 0.260595
vt 0.381992 0.272758
vt 0.367619 0.254023
vt 0.387581 0.278347
vt 0.358835 0.240877
vt 0.355810 0.233574
vt 0.363227 0.247450
vt 0.352785 0.226271
vt 0.367619 0.254023
vt 0.346735 0.211665
vt 0.345193 0.203912
vt 0.349760 0.218968
vt 0.343651 0.196159
vt 0.340566 0.180653
vt 0.340566 0.172748
vt 0.342109 0.188406
vt 0.340566 0.164843
vt 0.340566 0.149033
vt 0.342109 0.141280
vt 0.340566 0.156938
vt 0.343651 0.133527
vt 0.346735 0.118021
vt 0.349760 0.110718
vt 0.345193 0.125774
vt 0.352785 0.103415
vt 0.343651 0.133527
vt 0.358835 0.088809
vt 0.363227 0.082236
vt 0.355810 0.096112
vt 0.367619 0.075663
vt 0.352785 0.103415
vt 0.376402 0.062518
vt 0.381992 0.056929
vt 0.372010 0.069091
vt 0.387581 0.051339
vt 0.367619 0.075663
vt 0.398761 0.040160
vt 0.405333 0.035768
vt 0.393171 0.045749
vt 0.411906 0.031376
vt 0.387581 0.051339
vt 0.425051 0.022593
vt 0.432354 0.019568
vt 0.418478 0.026985
vt 0.439657 0.016543
vt 0.411906 0.031376
vt 0.454264 0.010493
vt 0.462017 0.008950
vt 0.446961 0.013518
vt 0.469770 0.007408
vt 0.439657 0.016543
vt 0.485276 0.004324
vt 0.493181 0.004324
vt 0.477523 0.005866
vt 0.501085 0.004324
vt 0.516895 0.004324
vt 0.524648 0.005866
vt 0.508990 0.004324
vt 0.532401 0.007408
vt 0.547907 0.010493
vt 0.555210 0.013518
vt 0.540154 0.008950
vt 0.562513 0.016543
vt 0.577120 0.022593
vt 0.583692 0.026984
vt 0.569817 0.019568
vt 0.590265 0.031376
vt 0.603410 0.040160
vt 0.609000 0.045749
vt 0.596838 0.035768
vt 0.614590 0.051339
vt 0.625769 0.062518
vt 0.630160 0.069091
vt 0.620179 0.056928
vt 0.634552 0.075663
vt 0.643336 0.088809
vt 0.646361 0.096112
vt 0.638944 0.082236
vt 0.649386 0.103415
vt 0.655436 0.118021
vt 0.656978 0.125774
vt 0.652411 0.110718
vt 0.649386 0.103415
vt 0.320110 0.247519
vt 0.322611 0.239831
vt 0.323443 0.240050
vt 0.320947 0.247790
vt 0.324726 0.232001
vt 0.325591 0.232182
vt 0.323834 0.240161
vt 0.321396 0.247954
vt 0.326038 0.232282
vt 0.315730 0.254484
vt 0.318596 0.247043
vt 0.317211 0.255037
vt 0.321067 0.239432
vt 0.323149 0.231676
vt 0.324849 0.223796
vt 0.326460 0.224051
vt 0.327359 0.224199
vt 0.327886 0.224303
vt 0.328631 0.224484
vt 0.326320 0.232352
vt 0.324009 0.240220
vt 0.321698 0.248087
vt 0.318574 0.255576
vt 0.319387 0.255955
vt 0.318050 0.255357
vt 0.327820 0.216001
vt 0.328837 0.207860
vt 0.329725 0.207930
vt 0.328716 0.216110
vt 0.329550 0.199633
vt 0.330457 0.199673
vt 0.330121 0.207973
vt 0.329172 0.216181
vt 0.330882 0.199714
vt 0.326180 0.215815
vt 0.327172 0.207741
vt 0.327861 0.199578
vt 0.328281 0.191331
vt 0.329985 0.191324
vt 0.330910 0.191334
vt 0.331388 0.191378
vt 0.331919 0.191525
vt 0.331097 0.199765
vt 0.330275 0.208005
vt 0.329453 0.216245
vt 0.330159 0.182937
vt 0.330048 0.174496
vt 0.330953 0.174427
vt 0.331074 0.182910
vt 0.329615 0.166024
vt 0.330539 0.165915
vt 0.331358 0.174408
vt 0.331503 0.182925
vt 0.331017 0.165871
vt 0.328455 0.183010
vt 0.328352 0.174636
vt 0.327929 0.166233
vt 0.327143 0.157827
vt 0.328817 0.157546
vt 0.329753 0.157398
vt 0.330312 0.157336
vt 0.331118 0.157303
vt 0.331318 0.165858
vt 0.331519 0.174414
vt 0.331719 0.182970
vt 0.327612 0.149085
vt 0.325996 0.140671
vt 0.326880 0.140438
vt 0.328522 0.148898
vt 0.323964 0.132334
vt 0.324863 0.132047
vt 0.327295 0.140336
vt 0.328996 0.148822
vt 0.325343 0.131895
vt 0.325957 0.149442
vt 0.324357 0.141108
vt 0.322338 0.132855
vt 0.319892 0.124710
vt 0.321506 0.124107
vt 0.322417 0.123770
vt 0.322983 0.123572
vt 0.323848 0.123292
vt 0.325666 0.131795
vt 0.327483 0.140297
vt 0.329301 0.148800
vt 0.318606 0.116025
vt 0.315263 0.108130
vt 0.316111 0.107715
vt 0.319486 0.115652
vt 0.311474 0.100470
vt 0.312331 0.099993
vt 0.316521 0.107511
vt 0.319960 0.115463
vt 0.312808 0.099704
vt 0.317015 0.116708
vt 0.313699 0.108892
vt 0.309939 0.101306
vt 0.305731 0.093999
vt 0.307225 0.093097
vt 0.308083 0.092570
vt 0.308649 0.092196
vt 0.309587 0.091527
vt 0.313152 0.099468
vt 0.316718 0.107410
vt 0.320283 0.115351
vt 0.302518 0.086049
vt 0.297436 0.079289
vt 0.298166 0.078755
vt 0.303322 0.085512
vt 0.292079 0.072766
vt 0.292761 0.072212
vt 0.298497 0.078505
vt 0.303775 0.085201
vt 0.293050 0.071955
vt 0.301083 0.087001
vt 0.296070 0.080282
vt 0.290783 0.073799
vt 0.285312 0.067509
vt 0.286540 0.066434
vt 0.287189 0.065854
vt 0.287476 0.065563
vt 0.287675 0.065263
vt 0.293153 0.071829
vt 0.298631 0.078395
vt 0.304109 0.084961
vt 0.280890 0.060264
vt 0.275115 0.054282
vt 0.275699 0.053661
vt 0.281503 0.059667
vt 0.269181 0.048530
vt 0.269752 0.047862
vt 0.275950 0.053382
vt 0.281763 0.059394
vt 0.270042 0.047508
vt 0.279727 0.061381
vt 0.274013 0.055444
vt 0.268137 0.049741
vt 0.262064 0.044315
vt 0.263048 0.043055
vt 0.263599 0.042346
vt 0.263927 0.041916
vt 0.264402 0.041276
vt 0.270220 0.047273
vt 0.276038 0.053270
vt 0.281856 0.059266
vt 0.256683 0.037901
vt 0.250090 0.033089
vt 0.250547 0.032362
vt 0.257189 0.037185
vt 0.243278 0.028632
vt 0.243707 0.027861
vt 0.250764 0.032017
vt 0.257456 0.036809
vt 0.243938 0.027440
vt 0.255766 0.039204
vt 0.249244 0.034433
vt 0.242502 0.030020
vt 0.235547 0.025986
vt 0.236250 0.024556
vt 0.236651 0.023746
vt 0.236910 0.023235
vt 0.237324 0.022438
vt 0.244094 0.027148
vt 0.250863 0.031857
vt 0.257632 0.036567
vt 0.229014 0.020885
vt 0.221591 0.017618
vt 0.221888 0.016810
vt 0.229365 0.020075
vt 0.214009 0.014753
vt 0.214267 0.013909
vt 0.222032 0.016425
vt 0.229565 0.019639
vt 0.214403 0.013456
vt 0.228388 0.022347
vt 0.221045 0.019110
vt 0.213541 0.016278
vt 0.205897 0.013855
vt 0.206288 0.012299
vt 0.206511 0.011420
vt 0.206653 0.010878
vt 0.206880 0.010054
vt 0.214491 0.013150
vt 0.222102 0.016246
vt 0.229713 0.019342
vt 0.198450 0.010262
vt 0.190513 0.008624
vt 0.190642 0.007764
vt 0.198627 0.009391
vt 0.182496 0.007364
vt 0.182585 0.006481
vt 0.190707 0.007364
vt 0.198730 0.008928
vt 0.182635 0.006031
vt 0.198136 0.011840
vt 0.190277 0.010221
vt 0.182336 0.008980
vt 0.174332 0.008099
vt 0.174416 0.006471
vt 0.174468 0.005566
vt 0.174512 0.005043
vt 0.174601 0.004324
vt 0.182671 0.005756
vt 0.190740 0.007189
vt 0.198810 0.008621
vt 0.166290 0.005940
vt 0.158138 0.005775
vt 0.158103 0.004903
vt 0.166300 0.005051
vt 0.149984 0.005985
vt 0.149903 0.005096
vt 0.158091 0.004499
vt 0.166318 0.004599
vt 0.149861 0.004628
vt 0.166282 0.007568
vt 0.158208 0.007397
vt 0.150132 0.007602
vt 0.142075 0.008200
vt 0.141848 0.006591
vt 0.141724 0.005686
vt 0.141658 0.005138
vt 0.141578 0.004324
vt 0.149834 0.004324
vt 0.158090 0.004324
vt 0.166345 0.004324
vt 0.133753 0.007608
vt 0.125720 0.009031
vt 0.125513 0.008179
vt 0.133589 0.006729
vt 0.117770 0.010852
vt 0.117512 0.009987
vt 0.125418 0.007778
vt 0.133514 0.006265
vt 0.117373 0.009532
vt 0.134059 0.009203
vt 0.126106 0.010612
vt 0.118238 0.012421
vt 0.110479 0.014626
vt 0.109929 0.013071
vt 0.109622 0.012196
vt 0.109441 0.011664
vt 0.109180 0.010872
vt 0.117279 0.009235
vt 0.125379 0.007598
vt 0.133478 0.005961
vt 0.102225 0.015695
vt 0.094701 0.018734
vt 0.094316 0.017921
vt 0.101883 0.014851
vt 0.087405 0.022204
vt 0.086958 0.021383
vt 0.094125 0.017527
vt 0.101709 0.014402
vt 0.086681 0.020917
vt 0.102853 0.017225
vt 0.095405 0.020233
vt 0.088184 0.023668
vt 0.081237 0.027547
vt 0.080391 0.026132
vt 0.079893 0.025313
vt 0.079533 0.024756
vt 0.078875 0.023802
vt 0.086451 0.020569
vt 0.094027 0.017337
vt 0.101603 0.014104
vt 0.073702 0.030528
vt 0.067318 0.035333
vt 0.066805 0.034649
vt 0.073193 0.029769
vt 0.061209 0.040469
vt 0.060666 0.039830
vt 0.066557 0.034325
vt 0.072892 0.029328
vt 0.060388 0.039524
vt 0.074600 0.031874
vt 0.068262 0.036598
vt 0.062201 0.041653
vt 0.056395 0.046976
vt 0.055351 0.045869
vt 0.054772 0.045263
vt 0.054442 0.044939
vt 0.053998 0.044549
vt 0.060217 0.039362
vt 0.066436 0.034175
vt 0.072656 0.028988
vt 0.049731 0.051481
vt 0.044369 0.057305
vt 0.043746 0.056788
vt 0.049134 0.050922
vt 0.039297 0.063355
vt 0.038620 0.062857
vt 0.043454 0.056548
vt 0.048835 0.050649
vt 0.038247 0.062583
vt 0.050828 0.052513
vt 0.045525 0.058267
vt 0.040516 0.064252
vt 0.035834 0.070484
vt 0.034554 0.069653
vt 0.033828 0.069175
vt 0.033368 0.068860
vt 0.032646 0.068338
vt 0.037984 0.062391
vt 0.043322 0.056444
vt 0.048660 0.050496
vt 0.030174 0.076212
vt 0.026163 0.083019
vt 0.025417 0.082643
vt 0.029437 0.075784
vt 0.022523 0.090053
vt 0.021734 0.089708
vt 0.025061 0.082456
vt 0.029040 0.075537
vt 0.021309 0.089513
vt 0.031504 0.076972
vt 0.027540 0.083705
vt 0.023949 0.090668
vt 0.020739 0.097844
vt 0.019269 0.097301
vt 0.018439 0.096984
vt 0.017926 0.096765
vt 0.017143 0.096380
vt 0.021019 0.089369
vt 0.024895 0.082359
vt 0.028771 0.075349
vt 0.016409 0.104748
vt 0.013930 0.112371
vt 0.013103 0.112153
vt 0.015579 0.104479
vt 0.011816 0.120147
vt 0.010956 0.119964
vt 0.012718 0.112040
vt 0.015138 0.104314
vt 0.010519 0.119857
vt 0.017915 0.105217
vt 0.015469 0.112766
vt 0.013390 0.120473
vt 0.011669 0.128315
vt 0.010060 0.128056
vt 0.009167 0.127903
vt 0.008654 0.127789
vt 0.007956 0.127576
vt 0.010253 0.119777
vt 0.012550 0.111978
vt 0.014847 0.104179
vt 0.008653 0.136081
vt 0.007569 0.144211
vt 0.006683 0.144135
vt 0.007761 0.135967
vt 0.006778 0.152435
vt 0.005872 0.152388
vt 0.006290 0.144087
vt 0.007314 0.135888
vt 0.005447 0.152343
vt 0.010292 0.136275
vt 0.009233 0.144341
vt 0.008466 0.152504
vt 0.007962 0.160754
vt 0.006259 0.160746
vt 0.005334 0.160727
vt 0.004856 0.160679
vt 0.004324 0.160528
vt 0.005232 0.152290
vt 0.006140 0.144052
vt 0.007048 0.135814
vt 0.006002 0.169136
vt 0.006032 0.177582
vt 0.005127 0.177642
vt 0.005088 0.169154
vt 0.006384 0.186060
vt 0.005460 0.186160
vt 0.004721 0.177658
vt 0.004659 0.169136
vt 0.004981 0.186200
vt 0.007705 0.169080
vt 0.007727 0.177459
vt 0.008070 0.185867
vt 0.008780 0.194280
vt 0.007105 0.194545
vt 0.006167 0.194684
vt 0.005608 0.194742
vt 0.004797 0.194774
vt 0.004678 0.186212
vt 0.004560 0.177651
vt 0.004442 0.169089
vt 0.008234 0.203014
vt 0.009777 0.211437
vt 0.008892 0.211661
vt 0.007323 0.203192
vt 0.011737 0.219784
vt 0.010836 0.220063
vt 0.008475 0.211761
vt 0.006847 0.203265
vt 0.010355 0.220211
vt 0.009892 0.202672
vt 0.011418 0.211014
vt 0.013367 0.219278
vt 0.015743 0.227434
vt 0.014126 0.228024
vt 0.013212 0.228353
vt 0.012645 0.228547
vt 0.011776 0.228823
vt 0.010031 0.220310
vt 0.008287 0.211798
vt 0.006542 0.203286
vt 0.016957 0.236120
vt 0.020234 0.244032
vt 0.019383 0.244440
vt 0.016074 0.236486
vt 0.023958 0.251712
vt 0.023099 0.252182
vt 0.018972 0.244641
vt 0.015599 0.236671
vt 0.022619 0.252468
vt 0.018552 0.235451
vt 0.021802 0.243284
vt 0.025498 0.250888
vt 0.029645 0.258218
vt 0.028146 0.259108
vt 0.027285 0.259628
vt 0.026716 0.259997
vt 0.025772 0.260660
vt 0.022273 0.252700
vt 0.018774 0.244741
vt 0.015275 0.236782
vt 0.032794 0.266182
vt 0.037821 0.272970
vt 0.037088 0.273499
vt 0.031987 0.266712
vt 0.043127 0.279523
vt 0.042441 0.280071
vt 0.036756 0.273746
vt 0.031532 0.267020
vt 0.042149 0.280327
vt 0.034235 0.265242
vt 0.039192 0.271988
vt 0.044427 0.278499
vt 0.049850 0.284818
vt 0.048617 0.285884
vt 0.047965 0.286460
vt 0.047674 0.286749
vt 0.047468 0.287050
vt 0.042044 0.280453
vt 0.036620 0.273855
vt 0.031196 0.267257
vt 0.054224 0.292083
vt 0.059959 0.298094
vt 0.059372 0.298711
vt 0.053608 0.292676
vt 0.065857 0.303875
vt 0.065283 0.304540
vt 0.059118 0.298989
vt 0.053345 0.292947
vt 0.064990 0.304892
vt 0.055392 0.290974
vt 0.061066 0.296939
vt 0.066906 0.302670
vt 0.072948 0.308125
vt 0.071958 0.309379
vt 0.071403 0.310085
vt 0.071072 0.310513
vt 0.070590 0.311151
vt 0.064810 0.305126
vt 0.059029 0.299101
vt 0.053249 0.293076
vt 0.078294 0.314563
vt 0.084863 0.319408
vt 0.084402 0.320133
vt 0.077785 0.315277
vt 0.091654 0.323899
vt 0.091220 0.324668
vt 0.084183 0.320477
vt 0.077515 0.315651
vt 0.090987 0.325087
vt 0.079217 0.313265
vt 0.085716 0.318068
vt 0.092437 0.322513
vt 0.099374 0.326582
vt 0.098664 0.328009
vt 0.098258 0.328818
vt 0.097997 0.329327
vt 0.097575 0.330121
vt 0.090828 0.325378
vt 0.084082 0.320636
vt 0.077336 0.315893
vt 0.105887 0.331717
vt 0.113299 0.335021
vt 0.112998 0.335828
vt 0.105531 0.332525
vt 0.120876 0.337925
vt 0.120614 0.338769
vt 0.112852 0.336213
vt 0.105329 0.332960
vt 0.120475 0.339221
vt 0.106520 0.330256
vt 0.113853 0.333530
vt 0.121352 0.336400
vt 0.128994 0.338861
vt 0.128595 0.340418
vt 0.128368 0.341297
vt 0.128221 0.341839
vt 0.127986 0.342662
vt 0.120383 0.339527
vt 0.112780 0.336392
vt 0.105178 0.333256
vt 0.136437 0.342495
vt 0.144382 0.344173
vt 0.144249 0.345034
vt 0.136256 0.343367
vt 0.152412 0.345473
vt 0.152319 0.346358
vt 0.144182 0.345435
vt 0.136149 0.343829
vt 0.152265 0.346809
vt 0.136758 0.340915
vt 0.144626 0.342573
vt 0.152579 0.343853
vt 0.160602 0.344771
vt 0.160511 0.346404
vt 0.160454 0.347312
vt 0.160406 0.347836
vt 0.160306 0.348558
vt 0.152226 0.347084
vt 0.144146 0.345610
vt 0.136066 0.344136
vt 0.168661 0.346973
vt 0.176842 0.347173
vt 0.176874 0.348049
vt 0.168647 0.347865
vt 0.185031 0.346996
vt 0.185109 0.347890
vt 0.176884 0.348454
vt 0.168626 0.348318
vt 0.185148 0.348360
vt 0.168675 0.345339
vt 0.176778 0.345545
vt 0.184888 0.345372
vt 0.192985 0.344803
vt 0.193207 0.346421
vt 0.193328 0.347330
vt 0.193390 0.347882
vt 0.193459 0.348703
vt 0.185171 0.348667
vt 0.176883 0.348631
vt 0.168594 0.348594
vt 0.201348 0.345430
vt 0.209433 0.344030
vt 0.209638 0.344888
vt 0.201509 0.346315
vt 0.217438 0.342228
vt 0.217695 0.343099
vt 0.209730 0.345292
vt 0.201582 0.346782
vt 0.217831 0.343559
vt 0.201046 0.343825
vt 0.209049 0.342439
vt 0.216972 0.340647
vt 0.224791 0.338455
vt 0.225340 0.340022
vt 0.225646 0.340905
vt 0.225825 0.341442
vt 0.226077 0.342247
vt 0.217922 0.343861
vt 0.209768 0.345475
vt 0.201614 0.347089
vt 0.233110 0.337406
vt 0.240704 0.334366
vt 0.241089 0.335188
vt 0.233452 0.338258
vt 0.248073 0.330889
vt 0.248522 0.331719
vt 0.241280 0.335586
vt 0.233624 0.338711
vt 0.248798 0.332192
vt 0.232481 0.335862
vt 0.239997 0.332853
vt 0.247290 0.329410
vt 0.254312 0.325515
vt 0.255163 0.326945
vt 0.255662 0.327774
vt 0.256022 0.328339
vt 0.256677 0.329313
vt 0.249027 0.332546
vt 0.241377 0.335780
vt 0.233727 0.339013
vt 0.261930 0.322523
vt 0.268394 0.317683
vt 0.268910 0.318375
vt 0.262442 0.323291
vt 0.274584 0.312503
vt 0.275132 0.313151
vt 0.269160 0.318705
vt 0.262743 0.323739
vt 0.275411 0.313463
vt 0.261026 0.321162
vt 0.267442 0.316404
vt 0.273582 0.311305
vt 0.279469 0.305930
vt 0.280524 0.307051
vt 0.281108 0.307666
vt 0.281440 0.307998
vt 0.281884 0.308403
vt 0.275582 0.313630
vt 0.269280 0.318858
vt 0.262979 0.324085
vt 0.286226 0.301379
vt 0.291670 0.295488
vt 0.292300 0.296013
vt 0.286830 0.301946
vt 0.296823 0.289365
vt 0.297509 0.289872
vt 0.292596 0.296257
vt 0.287130 0.302225
vt 0.297885 0.290150
vt 0.285116 0.300332
vt 0.290500 0.294511
vt 0.295589 0.288453
vt 0.300353 0.282146
vt 0.301648 0.282993
vt 0.302383 0.283478
vt 0.302846 0.283798
vt 0.303571 0.284325
vt 0.298150 0.290344
vt 0.292728 0.296364
vt 0.287306 0.302383
vt 0.306109 0.276356
vt 0.310195 0.269471
vt 0.310949 0.269853
vt 0.306853 0.276792
vt 0.313901 0.262359
vt 0.314700 0.262710
vt 0.311310 0.270043
vt 0.307254 0.277043
vt 0.315133 0.262906
vt 0.304762 0.275581
vt 0.308803 0.268771
vt 0.312462 0.261733
vt 0.315433 0.263047
vt 0.311479 0.270140
vt 0.307525 0.277232
vt 0.309923 0.244335
vt 0.312204 0.237157
vt 0.315565 0.238017
vt 0.313212 0.245360
vt 0.314103 0.229824
vt 0.317534 0.230523
vt 0.318636 0.238806
vt 0.316218 0.246299
vt 0.320669 0.231166
vt 0.304110 0.250174
vt 0.306695 0.243334
vt 0.307261 0.251339
vt 0.308904 0.236319
vt 0.310734 0.229144
vt 0.312183 0.221825
vt 0.315622 0.222353
vt 0.319123 0.222898
vt 0.322320 0.223398
vt 0.324849 0.223796
vt 0.323149 0.231676
vt 0.321067 0.239432
vt 0.318596 0.247043
vt 0.313407 0.253621
vt 0.315730 0.254484
vt 0.310472 0.252530
vt 0.316770 0.214763
vt 0.317594 0.207064
vt 0.321230 0.207319
vt 0.320341 0.215159
vt 0.318149 0.199269
vt 0.321836 0.199385
vt 0.324548 0.207554
vt 0.323601 0.215525
vt 0.325201 0.199492
vt 0.313260 0.214378
vt 0.314017 0.206816
vt 0.314520 0.199155
vt 0.314831 0.191408
vt 0.318491 0.191388
vt 0.322208 0.191367
vt 0.325600 0.191347
vt 0.328281 0.191331
vt 0.327861 0.199577
vt 0.327172 0.207741
vt 0.326180 0.215815
vt 0.318655 0.183437
vt 0.318599 0.175442
vt 0.322301 0.175138
vt 0.322376 0.183276
vt 0.318256 0.167434
vt 0.321927 0.166980
vt 0.325680 0.174858
vt 0.325771 0.183128
vt 0.325279 0.166564
vt 0.314994 0.183592
vt 0.314956 0.175738
vt 0.314647 0.167876
vt 0.313991 0.160040
vt 0.317563 0.159443
vt 0.321197 0.158831
vt 0.324517 0.158271
vt 0.327143 0.157827
vt 0.327929 0.166233
vt 0.328352 0.174636
vt 0.328455 0.183010
vt 0.316465 0.151497
vt 0.314951 0.143621
vt 0.318518 0.142669
vt 0.320065 0.150719
vt 0.313023 0.135835
vt 0.316553 0.134706
vt 0.321777 0.141798
vt 0.323354 0.150007
vt 0.319782 0.133673
vt 0.312930 0.152258
vt 0.311452 0.144553
vt 0.309562 0.136943
vt 0.307261 0.129446
vt 0.310679 0.128163
vt 0.314169 0.126854
vt 0.317363 0.125658
vt 0.319892 0.124710
vt 0.322338 0.132855
vt 0.324357 0.141108
vt 0.325957 0.149442
vt 0.307920 0.120627
vt 0.304754 0.113258
vt 0.308137 0.111603
vt 0.311362 0.119142
vt 0.301186 0.106087
vt 0.304495 0.104274
vt 0.311239 0.110089
vt 0.314516 0.117783
vt 0.307531 0.102617
vt 0.304555 0.122084
vt 0.301452 0.114882
vt 0.297959 0.107867
vt 0.294087 0.101067
vt 0.297224 0.099146
vt 0.300440 0.097192
vt 0.303391 0.095409
vt 0.305730 0.093999
vt 0.309939 0.101306
vt 0.313699 0.108892
vt 0.317015 0.116708
vt 0.292885 0.092456
vt 0.288228 0.086004
vt 0.291200 0.083827
vt 0.295987 0.090383
vt 0.283319 0.079763
vt 0.286153 0.077492
vt 0.293918 0.081846
vt 0.298830 0.088494
vt 0.288739 0.075428
vt 0.289853 0.094500
vt 0.285313 0.088155
vt 0.280530 0.082011
vt 0.275569 0.076047
vt 0.278229 0.073708
vt 0.280922 0.071347
vt 0.283375 0.069202
vt 0.285312 0.067509
vt 0.290783 0.073799
vt 0.296070 0.080282
vt 0.273008 0.067826
vt 0.267649 0.062144
vt 0.270071 0.059596
vt 0.275565 0.065373
vt 0.262126 0.056699
vt 0.264413 0.054056
vt 0.272274 0.057276
vt 0.277891 0.063142
vt 0.266494 0.051646
vt 0.270479 0.070254
vt 0.265252 0.064660
vt 0.259865 0.059304
vt 0.254295 0.054225
vt 0.256416 0.051531
vt 0.258564 0.048792
vt 0.260520 0.046292
vt 0.262064 0.044315
vt 0.268137 0.049741
vt 0.274013 0.055444
vt 0.279727 0.061381
vt 0.250500 0.046674
vt 0.244376 0.042147
vt 0.246226 0.039222
vt 0.252502 0.043840
vt 0.238050 0.037969
vt 0.239740 0.034955
vt 0.247911 0.036549
vt 0.254326 0.041252
vt 0.241282 0.032200
vt 0.248525 0.049456
vt 0.242554 0.045018
vt 0.236385 0.040926
vt 0.230021 0.037193
vt 0.231524 0.034155
vt 0.233051 0.031058
vt 0.234445 0.028227
vt 0.242502 0.030020
vt 0.249244 0.034433
vt 0.255766 0.039204
vt 0.224806 0.030720
vt 0.217912 0.027672
vt 0.219100 0.024426
vt 0.226165 0.027546
vt 0.210858 0.025014
vt 0.211875 0.021702
vt 0.220186 0.021458
vt 0.227406 0.024644
vt 0.212805 0.018674
vt 0.223470 0.033834
vt 0.216744 0.030856
vt 0.209860 0.028265
vt 0.202832 0.026064
vt 0.203663 0.022753
vt 0.204510 0.019379
vt 0.205284 0.016295
vt 0.205897 0.013855
vt 0.213541 0.016278
vt 0.221045 0.019110
vt 0.228388 0.022347
vt 0.196345 0.020887
vt 0.188923 0.019395
vt 0.189437 0.015916
vt 0.197024 0.017456
vt 0.181418 0.018251
vt 0.181767 0.014734
vt 0.189906 0.012737
vt 0.197645 0.014321
vt 0.182085 0.011522
vt 0.195678 0.024255
vt 0.188418 0.022812
vt 0.181073 0.021705
vt 0.173666 0.020904
vt 0.173850 0.017428
vt 0.174034 0.013889
vt 0.174200 0.010657
vt 0.174332 0.008099
vt 0.190277 0.010221
vt 0.198136 0.011840
vt 0.166239 0.016908
vt 0.158607 0.016711
vt 0.158457 0.013178
vt 0.166256 0.013365
vt 0.150977 0.016866
vt 0.150658 0.013353
vt 0.158319 0.009950
vt 0.166271 0.010128
vt 0.150365 0.010142
vt 0.166218 0.020388
vt 0.158751 0.020180
vt 0.151287 0.020316
vt 0.143850 0.020828
vt 0.143372 0.017403
vt 0.142881 0.013913
vt 0.142431 0.010724
vt 0.142075 0.008200
vt 0.150132 0.007602
vt 0.158208 0.007397
vt 0.166282 0.007568
vt 0.135812 0.018343
vt 0.128320 0.019682
vt 0.127482 0.016244
vt 0.135149 0.014878
vt 0.120915 0.021407
vt 0.119901 0.018002
vt 0.126714 0.013101
vt 0.134541 0.011711
vt 0.118973 0.014887
vt 0.136461 0.021743
vt 0.129140 0.023054
vt 0.121906 0.024745
vt 0.114777 0.026801
vt 0.113616 0.023507
vt 0.112428 0.020143
vt 0.111340 0.017064
vt 0.110479 0.014626
vt 0.118238 0.012421
vt 0.126106 0.010612
vt 0.134059 0.009203
vt 0.106446 0.025973
vt 0.099438 0.028806
vt 0.097911 0.025564
vt 0.105086 0.022662
vt 0.092627 0.032011
vt 0.090945 0.028857
vt 0.096513 0.022591
vt 0.103840 0.019629
vt 0.089404 0.025964
vt 0.107775 0.029210
vt 0.100930 0.031970
vt 0.094274 0.035084
vt 0.087838 0.038553
vt 0.086050 0.035591
vt 0.084226 0.032551
vt 0.082558 0.029761
vt 0.081237 0.027547
vt 0.088184 0.023668
vt 0.095405 0.020233
vt 0.102853 0.017225
vt 0.079736 0.039544
vt 0.073689 0.043842
vt 0.071628 0.041100
vt 0.077787 0.036644
vt 0.067909 0.048446
vt 0.065739 0.045872
vt 0.069748 0.038588
vt 0.076008 0.033984
vt 0.063762 0.043518
vt 0.081651 0.042373
vt 0.075720 0.046521
vt 0.070051 0.050969
vt 0.064648 0.055688
vt 0.062393 0.053322
vt 0.060111 0.050915
vt 0.058034 0.048716
vt 0.056395 0.046976
vt 0.062201 0.041653
vt 0.068262 0.036598
vt 0.074600 0.031874
vt 0.057144 0.058440
vt 0.052176 0.063795
vt 0.049649 0.061697
vt 0.054742 0.056190
vt 0.047506 0.069392
vt 0.044852 0.067441
vt 0.047345 0.059781
vt 0.052555 0.054137
vt 0.042431 0.065661
vt 0.059516 0.060653
vt 0.054669 0.065860
vt 0.050119 0.071310
vt 0.045881 0.077002
vt 0.043152 0.075233
vt 0.040375 0.073431
vt 0.037839 0.071786
vt 0.040516 0.064252
vt 0.045525 0.058267
vt 0.050828 0.052513
vt 0.039129 0.081318
vt 0.035447 0.087639
vt 0.032449 0.086148
vt 0.036237 0.079670
vt 0.032117 0.094182
vt 0.029020 0.092851
vt 0.029709 0.084785
vt 0.033595 0.078164
vt 0.026190 0.091633
vt 0.041969 0.082935
vt 0.038391 0.089100
vt 0.035157 0.095485
vt 0.032276 0.102079
vt 0.029147 0.100936
vt 0.025959 0.099766
vt 0.023045 0.098694
vt 0.020739 0.097844
vt 0.023949 0.090668
vt 0.027540 0.083705
vt 0.031504 0.076972
vt 0.026543 0.107887
vt 0.024303 0.115021
vt 0.020952 0.114170
vt 0.023271 0.106877
vt 0.022421 0.122323
vt 0.018995 0.121625
vt 0.017891 0.113387
vt 0.020281 0.105951
vt 0.015866 0.120983
vt 0.029756 0.108872
vt 0.027593 0.115851
vt 0.025786 0.123001
vt 0.024329 0.130312
vt 0.020890 0.129777
vt 0.017391 0.129226
vt 0.014196 0.128718
vt 0.011669 0.128315
vt 0.013390 0.120473
vt 0.017915 0.105217
vt 0.019699 0.137368
vt 0.018809 0.145079
vt 0.015173 0.144800
vt 0.016129 0.136956
vt 0.018172 0.152891
vt 0.014487 0.152745
vt 0.011856 0.144544
vt 0.012869 0.136577
vt 0.011124 0.152610
vt 0.023210 0.137768
vt 0.022385 0.145349
vt 0.021800 0.153035
vt 0.021402 0.160803
vt 0.017744 0.160788
vt 0.014030 0.160775
vt 0.010641 0.160763
vt 0.009233 0.144341
vt 0.010292 0.136275
vt 0.017498 0.168750
vt 0.017477 0.176751
vt 0.013775 0.177018
vt 0.013779 0.168874
vt 0.017745 0.184763
vt 0.014074 0.185180
vt 0.010398 0.177264
vt 0.010387 0.168989
vt 0.010722 0.185563
vt 0.021158 0.168632
vt 0.021118 0.176493
vt 0.021355 0.184357
vt 0.021941 0.192195
vt 0.018367 0.192757
vt 0.014730 0.193333
vt 0.011408 0.193861
vt 0.008780 0.194280
vt 0.008070 0.185867
vt 0.007727 0.177459
vt 0.007705 0.169080
vt 0.019394 0.200706
vt 0.020838 0.208588
vt 0.017267 0.209507
vt 0.015790 0.201450
vt 0.022699 0.216381
vt 0.019162 0.217478
vt 0.014002 0.210348
vt 0.012497 0.202132
vt 0.015927 0.218483
vt 0.022933 0.199978
vt 0.024343 0.207688
vt 0.026166 0.215305
vt 0.028400 0.222809
vt 0.024976 0.224062
vt 0.021479 0.225340
vt 0.018278 0.226509
vt 0.013367 0.219278
vt 0.011418 0.211014
vt 0.009892 0.202672
vt 0.027669 0.231610
vt 0.030772 0.238993
vt 0.027379 0.240620
vt 0.024218 0.233066
vt 0.034278 0.246181
vt 0.030959 0.247966
vt 0.024269 0.242107
vt 0.021057 0.234397
vt 0.027913 0.249598
vt 0.031042 0.230182
vt 0.034083 0.237397
vt 0.037514 0.244428
vt 0.041326 0.251246
vt 0.038179 0.253142
vt 0.034953 0.255069
vt 0.031993 0.256827
vt 0.029645 0.258218
vt 0.025498 0.250888
vt 0.021802 0.243284
vt 0.018552 0.235451
vt 0.042460 0.259853
vt 0.047062 0.266329
vt 0.044079 0.268482
vt 0.039347 0.261900
vt 0.051919 0.272594
vt 0.049074 0.274843
vt 0.041352 0.270441
vt 0.036495 0.263767
vt 0.046479 0.276886
vt 0.045502 0.257834
vt 0.049987 0.264201
vt 0.054718 0.270368
vt 0.059631 0.276354
vt 0.056962 0.278673
vt 0.054258 0.281013
vt 0.051795 0.283140
vt 0.049850 0.284818
vt 0.044427 0.278499
vt 0.039192 0.271988
vt 0.034235 0.265242
vt 0.062140 0.284578
vt 0.067461 0.290283
vt 0.065027 0.292814
vt 0.059572 0.287013
vt 0.072949 0.295750
vt 0.070650 0.298379
vt 0.062813 0.295119
vt 0.057236 0.289227
vt 0.068558 0.300775
vt 0.064679 0.282168
vt 0.069868 0.287782
vt 0.075222 0.293159
vt 0.080762 0.298260
vt 0.078629 0.300941
vt 0.076468 0.303668
vt 0.074501 0.306157
vt 0.066906 0.302670
vt 0.061066 0.296939
vt 0.055392 0.290974
vt 0.084519 0.305824
vt 0.090620 0.310377
vt 0.088757 0.313293
vt 0.082504 0.308646
vt 0.096927 0.314583
vt 0.095222 0.317590
vt 0.087058 0.315959
vt 0.080668 0.311225
vt 0.093666 0.320338
vt 0.086506 0.303051
vt 0.092455 0.307514
vt 0.098606 0.311633
vt 0.104953 0.315393
vt 0.103437 0.318426
vt 0.101895 0.321518
vt 0.100487 0.324345
vt 0.099374 0.326582
vt 0.079217 0.313265
vt 0.110142 0.321892
vt 0.117028 0.324972
vt 0.115824 0.328217
vt 0.108768 0.325063
vt 0.124076 0.327663
vt 0.123043 0.330975
vt 0.114723 0.331183
vt 0.107512 0.327962
vt 0.122099 0.334003
vt 0.111493 0.318781
vt 0.118210 0.321789
vt 0.125090 0.324412
vt 0.132116 0.326645
vt 0.131270 0.329958
vt 0.130407 0.333334
vt 0.129618 0.336420
vt 0.128994 0.338861
vt 0.121352 0.336400
vt 0.113853 0.333530
vt 0.106520 0.330256
vt 0.138591 0.331858
vt 0.146020 0.333384
vt 0.145491 0.336869
vt 0.137896 0.335293
vt 0.153536 0.334561
vt 0.153173 0.338086
vt 0.145008 0.340053
vt 0.137261 0.338431
vt 0.152841 0.341306
vt 0.139273 0.328486
vt 0.146540 0.329961
vt 0.153895 0.331100
vt 0.161318 0.331931
vt 0.161121 0.335417
vt 0.160923 0.338965
vt 0.160743 0.342207
vt 0.160602 0.344771
vt 0.152579 0.343853
vt 0.136758 0.340915
vt 0.168753 0.335967
vt 0.176411 0.336192
vt 0.176549 0.339739
vt 0.168722 0.339522
vt 0.184072 0.336063
vt 0.184380 0.339593
vt 0.176676 0.342980
vt 0.168696 0.342770
vt 0.184664 0.342819
vt 0.168786 0.332476
vt 0.176279 0.332709
vt 0.183772 0.332597
vt 0.191243 0.332106
vt 0.191713 0.335549
vt 0.192194 0.339058
vt 0.192635 0.342265
vt 0.192985 0.344803
vt 0.184888 0.345372
vt 0.176778 0.345545
vt 0.168675 0.345339
vt 0.199313 0.334630
vt 0.206850 0.333308
vt 0.207682 0.336769
vt 0.199969 0.338116
vt 0.214304 0.331595
vt 0.215314 0.335025
vt 0.208445 0.339933
vt 0.200570 0.341303
vt 0.216239 0.338163
vt 0.198671 0.331209
vt 0.206035 0.329914
vt 0.213316 0.328233
vt 0.220496 0.326183
vt 0.221657 0.329502
vt 0.222844 0.332893
vt 0.223930 0.335997
vt 0.224791 0.338455
vt 0.216972 0.340647
vt 0.209049 0.342439
vt 0.201046 0.343825
vt 0.228884 0.327038
vt 0.235952 0.324201
vt 0.237484 0.327473
vt 0.230246 0.330378
vt 0.242826 0.320985
vt 0.244517 0.324169
vt 0.238886 0.330474
vt 0.231493 0.333437
vt 0.246064 0.327092
vt 0.227552 0.323774
vt 0.234454 0.321008
vt 0.241171 0.317882
vt 0.247669 0.314395
vt 0.249469 0.317387
vt 0.251304 0.320458
vt 0.252983 0.323278
vt 0.254312 0.325515
vt 0.247290 0.329410
vt 0.239997 0.332853
vt 0.232481 0.335862
vt 0.255851 0.313408
vt 0.261968 0.309077
vt 0.264047 0.311850
vt 0.257815 0.316340
vt 0.267819 0.304430
vt 0.270010 0.307034
vt 0.265943 0.314390
vt 0.259607 0.319029
vt 0.272006 0.309417
vt 0.253921 0.310549
vt 0.259918 0.306368
vt 0.265654 0.301877
vt 0.271126 0.297106
vt 0.273405 0.299501
vt 0.275712 0.301939
vt 0.277811 0.304167
vt 0.273582 0.311305
vt 0.261026 0.321162
vt 0.278726 0.294321
vt 0.283767 0.288895
vt 0.286326 0.291027
vt 0.281156 0.296602
vt 0.288511 0.283224
vt 0.291199 0.285209
vt 0.288657 0.292972
vt 0.283369 0.298685
vt 0.293651 0.287020
vt 0.276325 0.292077
vt 0.281242 0.286798
vt 0.285865 0.281272
vt 0.290180 0.275505
vt 0.292944 0.277308
vt 0.295756 0.279144
vt 0.298323 0.280820
vt 0.300353 0.282146
vt 0.295589 0.288453
vt 0.290500 0.294511
vt 0.297049 0.271150
vt 0.300812 0.264760
vt 0.303842 0.266281
vt 0.299975 0.272831
vt 0.304221 0.258152
vt 0.307346 0.259509
vt 0.306611 0.267671
vt 0.302648 0.274366
vt 0.310202 0.260750
vt 0.294176 0.269500
vt 0.297838 0.263269
vt 0.301154 0.256823
vt 0.308803 0.268771
vt 0.304762 0.275581
vt 0.249237 0.203050
vt 0.232906 0.204887
vt 0.167781 0.176268
vt 0.235160 0.191088
vt 0.244888 0.219140
vt 0.227920 0.217308
vt 0.232906 0.204887
vt 0.237111 0.233358
vt 0.220299 0.228083
vt 0.227920 0.217308
vt 0.226345 0.245428
vt 0.210428 0.236957
vt 0.220299 0.228083
vt 0.213056 0.254955
vt 0.198682 0.243540
vt 0.197749 0.261467
vt 0.185597 0.247561
vt 0.198682 0.243540
vt 0.181219 0.264727
vt 0.171840 0.248838
vt 0.164252 0.264650
vt 0.158058 0.247570
vt 0.171840 0.248838
vt 0.147695 0.261648
vt 0.144982 0.243795
vt 0.158058 0.247570
vt 0.132412 0.255318
vt 0.133165 0.237166
vt 0.144982 0.243795
vt 0.118854 0.245491
vt 0.122754 0.227886
vt 0.133165 0.237166
vt 0.106891 0.232824
vt 0.113583 0.216732
vt 0.096589 0.218338
vt 0.106291 0.204221
vt 0.113583 0.216732
vt 0.089298 0.202254
vt 0.101836 0.190496
vt 0.085733 0.184887
vt 0.100317 0.175964
vt 0.101836 0.190496
vt 0.085340 0.166868
vt 0.100810 0.161299
vt 0.100317 0.175964
vt 0.086879 0.149264
vt 0.103086 0.147461
vt 0.100810 0.161299
vt 0.091132 0.133181
vt 0.107929 0.135101
vt 0.103086 0.147461
vt 0.098697 0.119096
vt 0.115391 0.124459
vt 0.109294 0.107200
vt 0.125141 0.115702
vt 0.115391 0.124459
vt 0.122448 0.097775
vt 0.136783 0.109171
vt 0.125141 0.115702
vt 0.137636 0.091293
vt 0.149780 0.105155
vt 0.154073 0.088018
vt 0.163475 0.103853
vt 0.149780 0.105155
vt 0.170982 0.088051
vt 0.177226 0.105076
vt 0.163475 0.103853
vt 0.187521 0.090992
vt 0.190301 0.108801
vt 0.177226 0.105076
vt 0.202819 0.097261
vt 0.202142 0.115384
vt 0.190301 0.108801
vt 0.216423 0.107040
vt 0.212606 0.124630
vt 0.202142 0.115384
vt 0.228472 0.119669
vt 0.221866 0.135753
vt 0.212606 0.124630
vt 0.238901 0.134114
vt 0.229272 0.148234
vt 0.221866 0.135753
vt 0.246339 0.150172
vt 0.233852 0.161946
vt 0.229272 0.148234
vt 0.250062 0.167535
vt 0.235508 0.176472
vt 0.233852 0.161946
vt 0.250639 0.185526
vt 0.235160 0.191088
vt 0.235508 0.176472
vt 0.278854 0.212820
vt 0.270810 0.214406
vt 0.272015 0.206309
vt 0.264183 0.218647
vt 0.267350 0.198232
vt 0.272942 0.234734
vt 0.264424 0.234449
vt 0.267361 0.227184
vt 0.256793 0.236990
vt 0.264183 0.218647
vt 0.262328 0.254099
vt 0.253752 0.252046
vt 0.258233 0.245741
vt 0.245504 0.252906
vt 0.256793 0.236990
vt 0.247643 0.270541
vt 0.239400 0.266852
vt 0.245188 0.261634
vt 0.230907 0.266050
vt 0.245505 0.252906
vt 0.229535 0.283556
vt 0.221942 0.278304
vt 0.228841 0.274445
vt 0.213517 0.275786
vt 0.208639 0.292411
vt 0.202059 0.285835
vt 0.209753 0.283465
vt 0.194134 0.281748
vt 0.213517 0.275786
vt 0.186097 0.296889
vt 0.180835 0.289169
vt 0.188913 0.288451
vt 0.173772 0.283593
vt 0.194134 0.281748
vt 0.162951 0.296697
vt 0.159228 0.288299
vt 0.167336 0.289048
vt 0.153351 0.281711
vt 0.173772 0.283593
vt 0.140352 0.292690
vt 0.138367 0.283816
vt 0.146046 0.285971
vt 0.133995 0.276212
vt 0.153351 0.281711
vt 0.119530 0.284077
vt 0.119316 0.274908
vt 0.126225 0.278792
vt 0.116551 0.266414
vt 0.108563 0.267092
vt 0.116551 0.266414
vt 0.087652 0.244916
vt 0.093067 0.251470
vt 0.087634 0.236095
vt 0.101252 0.252611
vt 0.070673 0.233636
vt 0.075015 0.226143
vt 0.079370 0.233442
vt 0.076735 0.217647
vt 0.087634 0.236095
vt 0.060730 0.211714
vt 0.066604 0.205313
vt 0.069218 0.213358
vt 0.070145 0.197354
vt 0.076735 0.217647
vt 0.055883 0.188051
vt 0.063000 0.182982
vt 0.063775 0.191515
vt 0.068067 0.175845
vt 0.070145 0.197354
vt 0.055538 0.163451
vt 0.063130 0.159983
vt 0.062816 0.168633
vt 0.068832 0.154083
vt 0.068067 0.175845
vt 0.057488 0.139402
vt 0.065478 0.137826
vt 0.064254 0.145956
vt 0.072040 0.133595
vt 0.068832 0.154083
vt 0.063250 0.117501
vt 0.071672 0.117829
vt 0.068838 0.125055
vt 0.079191 0.115346
vt 0.072040 0.133595
vt 0.073562 0.098321
vt 0.082071 0.100427
vt 0.077686 0.106644
vt 0.090240 0.099641
vt 0.079191 0.115346
vt 0.088022 0.082128
vt 0.096225 0.085841
vt 0.090505 0.090986
vt 0.104664 0.086678
vt 0.090240 0.099641
vt 0.105947 0.069248
vt 0.113516 0.074494
vt 0.106677 0.078327
vt 0.121899 0.077013
vt 0.126680 0.060433
vt 0.133252 0.066989
vt 0.125609 0.069356
vt 0.141152 0.071057
vt 0.121899 0.077013
vt 0.149095 0.055933
vt 0.154364 0.063626
vt 0.146323 0.064360
vt 0.161422 0.069174
vt 0.141152 0.071057
vt 0.172163 0.056065
vt 0.175908 0.064433
vt 0.167817 0.063711
vt 0.181797 0.070989
vt 0.161422 0.069173
vt 0.194737 0.059986
vt 0.196754 0.068836
vt 0.189075 0.066713
vt 0.201152 0.076410
vt 0.181797 0.070989
vt 0.215579 0.068516
vt 0.215831 0.077668
vt 0.208908 0.073811
vt 0.218633 0.086141
vt 0.201152 0.076410
vt 0.234084 0.081855
vt 0.232687 0.090924
vt 0.226621 0.085446
vt 0.234008 0.099896
vt 0.250432 0.099156
vt 0.247681 0.107556
vt 0.242213 0.101021
vt 0.247757 0.116365
vt 0.234008 0.099896
vt 0.264790 0.118785
vt 0.260490 0.126276
vt 0.256067 0.118997
vt 0.258828 0.134767
vt 0.274934 0.140669
vt 0.269089 0.147078
vt 0.266403 0.139040
vt 0.265601 0.155042
vt 0.258828 0.134767
vt 0.279995 0.164329
vt 0.272895 0.169411
vt 0.272043 0.160874
vt 0.267878 0.176552
vt 0.280589 0.188901
vt 0.273011 0.192358
vt 0.273224 0.183743
vt 0.267350 0.198232
vt 0.267878 0.176552
vt 0.179979 0.032485
vt 0.186830 0.033540
vt 0.186188 0.038277
vt 0.179547 0.036762
vt 0.193611 0.034759
vt 0.192886 0.038993
vt 0.184639 0.049811
vt 0.178436 0.046900
vt 0.191277 0.049076
vt 0.173150 0.030256
vt 0.180131 0.030997
vt 0.173078 0.031685
vt 0.187051 0.031998
vt 0.193884 0.033302
vt 0.200602 0.034951
vt 0.200267 0.036317
vt 0.199394 0.040022
vt 0.197415 0.048493
vt 0.189075 0.066713
vt 0.172600 0.044225
vt 0.172926 0.035507
vt 0.103870 0.302449
vt 0.098253 0.298531
vt 0.100591 0.294479
vt 0.105851 0.298723
vt 0.092759 0.294384
vt 0.094986 0.290826
vt 0.106224 0.284587
vt 0.110594 0.289907
vt 0.100125 0.282295
vt 0.109053 0.307265
vt 0.103155 0.303726
vt 0.109664 0.306011
vt 0.097445 0.299833
vt 0.091925 0.295595
vt 0.108563 0.267092
vt 0.114754 0.294732
vt 0.111226 0.302582
vt 0.152225 0.031073
vt 0.159181 0.031075
vt 0.159455 0.035892
vt 0.152621 0.035408
vt 0.166139 0.031249
vt 0.166235 0.035574
vt 0.160146 0.047627
vt 0.153477 0.045711
vt 0.166588 0.045842
vt 0.145110 0.030019
vt 0.152095 0.029581
vt 0.145311 0.031433
vt 0.159110 0.029507
vt 0.166135 0.029748
vt 0.167817 0.063711
vt 0.147251 0.044036
vt 0.145895 0.035267
vt 0.128243 0.314291
vt 0.121908 0.311813
vt 0.123445 0.307321
vt 0.129490 0.310196
vt 0.115695 0.309092
vt 0.117216 0.305112
vt 0.127167 0.296356
vt 0.132530 0.300489
vt 0.120706 0.295593
vt 0.134385 0.317754
vt 0.127809 0.315696
vt 0.134725 0.316387
vt 0.121389 0.313258
vt 0.115133 0.310445
vt 0.126225 0.278792
vt 0.137627 0.304198
vt 0.135613 0.312678
vt 0.124954 0.035101
vt 0.131687 0.033606
vt 0.132876 0.038334
vt 0.126169 0.039315
vt 0.138469 0.032327
vt 0.139391 0.036610
vt 0.135792 0.049869
vt 0.128968 0.049369
vt 0.141704 0.046780
vt 0.117858 0.035570
vt 0.124535 0.033662
vt 0.118332 0.036916
vt 0.131314 0.032081
vt 0.138178 0.030858
vt 0.146323 0.064360
vt 0.122622 0.049006
vt 0.119635 0.040591
vt 0.155029 0.320300
vt 0.148169 0.319218
vt 0.148830 0.314474
vt 0.155477 0.316014
vt 0.141382 0.317972
vt 0.142125 0.313732
vt 0.150425 0.302922
vt 0.156629 0.305860
vt 0.143774 0.303635
vt 0.161866 0.322555
vt 0.154872 0.321790
vt 0.161943 0.321124
vt 0.147942 0.320763
vt 0.141104 0.319431
vt 0.146046 0.285971
vt 0.162469 0.308559
vt 0.162109 0.317294
vt 0.099346 0.044456
vt 0.105554 0.041716
vt 0.107616 0.046161
vt 0.101337 0.048388
vt 0.111875 0.039163
vt 0.113591 0.043216
vt 0.112651 0.057034
vt 0.105980 0.057826
vt 0.117776 0.052837
vt 0.092616 0.046314
vt 0.098652 0.043147
vt 0.093347 0.047515
vt 0.104889 0.040306
vt 0.111301 0.037784
vt 0.125609 0.069356
vt 0.099830 0.058676
vt 0.095321 0.050895
vt 0.182862 0.321794
vt 0.175880 0.321775
vt 0.175622 0.316947
vt 0.182481 0.317449
vt 0.168899 0.321581
vt 0.168819 0.317247
vt 0.174972 0.305186
vt 0.181659 0.307123
vt 0.168502 0.306957
vt 0.190003 0.322869
vt 0.182989 0.323292
vt 0.189806 0.321450
vt 0.175946 0.323348
vt 0.168898 0.323086
vt 0.167336 0.289048
vt 0.187905 0.308815
vt 0.189233 0.317605
vt 0.076847 0.058838
vt 0.082166 0.054849
vt 0.085012 0.058840
vt 0.079523 0.062331
vt 0.087643 0.051026
vt 0.090085 0.054698
vt 0.091941 0.068646
vt 0.085791 0.070778
vt 0.095968 0.063439
vt 0.070828 0.062052
vt 0.075907 0.057706
vt 0.071782 0.063074
vt 0.081235 0.053617
vt 0.086808 0.049811
vt 0.106677 0.078327
vt 0.080141 0.072845
vt 0.074331 0.066022
vt 0.300254 0.226993
vt 0.298583 0.233650
vt 0.294215 0.231819
vt 0.296281 0.225496
vt 0.296662 0.240184
vt 0.292776 0.238404
vt 0.283623 0.227194
vt 0.286923 0.221678
vt 0.283555 0.234117
vt 0.302923 0.220457
vt 0.301676 0.227371
vt 0.301537 0.220175
vt 0.300042 0.234116
vt 0.298033 0.240685
vt 0.295657 0.247073
vt 0.294380 0.246527
vt 0.291007 0.244737
vt 0.283339 0.240507
vt 0.289841 0.216439
vt 0.297954 0.219083
vt 0.210273 0.317810
vt 0.203501 0.319299
vt 0.202323 0.314557
vt 0.209068 0.313582
vt 0.196681 0.320568
vt 0.195771 0.316273
vt 0.199438 0.302991
vt 0.206295 0.303501
vt 0.193486 0.306076
vt 0.217412 0.317350
vt 0.210691 0.319256
vt 0.216939 0.315996
vt 0.203871 0.320830
vt 0.196970 0.322044
vt 0.188913 0.288451
vt 0.212673 0.303870
vt 0.215643 0.312309
vt 0.058332 0.077396
vt 0.062604 0.072457
vt 0.066102 0.075849
vt 0.061571 0.080330
vt 0.067062 0.067648
vt 0.070113 0.070799
vt 0.074613 0.084225
vt 0.069192 0.087497
vt 0.077416 0.078311
vt 0.053242 0.081763
vt 0.057198 0.076487
vt 0.054368 0.082558
vt 0.061459 0.071444
vt 0.066007 0.066632
vt 0.090505 0.090986
vt 0.064248 0.090625
vt 0.057380 0.084977
vt 0.303185 0.198731
vt 0.302790 0.205984
vt 0.298262 0.205060
vt 0.299106 0.198056
vt 0.302314 0.213154
vt 0.298248 0.212180
vt 0.287349 0.202668
vt 0.289551 0.196221
vt 0.288672 0.209824
vt 0.304921 0.191451
vt 0.304698 0.198855
vt 0.303463 0.191404
vt 0.304351 0.206175
vt 0.303790 0.213384
vt 0.291663 0.190149
vt 0.299831 0.191053
vt 0.236071 0.308428
vt 0.229812 0.311182
vt 0.227754 0.306723
vt 0.234082 0.304483
vt 0.223442 0.313745
vt 0.221731 0.309679
vt 0.222736 0.295819
vt 0.229451 0.295018
vt 0.217563 0.300030
vt 0.242856 0.306559
vt 0.236767 0.309746
vt 0.242122 0.305349
vt 0.230478 0.312600
vt 0.224017 0.315132
vt 0.209753 0.283465
vt 0.235644 0.294156
vt 0.240148 0.301958
vt 0.044605 0.099601
vt 0.047607 0.093751
vt 0.051608 0.096420
vt 0.048272 0.101865
vt 0.050827 0.088039
vt 0.054355 0.090558
vt 0.061334 0.103076
vt 0.056913 0.107490
vt 0.062771 0.096597
vt 0.040674 0.105109
vt 0.043313 0.098952
vt 0.041944 0.105649
vt 0.046292 0.093003
vt 0.049604 0.087271
vt 0.077686 0.106644
vt 0.052917 0.111696
vt 0.045296 0.107443
vt 0.303400 0.169171
vt 0.303527 0.176582
vt 0.298968 0.176611
vt 0.299292 0.169359
vt 0.303557 0.184008
vt 0.299461 0.183883
vt 0.287990 0.176599
vt 0.289644 0.169622
vt 0.289866 0.183604
vt 0.304374 0.161617
vt 0.304908 0.169037
vt 0.302947 0.161824
vt 0.305110 0.176507
vt 0.305082 0.183990
vt 0.291103 0.163136
vt 0.299310 0.162243
vt 0.258786 0.293927
vt 0.253412 0.297958
vt 0.250562 0.293955
vt 0.256106 0.290422
vt 0.247880 0.301814
vt 0.245436 0.298130
vt 0.243632 0.284125
vt 0.249834 0.281954
vt 0.239553 0.289367
vt 0.264871 0.290665
vt 0.259734 0.295067
vt 0.263908 0.289635
vt 0.254348 0.299198
vt 0.248720 0.303037
vt 0.228841 0.274445
vt 0.255534 0.279841
vt 0.261353 0.286678
vt 0.036259 0.125138
vt 0.037890 0.118482
vt 0.042229 0.120323
vt 0.040205 0.126646
vt 0.039745 0.111963
vt 0.043606 0.113751
vt 0.052744 0.124982
vt 0.049490 0.130497
vt 0.052763 0.118067
vt 0.033596 0.131691
vt 0.034841 0.124761
vt 0.034980 0.131974
vt 0.036436 0.118018
vt 0.038381 0.111466
vt 0.068838 0.125055
vt 0.046586 0.135748
vt 0.038538 0.133077
vt 0.298869 0.140327
vt 0.300548 0.147411
vt 0.296094 0.148402
vt 0.294897 0.141374
vt 0.301955 0.154574
vt 0.297910 0.155316
vt 0.285335 0.150749
vt 0.285520 0.143689
vt 0.288412 0.157123
vt 0.298159 0.132878
vt 0.300306 0.139900
vt 0.296812 0.133368
vt 0.302068 0.147037
vt 0.303429 0.154279
vt 0.272043 0.160874
vt 0.285529 0.137147
vt 0.293352 0.134539
vt 0.277547 0.275082
vt 0.273207 0.280103
vt 0.269697 0.276706
vt 0.274296 0.272144
vt 0.268687 0.284991
vt 0.265627 0.281834
vt 0.261166 0.268326
vt 0.266656 0.264978
vt 0.258307 0.274313
vt 0.282725 0.270646
vt 0.278692 0.276001
vt 0.281588 0.269841
vt 0.274363 0.281126
vt 0.269752 0.286016
vt 0.245188 0.261634
vt 0.271673 0.261781
vt 0.278563 0.267421
vt 0.033137 0.153550
vt 0.033619 0.146250
vt 0.038121 0.147186
vt 0.037196 0.154235
vt 0.034165 0.139032
vt 0.038205 0.140019
vt 0.048965 0.149602
vt 0.046696 0.156087
vt 0.047712 0.142400
vt 0.031312 0.160857
vt 0.031626 0.153416
vt 0.032768 0.160914
vt 0.032060 0.146051
vt 0.032691 0.138797
vt 0.064254 0.145956
vt 0.044516 0.162188
vt 0.036387 0.161274
vt 0.288173 0.113370
vt 0.291348 0.119917
vt 0.287209 0.121825
vt 0.284514 0.115233
vt 0.294266 0.126575
vt 0.290475 0.128151
vt 0.277196 0.126396
vt 0.275838 0.119481
vt 0.281587 0.131921
vt 0.285838 0.106257
vt 0.289482 0.112652
vt 0.284625 0.107016
vt 0.292748 0.119235
vt 0.295640 0.125984
vt 0.266403 0.139040
vt 0.274396 0.113098
vt 0.281490 0.108892
vt 0.291626 0.252615
vt 0.288528 0.258516
vt 0.284507 0.255850
vt 0.287939 0.250355
vt 0.285215 0.264289
vt 0.281670 0.261772
vt 0.274734 0.249216
vt 0.279252 0.244751
vt 0.273218 0.255749
vt 0.292928 0.253271
vt 0.289855 0.259272
vt 0.286450 0.265067
vt 0.032604 0.183174
vt 0.032546 0.175765
vt 0.037091 0.175746
vt 0.036700 0.182996
vt 0.032591 0.168331
vt 0.036674 0.168466
vt 0.048028 0.175774
vt 0.046316 0.182748
vt 0.046233 0.168756
vt 0.031565 0.190713
vt 0.031098 0.183297
vt 0.032992 0.190517
vt 0.030965 0.175828
vt 0.031069 0.168338
vt 0.062816 0.168633
vt 0.044805 0.189228
vt 0.036620 0.190107
vt 0.271809 0.089174
vt 0.276263 0.095009
vt 0.272623 0.097742
vt 0.268632 0.091754
vt 0.280598 0.100926
vt 0.277225 0.103265
vt 0.263846 0.104318
vt 0.261114 0.097718
vt 0.269353 0.108829
vt 0.268295 0.082509
vt 0.272979 0.088210
vt 0.267220 0.083485
vt 0.277516 0.094054
vt 0.281828 0.100063
vt 0.256067 0.118997
vt 0.258556 0.091564
vt 0.264551 0.085965
vt 0.036875 0.212014
vt 0.035260 0.204928
vt 0.039707 0.203947
vt 0.040843 0.210976
vt 0.033918 0.197764
vt 0.037956 0.197033
vt 0.050447 0.201617
vt 0.050205 0.208677
vt 0.047434 0.195241
vt 0.037521 0.219459
vt 0.035437 0.212432
vt 0.038870 0.218978
vt 0.033740 0.205292
vt 0.032444 0.198049
vt 0.063775 0.191515
vt 0.050145 0.215221
vt 0.042328 0.217815
vt 0.252684 0.067516
vt 0.257590 0.072700
vt 0.254566 0.076153
vt 0.250066 0.070730
vt 0.262455 0.078011
vt 0.259632 0.081007
vt 0.247305 0.084529
vt 0.243866 0.078271
vt 0.253104 0.088150
vt 0.248489 0.061500
vt 0.253652 0.066384
vt 0.247627 0.062618
vt 0.258654 0.071550
vt 0.263525 0.076942
vt 0.240634 0.072517
vt 0.245474 0.065633
vt 0.047328 0.239007
vt 0.044212 0.232447
vt 0.048352 0.230548
vt 0.050989 0.237152
vt 0.041354 0.225779
vt 0.045145 0.224212
vt 0.058365 0.225992
vt 0.059667 0.232916
vt 0.054032 0.220455
vt 0.049601 0.246126
vt 0.046016 0.239716
vt 0.050818 0.245375
vt 0.042810 0.233121
vt 0.039979 0.226361
vt 0.061058 0.239311
vt 0.053956 0.243507
vt 0.231160 0.050130
vt 0.236794 0.054027
vt 0.234474 0.058080
vt 0.229195 0.053857
vt 0.242309 0.058155
vt 0.240096 0.061715
vt 0.228882 0.067971
vt 0.224490 0.062671
vt 0.234994 0.070245
vt 0.225958 0.045335
vt 0.231870 0.048852
vt 0.225352 0.046591
vt 0.237597 0.052723
vt 0.243138 0.056941
vt 0.226621 0.085446
vt 0.220310 0.057866
vt 0.223805 0.050019
vt 0.063467 0.263272
vt 0.059066 0.257419
vt 0.062714 0.254692
vt 0.066653 0.260698
vt 0.054787 0.251483
vt 0.058166 0.249151
vt 0.071511 0.248126
vt 0.074190 0.254741
vt 0.066053 0.243596
vt 0.062294 0.264229
vt 0.057810 0.258366
vt 0.053553 0.252339
vt 0.079370 0.233442
vt 0.206751 0.038386
vt 0.213091 0.040838
vt 0.211572 0.045327
vt 0.205521 0.042478
vt 0.219311 0.043534
vt 0.217806 0.047512
vt 0.207897 0.056283
vt 0.202521 0.052177
vt 0.214357 0.057025
vt 0.207179 0.036981
vt 0.213604 0.039393
vt 0.219867 0.042180
vt 0.208908 0.073811
vt 0.684953 0.962326
vt 0.692041 0.962324
vt 0.692384 0.973097
vt 0.684951 0.973212
vt 0.699168 0.962321
vt 0.699852 0.972981
vt 0.692732 0.983927
vt 0.684427 0.984191
vt 0.701061 0.983661
vt 0.678891 0.951491
vt 0.684694 0.951557
vt 0.679111 0.962327
vt 0.691712 0.951635
vt 0.698770 0.951713
vt 0.702805 0.994339
vt 0.693083 0.994784
vt 0.683360 0.995230
vt 0.677838 0.984397
vt 0.673637 0.995675
vt 0.678941 0.973300
vt 0.683892 0.919983
vt 0.690844 0.920173
vt 0.691115 0.930569
vt 0.684140 0.930400
vt 0.697835 0.920361
vt 0.698129 0.930737
vt 0.691404 0.941052
vt 0.684407 0.940918
vt 0.698439 0.941185
vt 0.677934 0.909483
vt 0.683661 0.909651
vt 0.678145 0.919825
vt 0.690588 0.909852
vt 0.697554 0.910052
vt 0.703396 0.910216
vt 0.703697 0.920515
vt 0.704010 0.930873
vt 0.704340 0.941292
vt 0.698770 0.951713
vt 0.691712 0.951635
vt 0.684694 0.951557
vt 0.678623 0.940807
vt 0.678892 0.951491
vt 0.678374 0.930259
vt 0.683058 0.879047
vt 0.689896 0.879263
vt 0.690115 0.889400
vt 0.683245 0.889187
vt 0.696772 0.879479
vt 0.697023 0.889613
vt 0.690346 0.899596
vt 0.683446 0.899387
vt 0.697284 0.899804
vt 0.677256 0.868782
vt 0.682881 0.868964
vt 0.677405 0.878866
vt 0.689686 0.869183
vt 0.696528 0.869401
vt 0.702538 0.879656
vt 0.702817 0.889787
vt 0.703102 0.899973
vt 0.677742 0.899214
vt 0.677566 0.889009
vt 0.682407 0.839042
vt 0.689106 0.839268
vt 0.689291 0.849186
vt 0.682556 0.848962
vt 0.695842 0.839493
vt 0.696063 0.849408
vt 0.689484 0.859157
vt 0.682714 0.858936
vt 0.696292 0.859378
vt 0.676758 0.828984
vt 0.682266 0.829175
vt 0.676869 0.838853
vt 0.688929 0.829404
vt 0.695628 0.829632
vt 0.701246 0.829819
vt 0.701490 0.839678
vt 0.701742 0.849591
vt 0.702000 0.859558
vt 0.677118 0.858752
vt 0.676989 0.848776
vt 0.681888 0.799892
vt 0.688442 0.800130
vt 0.688597 0.809835
vt 0.682006 0.809600
vt 0.695033 0.800367
vt 0.695224 0.810069
vt 0.688759 0.819593
vt 0.682132 0.819361
vt 0.695422 0.819824
vt 0.676388 0.790037
vt 0.681777 0.790237
vt 0.676470 0.799695
vt 0.688295 0.790478
vt 0.694849 0.790718
vt 0.700346 0.790915
vt 0.700560 0.800562
vt 0.700781 0.810261
vt 0.701010 0.820013
vt 0.676655 0.819168
vt 0.676558 0.809405
vt 0.681486 0.761585
vt 0.687898 0.761835
vt 0.688023 0.771331
vt 0.681576 0.771084
vt 0.694345 0.762085
vt 0.694506 0.771577
vt 0.688155 0.780878
vt 0.681673 0.780634
vt 0.694674 0.781121
vt 0.676132 0.751928
vt 0.681403 0.752138
vt 0.676186 0.761378
vt 0.687780 0.752392
vt 0.694191 0.752644
vt 0.699568 0.752852
vt 0.699751 0.762290
vt 0.699942 0.771780
vt 0.700140 0.781321
vt 0.676314 0.780432
vt 0.676247 0.770879
vt 0.681196 0.724106
vt 0.687468 0.724368
vt 0.687565 0.733658
vt 0.681258 0.733399
vt 0.693775 0.724630
vt 0.693906 0.733917
vt 0.687669 0.742999
vt 0.681327 0.742743
vt 0.694045 0.743255
vt 0.675985 0.714644
vt 0.681141 0.714864
vt 0.676012 0.723889
vt 0.687378 0.715129
vt 0.693650 0.715393
vt 0.698910 0.715611
vt 0.699063 0.724845
vt 0.699224 0.734130
vt 0.699392 0.743465
vt 0.676085 0.742531
vt 0.676045 0.733184
vt 0.681014 0.687439
vt 0.687149 0.687712
vt 0.687219 0.696801
vt 0.681050 0.696531
vt 0.693318 0.687985
vt 0.693422 0.697071
vt 0.687295 0.705940
vt 0.681092 0.705672
vt 0.693533 0.706207
vt 0.675941 0.678168
vt 0.680985 0.678397
vt 0.675943 0.687212
vt 0.687086 0.678673
vt 0.693221 0.678949
vt 0.698366 0.679176
vt 0.698491 0.688210
vt 0.698624 0.697294
vt 0.698763 0.706427
vt 0.675964 0.705450
vt 0.675950 0.696306
vt 0.680935 0.651566
vt 0.686937 0.651850
vt 0.686980 0.660742
vt 0.680946 0.660461
vt 0.692971 0.652134
vt 0.693048 0.661023
vt 0.687030 0.669683
vt 0.680962 0.669404
vt 0.693131 0.669961
vt 0.675997 0.642482
vt 0.680931 0.642720
vt 0.675974 0.651331
vt 0.686900 0.643007
vt 0.692901 0.643293
vt 0.698032 0.652368
vt 0.698136 0.661255
vt 0.698248 0.670191
vt 0.675946 0.669173
vt 0.675957 0.660227
vt 0.680955 0.616471
vt 0.686826 0.616765
vt 0.686844 0.625465
vt 0.680941 0.625173
vt 0.692729 0.617059
vt 0.692780 0.625756
vt 0.686869 0.634212
vt 0.680933 0.633922
vt 0.692837 0.634500
vt 0.676149 0.607571
vt 0.680975 0.607817
vt 0.676102 0.616227
vt 0.686813 0.608113
vt 0.692684 0.608410
vt 0.697607 0.608654
vt 0.697679 0.617302
vt 0.697757 0.625997
vt 0.697842 0.634739
vt 0.676027 0.633683
vt 0.676062 0.624931
vt 0.681070 0.582137
vt 0.686812 0.582440
vt 0.686807 0.590951
vt 0.681033 0.590650
vt 0.692586 0.582744
vt 0.692613 0.591252
vt 0.686807 0.599509
vt 0.681001 0.599210
vt 0.692645 0.599808
vt 0.676392 0.573416
vt 0.681113 0.573670
vt 0.676323 0.581885
vt 0.686824 0.573976
vt 0.692566 0.574282
vt 0.697381 0.574535
vt 0.697428 0.582995
vt 0.697482 0.591501
vt 0.697541 0.600054
vt 0.676201 0.598962
vt 0.676259 0.590400
vt 0.681275 0.548547
vt 0.686892 0.548860
vt 0.686864 0.557186
vt 0.681215 0.556876
vt 0.692540 0.549172
vt 0.692543 0.557496
vt 0.686841 0.565558
vt 0.681161 0.565250
vt 0.692551 0.565866
vt 0.676722 0.540003
vt 0.681340 0.540264
vt 0.676632 0.548288
vt 0.686926 0.540579
vt 0.692543 0.540894
vt 0.697277 0.549431
vt 0.697306 0.557753
vt 0.697341 0.566121
vt 0.676466 0.564994
vt 0.676546 0.556618
vt 0.681566 0.515686
vt 0.687061 0.516008
vt 0.687010 0.524153
vt 0.681486 0.523834
vt 0.692586 0.516329
vt 0.692566 0.524472
vt 0.686966 0.532344
vt 0.681410 0.532027
vt 0.692552 0.532661
vt 0.677135 0.507316
vt 0.681652 0.507583
vt 0.677025 0.515420
vt 0.687117 0.507907
vt 0.692611 0.508230
vt 0.697219 0.508497
vt 0.697219 0.516594
vt 0.697236 0.532923
vt 0.676818 0.531764
vt 0.676919 0.523570
vt 0.681941 0.483539
vt 0.687315 0.483868
vt 0.687244 0.491837
vt 0.681840 0.491510
vt 0.692719 0.484197
vt 0.692678 0.492164
vt 0.687178 0.499850
vt 0.681743 0.499525
vt 0.692642 0.500175
vt 0.677628 0.475338
vt 0.682047 0.475612
vt 0.677498 0.483266
vt 0.687392 0.475943
vt 0.692766 0.476274
vt 0.697273 0.476548
vt 0.697251 0.484470
vt 0.697235 0.492435
vt 0.697224 0.500444
vt 0.677251 0.499255
vt 0.677372 0.491239
vt 0.682394 0.452090
vt 0.687651 0.452426
vt 0.687559 0.460222
vt 0.682273 0.459887
vt 0.692937 0.452763
vt 0.692875 0.460557
vt 0.687473 0.468061
vt 0.682158 0.467728
vt 0.692818 0.468394
vt 0.678197 0.444054
vt 0.682519 0.444335
vt 0.678048 0.451811
vt 0.687747 0.444673
vt 0.693004 0.445011
vt 0.697413 0.445291
vt 0.697370 0.453041
vt 0.697332 0.460834
vt 0.697300 0.468669
vt 0.677764 0.467452
vt 0.677904 0.459610
vt 0.682922 0.421323
vt 0.688065 0.421667
vt 0.687954 0.429293
vt 0.682783 0.428952
vt 0.693235 0.422010
vt 0.693153 0.429635
vt 0.687848 0.436962
vt 0.682649 0.436622
vt 0.693076 0.437302
vt 0.678839 0.413451
vt 0.683066 0.413737
vt 0.678672 0.421039
vt 0.688180 0.414082
vt 0.693322 0.414427
vt 0.697634 0.414713
vt 0.697571 0.422295
vt 0.697513 0.429918
vt 0.697461 0.437584
vt 0.678351 0.436340
vt 0.678509 0.428668
vt 0.683523 0.391225
vt 0.688552 0.391575
vt 0.688424 0.399036
vt 0.683366 0.398688
vt 0.693610 0.391925
vt 0.693509 0.399385
vt 0.688299 0.406538
vt 0.683214 0.406192
vt 0.693413 0.406885
vt 0.679549 0.383512
vt 0.683684 0.383804
vt 0.679365 0.390935
vt 0.688686 0.384155
vt 0.693715 0.384507
vt 0.697933 0.384798
vt 0.697851 0.392216
vt 0.697774 0.399674
vt 0.697702 0.407173
vt 0.679010 0.405904
vt 0.679185 0.398399
vt 0.684192 0.361781
vt 0.689111 0.362137
vt 0.688965 0.369436
vt 0.684018 0.369082
vt 0.694058 0.362494
vt 0.693940 0.369791
vt 0.688823 0.376775
vt 0.683849 0.376422
vt 0.693825 0.377129
vt 0.680325 0.354225
vt 0.684369 0.354521
vt 0.680125 0.361487
vt 0.689262 0.354878
vt 0.694181 0.355236
vt 0.698307 0.355533
vt 0.698207 0.362789
vt 0.698020 0.377422
vt 0.679737 0.376130
vt 0.679929 0.368788
vt 0.684926 0.332978
vt 0.689738 0.333339
vt 0.689575 0.340480
vt 0.684736 0.340120
vt 0.694577 0.333701
vt 0.694441 0.340840
vt 0.689416 0.347659
vt 0.684551 0.347301
vt 0.694309 0.348018
vt 0.681163 0.325575
vt 0.685119 0.325875
vt 0.680948 0.332678
vt 0.689905 0.326238
vt 0.694717 0.326601
vt 0.698752 0.326903
vt 0.698634 0.334002
vt 0.698412 0.348316
vt 0.680529 0.347003
vt 0.680736 0.339821
vt 0.685722 0.304801
vt 0.690429 0.305167
vt 0.690250 0.312152
vt 0.685517 0.311787
vt 0.695161 0.305535
vt 0.695009 0.312518
vt 0.690075 0.319176
vt 0.685316 0.318812
vt 0.694861 0.319541
vt 0.682061 0.297548
vt 0.685930 0.297853
vt 0.681831 0.304497
vt 0.690611 0.298221
vt 0.695318 0.298589
vt 0.699265 0.298895
vt 0.699130 0.305839
vt 0.699000 0.312822
vt 0.698874 0.319843
vt 0.681382 0.318510
vt 0.681605 0.311484
vt 0.686577 0.277237
vt 0.691181 0.277608
vt 0.690987 0.284441
vt 0.686358 0.284071
vt 0.695810 0.277980
vt 0.695642 0.284812
vt 0.690797 0.291312
vt 0.686142 0.290943
vt 0.695478 0.291682
vt 0.683015 0.270131
vt 0.686800 0.270440
vt 0.682771 0.276929
vt 0.691378 0.270813
vt 0.695982 0.271186
vt 0.699842 0.271496
vt 0.699692 0.278289
vt 0.699546 0.285120
vt 0.699403 0.291989
vt 0.682294 0.290637
vt 0.682531 0.283764
vt 0.687488 0.250273
vt 0.691991 0.250648
vt 0.691783 0.257333
vt 0.687255 0.256958
vt 0.696519 0.251025
vt 0.696336 0.257708
vt 0.691579 0.264054
vt 0.687026 0.263680
vt 0.696157 0.264428
vt 0.684023 0.243312
vt 0.687725 0.243624
vt 0.683766 0.249961
vt 0.692203 0.244001
vt 0.696705 0.244378
vt 0.700482 0.244692
vt 0.700316 0.251338
vt 0.700155 0.258020
vt 0.699997 0.264739
vt 0.683262 0.263371
vt 0.683513 0.256648
vt 0.688453 0.223896
vt 0.692857 0.224275
vt 0.692636 0.230814
vt 0.688207 0.230435
vt 0.697286 0.224656
vt 0.697089 0.231194
vt 0.692417 0.237389
vt 0.687964 0.237011
vt 0.696895 0.237768
vt 0.685081 0.217076
vt 0.688702 0.217391
vt 0.684812 0.223581
vt 0.693082 0.217772
vt 0.697486 0.218154
vt 0.701180 0.218471
vt 0.701000 0.224972
vt 0.700824 0.231509
vt 0.700651 0.238083
vt 0.684283 0.236698
vt 0.684546 0.230122
vt 0.689468 0.198093
vt 0.693776 0.198477
vt 0.693541 0.204873
vt 0.689210 0.204490
vt 0.698107 0.198861
vt 0.697897 0.205257
vt 0.693310 0.211305
vt 0.688954 0.210923
vt 0.697690 0.211687
vt 0.686188 0.191412
vt 0.689729 0.191731
vt 0.685907 0.197775
vt 0.694013 0.192115
vt 0.698321 0.192500
vt 0.701934 0.192821
vt 0.701740 0.199180
vt 0.701363 0.212005
vt 0.685354 0.210607
vt 0.685629 0.204173
vt 0.690531 0.172853
vt 0.694744 0.173240
vt 0.694497 0.179497
vt 0.690261 0.179111
vt 0.698981 0.173627
vt 0.698758 0.179884
vt 0.694254 0.185789
vt 0.689994 0.185403
vt 0.698538 0.186175
vt 0.687340 0.166308
vt 0.690804 0.166629
vt 0.687048 0.172532
vt 0.694994 0.167017
vt 0.699207 0.167405
vt 0.702740 0.167728
vt 0.702534 0.173950
vt 0.702130 0.186496
vt 0.686472 0.185084
vt 0.686759 0.178791
vt 0.691639 0.148162
vt 0.695760 0.148552
vt 0.695502 0.154673
vt 0.691358 0.154284
vt 0.699904 0.148943
vt 0.699669 0.155063
vt 0.695247 0.160828
vt 0.691080 0.160439
vt 0.699436 0.161217
vt 0.688536 0.141751
vt 0.691923 0.142074
vt 0.688233 0.147839
vt 0.696021 0.142465
vt 0.700142 0.142856
vt 0.703598 0.143182
vt 0.703379 0.149268
vt 0.703163 0.155388
vt 0.702950 0.161541
vt 0.687635 0.160118
vt 0.687933 0.153962
vt 0.692791 0.124010
vt 0.696822 0.124403
vt 0.696552 0.130390
vt 0.692500 0.129998
vt 0.700874 0.124796
vt 0.700627 0.130783
vt 0.696285 0.136411
vt 0.692210 0.136020
vt 0.700383 0.136803
vt 0.689773 0.117728
vt 0.693086 0.118054
vt 0.689460 0.123684
vt 0.697094 0.118448
vt 0.701124 0.118842
vt 0.704503 0.119171
vt 0.704273 0.125124
vt 0.704045 0.131110
vt 0.703820 0.137130
vt 0.688841 0.135696
vt 0.689149 0.129674
vt 0.693984 0.100379
vt 0.697926 0.100777
vt 0.697646 0.106635
vt 0.693682 0.106239
vt 0.701889 0.101175
vt 0.701631 0.107032
vt 0.697369 0.112525
vt 0.693383 0.112131
vt 0.701376 0.112921
vt 0.691047 0.094221
vt 0.694288 0.094551
vt 0.690726 0.100051
vt 0.698208 0.094950
vt 0.702150 0.095350
vt 0.705456 0.095682
vt 0.705213 0.101506
vt 0.704974 0.107362
vt 0.690089 0.111804
vt 0.690406 0.105911
vt 0.695204 0.077250
vt 0.699064 0.077655
vt 0.698778 0.083390
vt 0.694898 0.082987
vt 0.702946 0.078061
vt 0.702679 0.083793
vt 0.698492 0.089154
vt 0.694593 0.088754
vt 0.702413 0.089556
vt 0.692330 0.071207
vt 0.695507 0.071544
vt 0.692013 0.076915
vt 0.699351 0.071951
vt 0.703215 0.072360
vt 0.706456 0.072700
vt 0.706202 0.078399
vt 0.705950 0.084129
vt 0.705701 0.089890
vt 0.691370 0.088422
vt 0.691692 0.082653
vt 0.696385 0.054622
vt 0.700195 0.055026
vt 0.699918 0.060635
vt 0.696101 0.060227
vt 0.704025 0.055431
vt 0.703756 0.061045
vt 0.699636 0.066278
vt 0.695807 0.065869
vt 0.703486 0.066688
vt 0.693509 0.048731
vt 0.696656 0.049057
vt 0.693236 0.054287
vt 0.700463 0.049451
vt 0.704292 0.049846
vt 0.707237 0.055769
vt 0.706714 0.067029
vt 0.692643 0.065530
vt 0.692946 0.059888
vt 0.697381 0.032531
vt 0.701215 0.032857
vt 0.700972 0.038384
vt 0.697152 0.038031
vt 0.705070 0.033185
vt 0.704814 0.038739
vt 0.700722 0.043909
vt 0.696911 0.043533
vt 0.704554 0.044287
vt 0.694418 0.026765
vt 0.697601 0.027012
vt 0.694212 0.032261
vt 0.701453 0.027310
vt 0.705325 0.027609
vt 0.708572 0.027858
vt 0.708303 0.033458
vt 0.708035 0.039034
vt 0.707768 0.044602
vt 0.693761 0.043221
vt 0.693994 0.037739
vt 0.697547 0.010234
vt 0.702136 0.010481
vt 0.701913 0.016114
vt 0.697817 0.015862
vt 0.706739 0.010728
vt 0.706029 0.016367
vt 0.701685 0.021727
vt 0.697789 0.021456
vt 0.705603 0.021999
vt 0.691586 0.004325
vt 0.696971 0.004581
vt 0.693906 0.010037
vt 0.702356 0.004838
vt 0.707742 0.005094
vt 0.705325 0.027609
vt 0.701453 0.027310
vt 0.697601 0.027012
vt 0.694577 0.021232
vt 0.694418 0.026765
vt 0.694505 0.015657
vt 0.691435 0.009895
vt 0.691626 0.009906
vt 0.691619 0.015477
vt 0.691292 0.015461
vt 0.692214 0.009942
vt 0.692535 0.015534
vt 0.691513 0.021025
vt 0.691134 0.021013
vt 0.692545 0.021091
vt 0.691564 0.004324
vt 0.691569 0.004324
vt 0.691403 0.009894
vt 0.691575 0.004324
vt 0.691581 0.004324
vt 0.692386 0.026609
vt 0.691342 0.026537
vt 0.690960 0.026531
vt 0.691082 0.021034
vt 0.690921 0.026604
vt 0.691243 0.015464
vt 0.690767 0.031988
vt 0.691150 0.032007
vt 0.690943 0.037455
vt 0.690562 0.037418
vt 0.692190 0.032090
vt 0.691979 0.037552
vt 0.690719 0.042911
vt 0.690344 0.042852
vt 0.691751 0.043021
vt 0.690715 0.032007
vt 0.693994 0.037739
vt 0.693761 0.043221
vt 0.693509 0.048731
vt 0.691501 0.048521
vt 0.690472 0.048403
vt 0.690103 0.048329
vt 0.690301 0.042813
vt 0.690094 0.048216
vt 0.690508 0.037410
vt 0.689821 0.053891
vt 0.690196 0.053954
vt 0.689897 0.059556
vt 0.689515 0.059505
vt 0.691227 0.054072
vt 0.690932 0.059672
vt 0.689583 0.065197
vt 0.689199 0.065144
vt 0.690623 0.065313
vt 0.689777 0.053850
vt 0.693236 0.054287
vt 0.692946 0.059888
vt 0.692643 0.065530
vt 0.692330 0.071207
vt 0.690302 0.070991
vt 0.689259 0.070874
vt 0.688874 0.070816
vt 0.689143 0.065119
vt 0.688825 0.070753
vt 0.689460 0.059484
vt 0.688539 0.076533
vt 0.688927 0.076586
vt 0.688591 0.082327
vt 0.688199 0.082280
vt 0.689976 0.076700
vt 0.689645 0.082440
vt 0.688252 0.088096
vt 0.687858 0.088044
vt 0.689312 0.088209
vt 0.688482 0.076509
vt 0.692013 0.076915
vt 0.688979 0.094009
vt 0.687913 0.093895
vt 0.687516 0.093837
vt 0.687795 0.088019
vt 0.687452 0.093775
vt 0.688139 0.082264
vt 0.687176 0.099676
vt 0.687575 0.099728
vt 0.687238 0.105591
vt 0.686836 0.105544
vt 0.688646 0.099840
vt 0.688315 0.105702
vt 0.686902 0.111482
vt 0.686498 0.111430
vt 0.687986 0.111594
vt 0.687113 0.099651
vt 0.690726 0.100051
vt 0.690406 0.105911
vt 0.690088 0.111804
vt 0.689773 0.117728
vt 0.687658 0.117519
vt 0.686569 0.117406
vt 0.686162 0.117347
vt 0.686434 0.111404
vt 0.686094 0.117281
vt 0.686773 0.105528
vt 0.685829 0.123313
vt 0.686238 0.123365
vt 0.685910 0.129356
vt 0.685499 0.129309
vt 0.687333 0.123476
vt 0.687011 0.129466
vt 0.685583 0.135377
vt 0.685170 0.135325
vt 0.686691 0.135488
vt 0.685764 0.123287
vt 0.689460 0.123684
vt 0.689149 0.129674
vt 0.688841 0.135696
vt 0.686374 0.141543
vt 0.685260 0.141431
vt 0.684844 0.141372
vt 0.685104 0.135298
vt 0.684774 0.141304
vt 0.685434 0.129292
vt 0.684521 0.147470
vt 0.684939 0.147522
vt 0.684620 0.153646
vt 0.684200 0.153599
vt 0.686059 0.147633
vt 0.685746 0.153755
vt 0.684304 0.159801
vt 0.683881 0.159749
vt 0.685437 0.159912
vt 0.684454 0.147443
vt 0.688233 0.147839
vt 0.687933 0.153962
vt 0.687635 0.160118
vt 0.687340 0.166308
vt 0.685129 0.166102
vt 0.683990 0.165990
vt 0.683565 0.165931
vt 0.683814 0.159722
vt 0.683494 0.165861
vt 0.684134 0.153582
vt 0.683253 0.172165
vt 0.683680 0.172217
vt 0.683372 0.178478
vt 0.682942 0.178431
vt 0.684825 0.172327
vt 0.684523 0.178586
vt 0.683066 0.184770
vt 0.682634 0.184718
vt 0.684224 0.184880
vt 0.683184 0.172138
vt 0.687048 0.172532
vt 0.686759 0.178791
vt 0.686472 0.185084
vt 0.686188 0.191412
vt 0.683928 0.191208
vt 0.682763 0.191097
vt 0.682328 0.191038
vt 0.682565 0.184690
vt 0.682255 0.190967
vt 0.682874 0.178414
vt 0.682026 0.197410
vt 0.682463 0.197462
vt 0.682166 0.203863
vt 0.681727 0.203816
vt 0.683634 0.197572
vt 0.683343 0.203971
vt 0.681871 0.210295
vt 0.681430 0.210243
vt 0.683055 0.210404
vt 0.681956 0.197383
vt 0.685907 0.197775
vt 0.685629 0.204173
vt 0.685354 0.210607
vt 0.685081 0.217076
vt 0.682770 0.216874
vt 0.681580 0.216763
vt 0.681135 0.216704
vt 0.681359 0.210215
vt 0.681060 0.216632
vt 0.681658 0.203799
vt 0.680844 0.223219
vt 0.681291 0.223271
vt 0.681005 0.229814
vt 0.680557 0.229768
vt 0.682488 0.223379
vt 0.682209 0.229921
vt 0.680722 0.236390
vt 0.680271 0.236338
vt 0.681933 0.236498
vt 0.680773 0.223191
vt 0.684812 0.223581
vt 0.684546 0.230122
vt 0.684283 0.236698
vt 0.681660 0.243111
vt 0.680443 0.243002
vt 0.679988 0.242942
vt 0.680198 0.236310
vt 0.679911 0.242869
vt 0.680486 0.229750
vt 0.679709 0.249602
vt 0.680166 0.249654
vt 0.679893 0.256343
vt 0.679434 0.256297
vt 0.681390 0.249762
vt 0.681123 0.256449
vt 0.679622 0.263065
vt 0.679160 0.263014
vt 0.680860 0.263173
vt 0.679636 0.249574
vt 0.683766 0.249961
vt 0.683512 0.256648
vt 0.683262 0.263371
vt 0.683015 0.270131
vt 0.680599 0.269933
vt 0.679355 0.269825
vt 0.678890 0.269765
vt 0.679086 0.262985
vt 0.678811 0.269690
vt 0.679361 0.256280
vt 0.678624 0.276574
vt 0.679091 0.276625
vt 0.678830 0.283464
vt 0.678361 0.283417
vt 0.680342 0.276732
vt 0.680089 0.283568
vt 0.678573 0.290335
vt 0.678100 0.290284
vt 0.679838 0.290441
vt 0.678549 0.276545
vt 0.682771 0.276929
vt 0.682531 0.283764
vt 0.682294 0.290637
vt 0.682061 0.297548
vt 0.679591 0.297352
vt 0.678318 0.297245
vt 0.677843 0.297186
vt 0.678025 0.290254
vt 0.677762 0.297109
vt 0.678287 0.283400
vt 0.677591 0.304146
vt 0.678068 0.304197
vt 0.677821 0.311188
vt 0.677342 0.311142
vt 0.679348 0.304302
vt 0.679107 0.311291
vt 0.677577 0.318212
vt 0.677094 0.318161
vt 0.678871 0.318317
vt 0.677514 0.304116
vt 0.681605 0.311484
vt 0.681382 0.318510
vt 0.681163 0.325575
vt 0.678638 0.325382
vt 0.677337 0.325276
vt 0.676851 0.325216
vt 0.677017 0.318131
vt 0.676768 0.325138
vt 0.677265 0.311124
vt 0.676613 0.332331
vt 0.677101 0.332383
vt 0.676868 0.339529
vt 0.676378 0.339483
vt 0.678409 0.332486
vt 0.678183 0.339630
vt 0.676638 0.346709
vt 0.676145 0.346658
vt 0.677961 0.346813
vt 0.676534 0.332302
vt 0.680948 0.332678
vt 0.680736 0.339821
vt 0.680529 0.347003
vt 0.680325 0.354225
vt 0.677743 0.354035
vt 0.676413 0.353930
vt 0.675916 0.353871
vt 0.676066 0.346628
vt 0.675831 0.353791
vt 0.676300 0.339465
vt 0.675692 0.361144
vt 0.676191 0.361195
vt 0.675974 0.368500
vt 0.675473 0.368455
vt 0.677529 0.361298
vt 0.677318 0.368600
vt 0.675760 0.375841
vt 0.675255 0.375790
vt 0.677112 0.375943
vt 0.675612 0.361114
vt 0.680125 0.361487
vt 0.679929 0.368788
vt 0.679737 0.376130
vt 0.679549 0.383512
vt 0.676909 0.383325
vt 0.675549 0.383222
vt 0.675041 0.383163
vt 0.675174 0.375759
vt 0.674955 0.383082
vt 0.675393 0.368437
vt 0.674833 0.390598
vt 0.675344 0.390648
vt 0.675142 0.398116
vt 0.674629 0.398071
vt 0.676711 0.390750
vt 0.676517 0.398215
vt 0.674944 0.405620
vt 0.674428 0.405569
vt 0.676326 0.405720
vt 0.674751 0.390567
vt 0.679365 0.390935
vt 0.679185 0.398399
vt 0.679010 0.405904
vt 0.676140 0.413267
vt 0.674750 0.413165
vt 0.674230 0.413106
vt 0.674345 0.405538
vt 0.674141 0.413024
vt 0.674548 0.398053
vt 0.674039 0.420706
vt 0.674560 0.420757
vt 0.674375 0.428390
vt 0.673851 0.428346
vt 0.675958 0.420856
vt 0.675781 0.428487
vt 0.674194 0.436061
vt 0.673667 0.436011
vt 0.675608 0.436160
vt 0.673955 0.420676
vt 0.678672 0.421039
vt 0.678509 0.428668
vt 0.678351 0.436340
vt 0.678197 0.444054
vt 0.675439 0.443874
vt 0.674017 0.443774
vt 0.673486 0.443715
vt 0.673581 0.435979
vt 0.673395 0.443631
vt 0.673768 0.428327
vt 0.673312 0.451484
vt 0.673845 0.451534
vt 0.673678 0.459337
vt 0.673142 0.459294
vt 0.675274 0.451632
vt 0.675114 0.459432
vt 0.673514 0.467179
vt 0.672975 0.467128
vt 0.674959 0.467275
vt 0.673226 0.451453
vt 0.678048 0.451811
vt 0.677904 0.459610
vt 0.677764 0.467452
vt 0.677628 0.475338
vt 0.674808 0.475161
vt 0.673355 0.475063
vt 0.672812 0.475004
vt 0.672888 0.467097
vt 0.672718 0.474919
vt 0.673057 0.459275
vt 0.672656 0.482946
vt 0.673201 0.482996
vt 0.673052 0.490972
vt 0.672504 0.490929
vt 0.674662 0.483091
vt 0.674521 0.491065
vt 0.672907 0.498987
vt 0.672355 0.498938
vt 0.674384 0.499082
vt 0.672568 0.482914
vt 0.677498 0.483266
vt 0.677372 0.491239
vt 0.677251 0.499255
vt 0.674252 0.507143
vt 0.672767 0.507047
vt 0.672211 0.506989
vt 0.672266 0.498906
vt 0.672115 0.506901
vt 0.672417 0.490910
vt 0.672074 0.515107
vt 0.672632 0.515156
vt 0.672502 0.523309
vt 0.671942 0.523267
vt 0.674125 0.515250
vt 0.674003 0.523400
vt 0.672376 0.531503
vt 0.671812 0.531454
vt 0.673886 0.531595
vt 0.671984 0.515074
vt 0.676919 0.523570
vt 0.676818 0.531764
vt 0.676722 0.540003
vt 0.673775 0.539836
vt 0.672255 0.539741
vt 0.671688 0.539683
vt 0.671721 0.531421
vt 0.671590 0.539594
vt 0.671853 0.523248
vt 0.671571 0.547981
vt 0.672141 0.548030
vt 0.672031 0.556365
vt 0.671458 0.556323
vt 0.673668 0.548122
vt 0.673566 0.556453
vt 0.671926 0.564740
vt 0.671349 0.564691
vt 0.673470 0.564830
vt 0.671478 0.547949
vt 0.676632 0.548288
vt 0.676392 0.573417
vt 0.673379 0.573253
vt 0.671826 0.573161
vt 0.671245 0.573103
vt 0.671256 0.564658
vt 0.671145 0.573013
vt 0.671367 0.556303
vt 0.671149 0.581586
vt 0.671732 0.581634
vt 0.671643 0.590153
vt 0.671058 0.590112
vt 0.673293 0.581723
vt 0.673213 0.590240
vt 0.671559 0.598714
vt 0.670970 0.598666
vt 0.673138 0.598803
vt 0.671055 0.581553
vt 0.676259 0.590400
vt 0.676201 0.598962
vt 0.676149 0.607571
vt 0.673069 0.607412
vt 0.671481 0.607323
vt 0.670887 0.607265
vt 0.670875 0.598633
vt 0.670784 0.607173
vt 0.670965 0.590093
vt 0.670813 0.615936
vt 0.671409 0.615984
vt 0.671342 0.624692
vt 0.670744 0.624651
vt 0.673005 0.616070
vt 0.672947 0.624776
vt 0.671281 0.633443
vt 0.670678 0.633395
vt 0.672895 0.633529
vt 0.670717 0.615902
vt 0.676102 0.616227
vt 0.676062 0.624931
vt 0.675997 0.642482
vt 0.672848 0.642329
vt 0.671225 0.642242
vt 0.670618 0.642185
vt 0.670581 0.633361
vt 0.670513 0.642091
vt 0.670649 0.624632
vt 0.670567 0.651048
vt 0.671176 0.651095
vt 0.671133 0.659996
vt 0.670521 0.659957
vt 0.672808 0.651179
vt 0.672773 0.660078
vt 0.671095 0.668941
vt 0.670479 0.668895
vt 0.672744 0.669024
vt 0.670468 0.651014
vt 0.675974 0.651331
vt 0.675957 0.660227
vt 0.675946 0.669173
vt 0.675941 0.678168
vt 0.672722 0.678020
vt 0.671063 0.677936
vt 0.670442 0.677879
vt 0.670379 0.668860
vt 0.670334 0.677783
vt 0.670424 0.659937
vt 0.670415 0.686938
vt 0.671037 0.686985
vt 0.671018 0.696084
vt 0.670393 0.696045
vt 0.672705 0.687066
vt 0.672695 0.696162
vt 0.671005 0.705227
vt 0.670375 0.705181
vt 0.672691 0.705307
vt 0.670314 0.686904
vt 0.675943 0.687212
vt 0.675950 0.696306
vt 0.675964 0.705450
vt 0.675985 0.714644
vt 0.672694 0.714502
vt 0.670997 0.714420
vt 0.670363 0.714364
vt 0.670273 0.705146
vt 0.670252 0.714267
vt 0.670293 0.696025
vt 0.670360 0.723625
vt 0.670997 0.723670
vt 0.671003 0.732971
vt 0.670364 0.732933
vt 0.672702 0.723749
vt 0.672718 0.733046
vt 0.671015 0.742317
vt 0.670371 0.742271
vt 0.672740 0.742394
vt 0.670257 0.723590
vt 0.676045 0.733184
vt 0.676086 0.742531
vt 0.676132 0.751928
vt 0.672768 0.751793
vt 0.671034 0.751714
vt 0.670385 0.751658
vt 0.670267 0.742236
vt 0.670272 0.751559
vt 0.670262 0.732913
vt 0.670409 0.761124
vt 0.671060 0.761168
vt 0.671092 0.770675
vt 0.670439 0.770638
vt 0.672803 0.761244
vt 0.672845 0.770747
vt 0.671131 0.780227
vt 0.670473 0.780183
vt 0.672893 0.780301
vt 0.670303 0.761088
vt 0.676186 0.761378
vt 0.676247 0.770879
vt 0.676314 0.780432
vt 0.676388 0.790037
vt 0.672949 0.789908
vt 0.671176 0.789832
vt 0.670513 0.789778
vt 0.670365 0.780147
vt 0.670397 0.789676
vt 0.670334 0.770618
vt 0.670564 0.799452
vt 0.671229 0.799495
vt 0.671289 0.809211
vt 0.670621 0.809175
vt 0.673011 0.799568
vt 0.673081 0.809280
vt 0.671356 0.818974
vt 0.670683 0.818930
vt 0.673158 0.819044
vt 0.670456 0.799416
vt 0.676470 0.799695
vt 0.676558 0.809405
vt 0.676655 0.819168
vt 0.673242 0.828862
vt 0.671430 0.828789
vt 0.670752 0.828735
vt 0.670573 0.818894
vt 0.670632 0.828634
vt 0.670514 0.809155
vt 0.670833 0.838620
vt 0.671513 0.838663
vt 0.671605 0.848590
vt 0.670921 0.848555
vt 0.673335 0.838732
vt 0.673436 0.848656
vt 0.671704 0.858565
vt 0.671015 0.858522
vt 0.673546 0.858633
vt 0.670722 0.838584
vt 0.676869 0.838853
vt 0.676989 0.848776
vt 0.677118 0.858752
vt 0.677256 0.868782
vt 0.673666 0.868664
vt 0.671814 0.868594
vt 0.671120 0.868541
vt 0.670901 0.858486
vt 0.670991 0.868437
vt 0.670812 0.848535
vt 0.671241 0.878641
vt 0.671937 0.878684
vt 0.672073 0.888831
vt 0.671374 0.888795
vt 0.673797 0.878751
vt 0.673941 0.888895
vt 0.672223 0.899034
vt 0.671517 0.898986
vt 0.674101 0.899101
vt 0.671125 0.878604
vt 0.677566 0.889009
vt 0.677742 0.899214
vt 0.677934 0.909483
vt 0.674279 0.909375
vt 0.672392 0.909306
vt 0.671679 0.909244
vt 0.671395 0.898939
vt 0.671529 0.909106
vt 0.671260 0.888772
vt 0.671872 0.919612
vt 0.672584 0.919660
vt 0.672796 0.930109
vt 0.672086 0.930063
vt 0.674476 0.919723
vt 0.674694 0.930168
vt 0.673027 0.940670
vt 0.672311 0.940588
vt 0.674931 0.940732
vt 0.671749 0.919563
vt 0.678145 0.919825
vt 0.678374 0.930259
vt 0.678623 0.940807
vt 0.675187 0.951444
vt 0.673276 0.951387
vt 0.672555 0.951273
vt 0.672189 0.940476
vt 0.672408 0.950933
vt 0.671969 0.930020
vt 0.672824 0.962228
vt 0.673529 0.962295
vt 0.673695 0.973350
vt 0.673095 0.973333
vt 0.675414 0.962322
vt 0.675364 0.973344
vt 0.673701 0.984492
vt 0.673351 0.984493
vt 0.674772 0.984475
vt 0.672702 0.962119
vt 0.673624 0.995675
vt 0.673610 0.995676
vt 0.673597 0.995676
vt 0.673290 0.984490
vt 0.673584 0.995676
vt 0.672996 0.973305
vt 0.208970 0.031157
vt 0.215704 0.033690
vt 0.214823 0.036084
vt 0.208219 0.033601
vt 0.222278 0.036605
vt 0.221268 0.038945
vt 0.214119 0.037998
vt 0.207618 0.035556
vt 0.220458 0.040816
vt 0.202832 0.026064
vt 0.209860 0.028265
vt 0.202092 0.029013
vt 0.216744 0.030856
vt 0.230022 0.037193
vt 0.228679 0.039896
vt 0.227540 0.042179
vt 0.226626 0.044005
vt 0.225958 0.045335
vt 0.219867 0.042180
vt 0.213604 0.039393
vt 0.207179 0.036981
vt 0.200967 0.033497
vt 0.200602 0.034951
vt 0.201467 0.031504
vt 0.057220 0.268360
vt 0.052587 0.262287
vt 0.054780 0.260652
vt 0.059343 0.266641
vt 0.048192 0.256024
vt 0.050451 0.254484
vt 0.056533 0.259334
vt 0.061048 0.265250
vt 0.052248 0.253246
vt 0.062030 0.274260
vt 0.045502 0.257834
vt 0.041326 0.251246
vt 0.044101 0.249554
vt 0.046423 0.248119
vt 0.048265 0.246967
vt 0.049601 0.246126
vt 0.053553 0.252339
vt 0.057810 0.258366
vt 0.062294 0.264229
vt 0.065722 0.271015
vt 0.066929 0.269948
vt 0.064074 0.272466
vt 0.234895 0.043557
vt 0.240921 0.047574
vt 0.239532 0.049734
vt 0.233630 0.045779
vt 0.246753 0.051937
vt 0.245244 0.054035
vt 0.238415 0.051462
vt 0.232613 0.047556
vt 0.244028 0.055715
vt 0.236385 0.040926
vt 0.242554 0.045018
vt 0.254295 0.054225
vt 0.252388 0.056630
vt 0.250762 0.058669
vt 0.249450 0.060305
vt 0.248489 0.061500
vt 0.243138 0.056941
vt 0.237597 0.052723
vt 0.231870 0.048852
vt 0.040366 0.242866
vt 0.037005 0.235978
vt 0.039454 0.234778
vt 0.042752 0.241545
vt 0.034027 0.228913
vt 0.036533 0.227841
vt 0.041398 0.233820
vt 0.044644 0.240487
vt 0.038529 0.226985
vt 0.037514 0.244428
vt 0.034083 0.237397
vt 0.031042 0.230182
vt 0.028400 0.222809
vt 0.031438 0.221696
vt 0.033996 0.220756
vt 0.036036 0.220006
vt 0.037521 0.219459
vt 0.039979 0.226361
vt 0.042810 0.233121
vt 0.046016 0.239716
vt 0.257828 0.061638
vt 0.263091 0.066922
vt 0.261243 0.068852
vt 0.256088 0.063622
vt 0.268200 0.072443
vt 0.266253 0.074317
vt 0.259750 0.070409
vt 0.254683 0.065217
vt 0.264680 0.075831
vt 0.270479 0.070254
vt 0.275569 0.076047
vt 0.273179 0.078159
vt 0.271142 0.079969
vt 0.269499 0.081433
vt 0.268295 0.082509
vt 0.263525 0.076942
vt 0.253652 0.066384
vt 0.029247 0.214349
vt 0.027461 0.206890
vt 0.030096 0.206218
vt 0.031847 0.213543
vt 0.026086 0.199334
vt 0.028752 0.198793
vt 0.032204 0.205682
vt 0.033924 0.212900
vt 0.030887 0.198362
vt 0.024343 0.207688
vt 0.021941 0.192195
vt 0.025128 0.191698
vt 0.027825 0.191282
vt 0.029987 0.190952
vt 0.031565 0.190713
vt 0.032444 0.198049
vt 0.033740 0.205292
vt 0.035437 0.212432
vt 0.278037 0.084039
vt 0.282722 0.090090
vt 0.280536 0.091743
vt 0.275920 0.085775
vt 0.287172 0.096332
vt 0.284921 0.097891
vt 0.278789 0.093076
vt 0.274221 0.087179
vt 0.283129 0.099145
vt 0.285313 0.088155
vt 0.289853 0.094500
vt 0.294087 0.101067
vt 0.291321 0.102783
vt 0.289007 0.104238
vt 0.287170 0.105405
vt 0.285838 0.106257
vt 0.281828 0.100063
vt 0.277516 0.094054
vt 0.272979 0.088210
vt 0.024578 0.184000
vt 0.024372 0.176267
vt 0.027132 0.176080
vt 0.027309 0.183702
vt 0.024430 0.168530
vt 0.027208 0.168447
vt 0.029346 0.175934
vt 0.029498 0.183467
vt 0.029438 0.168383
vt 0.021355 0.184357
vt 0.021118 0.176493
vt 0.021158 0.168632
vt 0.021402 0.160803
vt 0.024673 0.160818
vt 0.027450 0.160833
vt 0.029681 0.160846
vt 0.031312 0.160857
vt 0.031069 0.168338
vt 0.030965 0.175828
vt 0.031098 0.183297
vt 0.298425 0.255642
vt 0.295190 0.261942
vt 0.292952 0.260822
vt 0.296118 0.254646
vt 0.291615 0.268031
vt 0.289449 0.266788
vt 0.291161 0.259926
vt 0.294273 0.253851
vt 0.287715 0.265793
vt 0.304110 0.250174
vt 0.301154 0.256823
vt 0.301306 0.249140
vt 0.294176 0.269500
vt 0.287713 0.273896
vt 0.285624 0.272534
vt 0.283949 0.271443
vt 0.282725 0.270646
vt 0.286450 0.265067
vt 0.289855 0.259272
vt 0.297040 0.247577
vt 0.295657 0.247073
vt 0.298936 0.248271
vt 0.295116 0.109453
vt 0.298537 0.116327
vt 0.296095 0.117547
vt 0.292737 0.110795
vt 0.301578 0.123380
vt 0.299077 0.124473
vt 0.294156 0.118523
vt 0.290850 0.111869
vt 0.297086 0.125347
vt 0.297959 0.107867
vt 0.301452 0.114882
vt 0.304555 0.122084
vt 0.307261 0.129446
vt 0.304230 0.130587
vt 0.301677 0.131549
vt 0.299641 0.132318
vt 0.298159 0.132878
vt 0.295640 0.125984
vt 0.292748 0.119235
vt 0.289482 0.112652
vt 0.025045 0.153162
vt 0.025582 0.145586
vt 0.028293 0.145783
vt 0.027798 0.153269
vt 0.026346 0.138117
vt 0.029003 0.138406
vt 0.030469 0.145939
vt 0.030010 0.153354
vt 0.031134 0.138633
vt 0.021800 0.153035
vt 0.022385 0.145349
vt 0.023210 0.137768
vt 0.024329 0.130312
vt 0.027397 0.130779
vt 0.029994 0.131166
vt 0.032076 0.131471
vt 0.032060 0.146051
vt 0.031626 0.153416
vt 0.283497 0.279529
vt 0.278978 0.284924
vt 0.277051 0.283334
vt 0.281487 0.278052
vt 0.274167 0.290073
vt 0.272325 0.288374
vt 0.275499 0.282058
vt 0.279872 0.276867
vt 0.270840 0.287011
vt 0.276325 0.292077
vt 0.269074 0.294972
vt 0.267322 0.293166
vt 0.265908 0.291720
vt 0.264871 0.290665
vt 0.269752 0.286016
vt 0.274363 0.281126
vt 0.278692 0.276001
vt 0.306486 0.137926
vt 0.308338 0.145380
vt 0.305707 0.146077
vt 0.303890 0.138755
vt 0.309780 0.152932
vt 0.307117 0.153499
vt 0.303602 0.146632
vt 0.301817 0.139418
vt 0.304985 0.153951
vt 0.309562 0.136943
vt 0.312930 0.152258
vt 0.313991 0.160040
vt 0.310807 0.160567
vt 0.308111 0.161010
vt 0.305951 0.161362
vt 0.304374 0.161617
vt 0.303429 0.154279
vt 0.302068 0.147037
vt 0.300306 0.139900
vt 0.028786 0.123596
vt 0.030525 0.116580
vt 0.033004 0.117188
vt 0.031324 0.124090
vt 0.032616 0.109741
vt 0.035034 0.110469
vt 0.034988 0.117669
vt 0.033357 0.124479
vt 0.036970 0.111047
vt 0.025786 0.123001
vt 0.029756 0.108872
vt 0.035062 0.103091
vt 0.037416 0.103941
vt 0.039300 0.104618
vt 0.040674 0.105109
vt 0.038381 0.111466
vt 0.036436 0.118018
vt 0.263710 0.299611
vt 0.258082 0.303972
vt 0.256522 0.301961
vt 0.262051 0.297701
vt 0.252200 0.308030
vt 0.250742 0.305922
vt 0.255267 0.300361
vt 0.260714 0.296177
vt 0.249573 0.304250
vt 0.265654 0.301877
vt 0.259918 0.306368
vt 0.247669 0.314395
vt 0.246070 0.311762
vt 0.244720 0.309563
vt 0.243642 0.307821
vt 0.242856 0.306559
vt 0.248720 0.303037
vt 0.259734 0.295066
vt 0.311425 0.168266
vt 0.311702 0.175997
vt 0.308943 0.176213
vt 0.308695 0.168592
vt 0.311720 0.183728
vt 0.308942 0.183839
vt 0.306729 0.176384
vt 0.306507 0.168850
vt 0.306712 0.183927
vt 0.314956 0.175738
vt 0.314994 0.183592
vt 0.314831 0.191408
vt 0.311559 0.191424
vt 0.308782 0.191436
vt 0.306552 0.191445
vt 0.304921 0.191451
vt 0.305082 0.183990
vt 0.305110 0.176507
vt 0.037863 0.096640
vt 0.041011 0.090397
vt 0.043227 0.091492
vt 0.040149 0.097612
vt 0.044499 0.084374
vt 0.046640 0.085589
vt 0.044999 0.092366
vt 0.041979 0.098388
vt 0.048353 0.086562
vt 0.035157 0.095485
vt 0.038391 0.089100
vt 0.041969 0.082935
vt 0.045881 0.077002
vt 0.048317 0.078579
vt 0.050380 0.079914
vt 0.052034 0.080983
vt 0.053242 0.081763
vt 0.049604 0.087271
vt 0.046292 0.093003
vt 0.043313 0.098952
vt 0.239703 0.315150
vt 0.233127 0.318191
vt 0.232012 0.315832
vt 0.238468 0.312867
vt 0.226372 0.320887
vt 0.225380 0.318463
vt 0.231124 0.313959
vt 0.237483 0.311057
vt 0.224591 0.316534
vt 0.241171 0.317882
vt 0.234454 0.321008
vt 0.227552 0.323774
vt 0.220496 0.326183
vt 0.219467 0.323240
vt 0.218602 0.320762
vt 0.217913 0.318787
vt 0.236767 0.309746
vt 0.311275 0.199054
vt 0.310822 0.206599
vt 0.308113 0.206419
vt 0.308523 0.198970
vt 0.310127 0.214041
vt 0.307473 0.213762
vt 0.305939 0.206277
vt 0.306313 0.198904
vt 0.305344 0.213543
vt 0.314520 0.199155
vt 0.314017 0.206816
vt 0.313260 0.214378
vt 0.309117 0.221363
vt 0.306521 0.220979
vt 0.304441 0.220676
vt 0.302924 0.220457
vt 0.303790 0.213384
vt 0.304351 0.206175
vt 0.304698 0.198855
vt 0.052456 0.073022
vt 0.056904 0.067705
vt 0.058806 0.069270
vt 0.054440 0.074473
vt 0.061648 0.062629
vt 0.063466 0.064305
vt 0.060338 0.070526
vt 0.056033 0.075637
vt 0.064932 0.065650
vt 0.050119 0.071310
vt 0.054669 0.065860
vt 0.059516 0.060653
vt 0.064648 0.055688
vt 0.066676 0.057796
vt 0.068407 0.059580
vt 0.069804 0.061009
vt 0.066007 0.066632
vt 0.061459 0.071444
vt 0.057198 0.076487
vt 0.212441 0.325248
vt 0.205313 0.326896
vt 0.204706 0.324349
vt 0.211704 0.322730
vt 0.198103 0.328167
vt 0.197626 0.325597
vt 0.204223 0.322313
vt 0.211118 0.320720
vt 0.197246 0.323542
vt 0.213316 0.328233
vt 0.206035 0.329914
vt 0.198671 0.331209
vt 0.191243 0.332106
vt 0.190828 0.329041
vt 0.190480 0.326452
vt 0.190204 0.324380
vt 0.190003 0.322869
vt 0.196970 0.322044
vt 0.210691 0.319256
vt 0.307732 0.228547
vt 0.305965 0.235580
vt 0.303481 0.234962
vt 0.305193 0.228049
vt 0.303821 0.242449
vt 0.301393 0.241706
vt 0.301493 0.234471
vt 0.303160 0.227656
vt 0.299450 0.241115
vt 0.310734 0.229144
vt 0.306695 0.243334
vt 0.298032 0.240685
vt 0.300042 0.234116
vt 0.301676 0.227371
vt 0.071975 0.053210
vt 0.077539 0.048892
vt 0.079084 0.050882
vt 0.073616 0.055099
vt 0.083358 0.044867
vt 0.084804 0.046954
vt 0.080327 0.052466
vt 0.074938 0.056607
vt 0.085962 0.048610
vt 0.070051 0.050969
vt 0.081651 0.042373
vt 0.087838 0.038553
vt 0.089427 0.041159
vt 0.090767 0.043338
vt 0.091837 0.045063
vt 0.086808 0.049811
vt 0.075907 0.057706
vt 0.183508 0.329511
vt 0.176164 0.329606
vt 0.176071 0.326982
vt 0.183288 0.326902
vt 0.168820 0.329364
vt 0.168851 0.326732
vt 0.175998 0.324881
vt 0.183114 0.324815
vt 0.168878 0.324624
vt 0.183772 0.332597
vt 0.168786 0.332476
vt 0.161318 0.331931
vt 0.161496 0.328825
vt 0.161650 0.326196
vt 0.161774 0.324092
vt 0.168898 0.323086
vt 0.175946 0.323348
vt 0.182989 0.323292
vt 0.095733 0.037790
vt 0.102252 0.034762
vt 0.103362 0.037101
vt 0.096961 0.040053
vt 0.108952 0.032073
vt 0.109941 0.034479
vt 0.104246 0.038959
vt 0.097940 0.041847
vt 0.110728 0.036393
vt 0.094274 0.035084
vt 0.100930 0.031970
vt 0.107775 0.029210
vt 0.114777 0.026801
vt 0.115805 0.029722
vt 0.116669 0.032181
vt 0.117358 0.034143
vt 0.117858 0.035570
vt 0.104889 0.040306
vt 0.098652 0.043147
vt 0.154217 0.328015
vt 0.147004 0.326912
vt 0.147397 0.324333
vt 0.154490 0.325405
vt 0.139880 0.325483
vt 0.140394 0.322945
vt 0.147712 0.322269
vt 0.154711 0.323315
vt 0.140804 0.320913
vt 0.153895 0.331100
vt 0.146540 0.329961
vt 0.139273 0.328486
vt 0.132869 0.323695
vt 0.133505 0.321202
vt 0.134014 0.319208
vt 0.134385 0.317754
vt 0.141104 0.319431
vt 0.147942 0.320763
vt 0.154872 0.321790
vt 0.122783 0.027710
vt 0.129866 0.026053
vt 0.130475 0.028584
vt 0.123521 0.030210
vt 0.137035 0.024769
vt 0.137516 0.027324
vt 0.130961 0.030607
vt 0.124108 0.032207
vt 0.137899 0.029368
vt 0.121906 0.024745
vt 0.129140 0.023054
vt 0.143850 0.020828
vt 0.144272 0.023878
vt 0.144626 0.026454
vt 0.144907 0.028516
vt 0.145110 0.030019
vt 0.131314 0.032081
vt 0.124535 0.033662
vt 0.125992 0.321520
vt 0.119264 0.318957
vt 0.120155 0.316565
vt 0.126754 0.319076
vt 0.112698 0.316014
vt 0.113718 0.313676
vt 0.120868 0.314652
vt 0.127364 0.317121
vt 0.114536 0.311807
vt 0.125090 0.324412
vt 0.111493 0.318781
vt 0.104953 0.315393
vt 0.106308 0.312695
vt 0.107457 0.310416
vt 0.108379 0.308594
vt 0.109053 0.307265
vt 0.115133 0.310445
vt 0.121389 0.313258
vt 0.127809 0.315696
vt 0.151559 0.023388
vt 0.158874 0.023272
vt 0.158976 0.025886
vt 0.151786 0.025986
vt 0.166195 0.023489
vt 0.166172 0.026113
vt 0.159054 0.027980
vt 0.151965 0.028064
vt 0.166152 0.028215
vt 0.151287 0.020316
vt 0.158751 0.020180
vt 0.166218 0.020388
vt 0.173666 0.020904
vt 0.173499 0.024002
vt 0.173355 0.026624
vt 0.173237 0.028724
vt 0.173150 0.030256
vt 0.166135 0.029748
vt 0.159110 0.029507
vt 0.152095 0.029581
vt 0.100107 0.309008
vt 0.094100 0.304966
vt 0.095498 0.302812
vt 0.101382 0.306791
vt 0.088289 0.300581
vt 0.089807 0.298490
vt 0.096622 0.301090
vt 0.102406 0.305018
vt 0.091030 0.296817
vt 0.098606 0.311633
vt 0.092455 0.307514
vt 0.082679 0.295866
vt 0.084314 0.293836
vt 0.085632 0.292208
vt 0.086598 0.291019
vt 0.091925 0.295595
vt 0.097445 0.299833
vt 0.103155 0.303726
vt 0.180764 0.024784
vt 0.187966 0.025857
vt 0.187583 0.028432
vt 0.180500 0.027389
vt 0.195083 0.027255
vt 0.194580 0.029791
vt 0.187276 0.030493
vt 0.180287 0.029475
vt 0.194178 0.031821
vt 0.181073 0.021705
vt 0.188418 0.022812
vt 0.195678 0.024255
vt 0.193884 0.033302
vt 0.187051 0.031998
vt 0.180131 0.030997
vt 0.077268 0.290838
vt 0.072038 0.285535
vt 0.073893 0.283618
vt 0.079016 0.288866
vt 0.066966 0.279995
vt 0.068921 0.278137
vt 0.075392 0.282072
vt 0.080427 0.287279
vt 0.070499 0.276634
vt 0.075222 0.293159
vt 0.064679 0.282168
vt 0.071658 0.275531
vt 0.076492 0.280939
s 0
usemtl マテリアル
f 1697/1/1 1698/2/1 1701/3/1 1700/4/1
f 1698/2/1 1699/5/1 1702/6/1 1701/3/1
f 1700/4/2 1701/3/2 1704/7/2 1703/8/2
f 1701/3/2 1702/6/2 1705/9/2 1704/7/2
f 161/10/3 263/11/3 1697/1/3 1310/12/3
f 263/11/3 264/13/3 1698/2/3 1697/1/3
f 264/13/3 265/14/3 1699/5/3 1698/2/3
f 265/14/4 66/15/4 262/16/4 1699/5/4
f 1699/5/1 262/16/1 261/17/1 1702/6/1
f 1702/6/2 261/17/2 260/18/2 1705/9/2
f 1705/9/5 260/18/5 65/19/5 1124/20/5
f 1704/7/5 1705/9/5 1124/20/5 1125/21/5
f 1703/8/5 1704/7/5 1125/21/5 1126/22/5
f 1312/23/5 1703/8/5 1126/22/5 162/24/5
f 1311/25/2 1700/4/2 1703/8/2 1312/23/2
f 1310/12/1 1697/1/1 1700/4/1 1311/25/1
f 1706/26/6 1707/27/6 1710/28/6 1709/29/6
f 1707/27/6 1708/30/6 1711/31/6 1710/28/6
f 1709/29/7 1710/28/7 1713/32/7 1712/33/7
f 1710/28/7 1711/31/7 1714/34/7 1713/32/7
f 162/24/8 1126/22/8 1706/26/8 1307/35/8
f 1126/22/8 1125/21/8 1707/27/8 1706/26/8
f 1125/21/8 1124/20/8 1708/30/8 1707/27/8
f 1124/20/8 65/19/8 274/36/8 1708/30/8
f 1708/30/6 274/36/6 273/37/6 1711/31/6
f 1711/31/9 273/37/9 272/38/9 1714/34/9
f 1714/34/10 272/38/10 67/39/10 1127/40/10
f 1713/32/11 1714/34/11 1127/40/11 1128/41/11
f 1712/33/11 1713/32/11 1128/41/11 1129/42/11
f 1309/43/11 1712/33/11 1129/42/11 163/44/11
f 1308/45/7 1709/29/7 1712/33/7 1309/43/7
f 1307/35/6 1706/26/6 1709/29/6 1308/45/6
f 1715/46/12 1716/47/12 1719/48/12 1718/49/12
f 1716/47/12 1717/50/12 1720/51/12 1719/48/12
f 1718/49/13 1719/48/13 1722/52/13 1721/53/13
f 1719/48/13 1720/51/13 1723/54/13 1722/52/13
f 163/44/14 1129/42/14 1715/46/14 1304/55/14
f 1129/42/14 1128/41/14 1716/47/14 1715/46/14
f 1128/41/14 1127/40/14 1717/50/14 1716/47/14
f 1127/40/14 67/39/14 283/56/14 1717/50/14
f 1717/50/15 283/56/15 282/57/15 1720/51/15
f 1720/51/13 282/57/13 281/58/13 1723/54/13
f 1723/54/16 281/58/16 68/59/16 1130/60/16
f 1722/52/17 1723/54/17 1130/60/17 1131/61/17
f 1721/53/17 1722/52/17 1131/61/17 1132/62/17
f 1306/63/17 1721/53/17 1132/62/17 164/64/17
f 1305/65/13 1718/49/13 1721/53/13 1306/63/13
f 1304/55/12 1715/46/12 1718/49/12 1305/65/12
f 1724/66/18 1725/67/18 1728/68/18 1727/69/18
f 1725/67/18 1726/70/18 1729/71/18 1728/68/18
f 1727/69/19 1728/68/19 1731/72/19 1730/73/19
f 1728/68/19 1729/71/19 1732/74/19 1731/72/19
f 164/64/20 1132/62/20 1724/66/20 1301/75/20
f 1132/62/20 1131/61/20 1725/67/20 1724/66/20
f 1131/61/20 1130/60/20 1726/70/20 1725/67/20
f 1130/60/21 68/59/21 292/76/21 1726/70/21
f 1726/70/18 292/76/18 291/77/18 1729/71/18
f 1729/71/19 291/77/19 290/78/19 1732/74/19
f 1732/74/22 290/78/22 69/79/22 1133/80/22
f 1731/72/23 1732/74/23 1133/80/23 1134/81/23
f 1730/73/23 1731/72/23 1134/81/23 1135/82/23
f 1303/83/23 1730/73/23 1135/82/23 165/84/23
f 1302/85/19 1727/69/19 1730/73/19 1303/83/19
f 1301/75/18 1724/66/18 1727/69/18 1302/85/18
f 1733/86/24 1734/87/24 1737/88/24 1736/89/24
f 1734/87/24 1735/90/24 1738/91/24 1737/88/24
f 1736/89/25 1737/88/25 1740/92/25 1739/93/25
f 1737/88/25 1738/91/25 1741/94/25 1740/92/25
f 165/84/26 1135/82/26 1733/86/26 1298/95/26
f 1135/82/26 1134/81/26 1734/87/26 1733/86/26
f 1134/81/26 1133/80/26 1735/90/26 1734/87/26
f 1133/80/26 69/79/26 301/96/26 1735/90/26
f 1735/90/24 301/96/24 300/97/24 1738/91/24
f 1738/91/27 300/97/27 299/98/27 1741/94/27
f 1741/94/28 299/98/28 70/99/28 1136/100/28
f 1740/92/28 1741/94/28 1136/100/28 1137/101/28
f 1739/93/28 1740/92/28 1137/101/28 1138/102/28
f 1300/103/28 1739/93/28 1138/102/28 166/104/28
f 1299/105/25 1736/89/25 1739/93/25 1300/103/25
f 1298/95/24 1733/86/24 1736/89/24 1299/105/24
f 1742/106/29 1743/107/29 1746/108/29 1745/109/29
f 1743/107/29 1744/110/29 1747/111/29 1746/108/29
f 1745/109/30 1746/108/30 1749/112/30 1748/113/30
f 1746/108/30 1747/111/30 1750/114/30 1749/112/30
f 166/104/31 1138/102/31 1742/106/31 1295/115/31
f 1138/102/31 1137/101/31 1743/107/31 1742/106/31
f 1137/101/31 1136/100/31 1744/110/31 1743/107/31
f 1136/100/31 70/99/31 310/116/31 1744/110/31
f 1744/110/29 310/116/29 309/117/29 1747/111/29
f 1747/111/30 309/117/30 308/118/30 1750/114/30
f 1750/114/32 308/118/32 71/119/32 1139/120/32
f 1749/112/33 1750/114/33 1139/120/33 1140/121/33
f 1748/113/33 1749/112/33 1140/121/33 1141/122/33
f 1297/123/33 1748/113/33 1141/122/33 167/124/33
f 1296/125/30 1745/109/30 1748/113/30 1297/123/30
f 1295/115/29 1742/106/29 1745/109/29 1296/125/29
f 1751/126/34 1752/127/34 1755/128/34 1754/129/34
f 1752/127/34 1753/130/34 1756/131/34 1755/128/34
f 1754/129/35 1755/128/35 1758/132/35 1757/133/35
f 1755/128/35 1756/131/35 1759/134/35 1758/132/35
f 167/124/36 1141/122/36 1751/126/36 1292/135/36
f 1141/122/36 1140/121/36 1752/127/36 1751/126/36
f 1140/121/36 1139/120/36 1753/130/36 1752/127/36
f 1139/120/36 71/119/36 319/136/36 1753/130/36
f 1753/130/34 319/136/34 318/137/34 1756/131/34
f 1756/131/35 318/137/35 317/138/35 1759/134/35
f 1759/134/37 317/138/37 72/139/37 1142/140/37
f 1758/132/37 1759/134/37 1142/140/37 1143/141/37
f 1757/133/37 1758/132/37 1143/141/37 1144/142/37
f 1294/143/37 1757/133/37 1144/142/37 168/144/37
f 1293/145/35 1754/129/35 1757/133/35 1294/143/35
f 1292/135/34 1751/126/34 1754/129/34 1293/145/34
f 1760/146/38 1761/147/38 1764/148/38 1763/149/38
f 1761/147/38 1762/150/38 1765/151/38 1764/148/38
f 1763/149/39 1764/148/39 1767/152/39 1766/153/39
f 1764/148/39 1765/151/39 1768/154/39 1767/152/39
f 168/144/40 1144/142/40 1760/146/40 1289/155/40
f 1144/142/40 1143/141/40 1761/147/40 1760/146/40
f 1143/141/40 1142/140/40 1762/150/40 1761/147/40
f 1142/140/40 72/139/40 328/156/40 1762/150/40
f 1762/150/38 328/156/38 327/157/38 1765/151/38
f 1765/151/39 327/157/39 326/158/39 1768/154/39
f 1768/154/41 326/158/41 73/159/41 1145/160/41
f 1767/152/41 1768/154/41 1145/160/41 1146/161/41
f 1766/153/41 1767/152/41 1146/161/41 1147/162/41
f 1291/163/41 1766/153/41 1147/162/41 169/164/41
f 1290/165/39 1763/149/39 1766/153/39 1291/163/39
f 1289/155/38 1760/146/38 1763/149/38 1290/165/38
f 1769/166/42 1770/167/42 1773/168/42 1772/169/42
f 1770/167/42 1771/170/42 1774/171/42 1773/168/42
f 1772/169/43 1773/168/43 1776/172/43 1775/173/43
f 1773/168/43 1774/171/43 1777/174/43 1776/172/43
f 169/164/44 1147/162/44 1769/166/44 1286/175/44
f 1147/162/44 1146/161/44 1770/167/44 1769/166/44
f 1146/161/44 1145/160/44 1771/170/44 1770/167/44
f 1145/160/44 73/159/44 337/176/44 1771/170/44
f 1771/170/42 337/176/42 336/177/42 1774/171/42
f 1774/171/43 336/177/43 335/178/43 1777/174/43
f 1777/174/45 335/178/45 74/179/45 1148/180/45
f 1776/172/45 1777/174/45 1148/180/45 1149/181/45
f 1775/173/45 1776/172/45 1149/181/45 1150/182/45
f 1288/183/45 1775/173/45 1150/182/45 170/184/45
f 1287/185/43 1772/169/43 1775/173/43 1288/183/43
f 1286/175/42 1769/166/42 1772/169/42 1287/185/42
f 1778/186/46 1779/187/46 1782/188/46 1781/189/46
f 1779/187/46 1780/190/46 1783/191/46 1782/188/46
f 1781/189/47 1782/188/47 1785/192/47 1784/193/47
f 1782/188/47 1783/191/47 1786/194/47 1785/192/47
f 170/184/48 1150/182/48 1778/186/48 1283/195/48
f 1150/182/48 1149/181/48 1779/187/48 1778/186/48
f 1149/181/48 1148/180/48 1780/190/48 1779/187/48
f 1148/180/48 74/179/48 346/196/48 1780/190/48
f 1780/190/46 346/196/46 345/197/46 1783/191/46
f 1783/191/49 345/197/49 344/198/49 1786/194/49
f 1786/194/50 344/198/50 75/199/50 1151/200/50
f 1785/192/50 1786/194/50 1151/200/50 1152/201/50
f 1784/193/50 1785/192/50 1152/201/50 1153/202/50
f 1285/203/50 1784/193/50 1153/202/50 171/204/50
f 1284/205/47 1781/189/47 1784/193/47 1285/203/47
f 1283/195/46 1778/186/46 1781/189/46 1284/205/46
f 1787/206/51 1788/207/51 1791/208/51 1790/209/51
f 1788/207/51 1789/210/51 1792/211/51 1791/208/51
f 1790/209/52 1791/208/52 1794/212/52 1793/213/52
f 1791/208/52 1792/211/52 1795/214/52 1794/212/52
f 171/204/53 1153/202/53 1787/206/53 1280/215/53
f 1153/202/53 1152/201/53 1788/207/53 1787/206/53
f 1152/201/53 1151/200/53 1789/210/53 1788/207/53
f 1151/200/53 75/199/53 355/216/53 1789/210/53
f 1789/210/51 355/216/51 354/217/51 1792/211/51
f 1792/211/52 354/217/52 353/218/52 1795/214/52
f 1795/214/54 353/218/54 76/219/54 1154/220/54
f 1794/212/54 1795/214/54 1154/220/54 1155/221/54
f 1793/213/54 1794/212/54 1155/221/54 1156/222/54
f 1282/223/54 1793/213/54 1156/222/54 172/224/54
f 1281/225/52 1790/209/52 1793/213/52 1282/223/52
f 1280/215/51 1787/206/51 1790/209/51 1281/225/51
f 1796/226/55 1797/227/55 1800/228/55 1799/229/55
f 1797/227/55 1798/230/55 1801/231/55 1800/228/55
f 1799/229/56 1800/228/56 1803/232/56 1802/233/56
f 1800/228/56 1801/231/56 1804/234/56 1803/232/56
f 172/224/57 1156/222/57 1796/226/57 1277/235/57
f 1156/222/57 1155/221/57 1797/227/57 1796/226/57
f 1155/221/57 1154/220/57 1798/230/57 1797/227/57
f 1154/220/57 76/219/57 364/236/57 1798/230/57
f 1798/230/55 364/236/55 363/237/55 1801/231/55
f 1801/231/56 363/237/56 362/238/56 1804/234/56
f 1804/234/58 362/238/58 77/239/58 1157/240/58
f 1803/232/59 1804/234/59 1157/240/59 1158/241/59
f 1802/233/59 1803/232/59 1158/241/59 1159/242/59
f 1279/243/59 1802/233/59 1159/242/59 173/244/59
f 1278/245/56 1799/229/56 1802/233/56 1279/243/56
f 1277/235/55 1796/226/55 1799/229/55 1278/245/55
f 1805/246/60 1806/247/60 1809/248/60 1808/249/60
f 1806/247/60 1807/250/60 1810/251/60 1809/248/60
f 1808/249/61 1809/248/61 1812/252/61 1811/253/61
f 1809/248/61 1810/251/61 1813/254/61 1812/252/61
f 173/244/62 1159/242/62 1805/246/62 1274/255/62
f 1159/242/62 1158/241/62 1806/247/62 1805/246/62
f 1158/241/62 1157/240/62 1807/250/62 1806/247/62
f 1157/240/62 77/239/62 373/256/62 1807/250/62
f 1807/250/60 373/256/60 372/257/60 1810/251/60
f 1810/251/61 372/257/61 371/258/61 1813/254/61
f 1813/254/63 371/258/63 78/259/63 1160/260/63
f 1812/252/63 1813/254/63 1160/260/63 1161/261/63
f 1811/253/63 1812/252/63 1161/261/63 1162/262/63
f 1276/263/63 1811/253/63 1162/262/63 174/264/63
f 1275/265/61 1808/249/61 1811/253/61 1276/263/61
f 1274/255/60 1805/246/60 1808/249/60 1275/265/60
f 1814/266/64 1815/267/64 1818/268/64 1817/269/64
f 1815/267/64 1816/270/64 1819/271/64 1818/268/64
f 1817/269/65 1818/268/65 1821/272/65 1820/273/65
f 1818/268/65 1819/271/65 1822/274/65 1821/272/65
f 174/264/66 1162/262/66 1814/266/66 1271/275/66
f 1162/262/66 1161/261/66 1815/267/66 1814/266/66
f 1161/261/66 1160/260/66 1816/270/66 1815/267/66
f 1160/260/66 78/259/66 382/276/66 1816/270/66
f 1816/270/64 382/276/64 381/277/64 1819/271/64
f 1819/271/67 381/277/67 380/278/67 1822/274/67
f 1822/274/68 380/278/68 79/279/68 1163/280/68
f 1821/272/69 1822/274/69 1163/280/69 1164/281/69
f 1820/273/69 1821/272/69 1164/281/69 1165/282/69
f 1273/283/69 1820/273/69 1165/282/69 175/284/69
f 1272/285/65 1817/269/65 1820/273/65 1273/283/65
f 1271/275/64 1814/266/64 1817/269/64 1272/285/64
f 1823/286/70 1824/287/70 1827/288/70 1826/289/70
f 1824/287/70 1825/290/70 1828/291/70 1827/288/70
f 1826/289/71 1827/288/71 1830/292/71 1829/293/71
f 1827/288/71 1828/291/71 1831/294/71 1830/292/71
f 175/284/72 1165/282/72 1823/286/72 1268/295/72
f 1165/282/72 1164/281/72 1824/287/72 1823/286/72
f 1164/281/72 1163/280/72 1825/290/72 1824/287/72
f 1163/280/72 79/279/72 391/296/72 1825/290/72
f 1825/290/70 391/296/70 390/297/70 1828/291/70
f 1828/291/71 390/297/71 389/298/71 1831/294/71
f 1831/294/73 389/298/73 80/299/73 1166/300/73
f 1830/292/74 1831/294/74 1166/300/74 1167/301/74
f 1829/293/74 1830/292/74 1167/301/74 1168/302/74
f 1270/303/74 1829/293/74 1168/302/74 176/304/74
f 1269/305/71 1826/289/71 1829/293/71 1270/303/71
f 1268/295/70 1823/286/70 1826/289/70 1269/305/70
f 1832/306/75 1833/307/75 1836/308/75 1835/309/75
f 1833/307/75 1834/310/75 1837/311/75 1836/308/75
f 1835/309/76 1836/308/76 1839/312/76 1838/313/76
f 1836/308/76 1837/311/76 1840/314/76 1839/312/76
f 176/304/77 1168/302/77 1832/306/77 1265/315/77
f 1168/302/77 1167/301/77 1833/307/77 1832/306/77
f 1167/301/77 1166/300/77 1834/310/77 1833/307/77
f 1166/300/78 80/299/78 400/316/78 1834/310/78
f 1834/310/75 400/316/75 399/317/75 1837/311/75
f 1837/311/76 399/317/76 398/318/76 1840/314/76
f 1840/314/79 398/318/79 81/319/79 1169/320/79
f 1839/312/79 1840/314/79 1169/320/79 1170/321/79
f 1838/313/79 1839/312/79 1170/321/79 1171/322/79
f 1267/323/79 1838/313/79 1171/322/79 177/324/79
f 1266/325/76 1835/309/76 1838/313/76 1267/323/76
f 1265/315/75 1832/306/75 1835/309/75 1266/325/75
f 1841/326/80 1842/327/80 1845/328/80 1844/329/80
f 1842/327/80 1843/330/80 1846/331/80 1845/328/80
f 1844/329/81 1845/328/81 1848/332/81 1847/333/81
f 1845/328/81 1846/331/81 1849/334/81 1848/332/81
f 177/324/82 1171/322/82 1841/326/82 1262/335/82
f 1171/322/82 1170/321/82 1842/327/82 1841/326/82
f 1170/321/82 1169/320/82 1843/330/82 1842/327/82
f 1169/320/83 81/319/83 409/336/83 1843/330/83
f 1843/330/80 409/336/80 408/337/80 1846/331/80
f 1846/331/81 408/337/81 407/338/81 1849/334/81
f 1849/334/84 407/338/84 82/339/84 1172/340/84
f 1848/332/85 1849/334/85 1172/340/85 1173/341/85
f 1847/333/85 1848/332/85 1173/341/85 1174/342/85
f 1264/343/85 1847/333/85 1174/342/85 178/344/85
f 1263/345/81 1844/329/81 1847/333/81 1264/343/81
f 1262/335/80 1841/326/80 1844/329/80 1263/345/80
f 1850/346/86 1851/347/86 1854/348/86 1853/349/86
f 1851/347/86 1852/350/86 1855/351/86 1854/348/86
f 1853/349/87 1854/348/87 1857/352/87 1856/353/87
f 1854/348/87 1855/351/87 1858/354/87 1857/352/87
f 178/344/88 1174/342/88 1850/346/88 1259/355/88
f 1174/342/88 1173/341/88 1851/347/88 1850/346/88
f 1173/341/88 1172/340/88 1852/350/88 1851/347/88
f 1172/340/88 82/339/88 418/356/88 1852/350/88
f 1852/350/86 418/356/86 417/357/86 1855/351/86
f 1855/351/89 417/357/89 416/358/89 1858/354/89
f 1858/354/90 416/358/90 83/359/90 1175/360/90
f 1857/352/91 1858/354/91 1175/360/91 1176/361/91
f 1856/353/91 1857/352/91 1176/361/91 1177/362/91
f 1261/363/91 1856/353/91 1177/362/91 179/364/91
f 1260/365/87 1853/349/87 1856/353/87 1261/363/87
f 1259/355/86 1850/346/86 1853/349/86 1260/365/86
f 1859/366/92 1860/367/92 1863/368/92 1862/369/92
f 1860/367/92 1861/370/92 1864/371/92 1863/368/92
f 1862/369/93 1863/368/93 1866/372/93 1865/373/93
f 1863/368/93 1864/371/93 1867/374/93 1866/372/93
f 179/364/94 1177/362/94 1859/366/94 1256/375/94
f 1177/362/94 1176/361/94 1860/367/94 1859/366/94
f 1176/361/94 1175/360/94 1861/370/94 1860/367/94
f 1175/360/94 83/359/94 427/376/94 1861/370/94
f 1861/370/95 427/376/95 426/377/95 1864/371/95
f 1864/371/93 426/377/93 425/378/93 1867/374/93
f 1867/374/96 425/378/96 84/379/96 1178/380/96
f 1866/372/97 1867/374/97 1178/380/97 1179/381/97
f 1865/373/97 1866/372/97 1179/381/97 1180/382/97
f 1258/383/97 1865/373/97 1180/382/97 180/384/97
f 1257/385/93 1862/369/93 1865/373/93 1258/383/93
f 1256/375/92 1859/366/92 1862/369/92 1257/385/92
f 1868/386/98 1869/387/98 1872/388/98 1871/389/98
f 1869/387/98 1870/390/98 1873/391/98 1872/388/98
f 1871/389/99 1872/388/99 1875/392/99 1874/393/99
f 1872/388/99 1873/391/99 1876/394/99 1875/392/99
f 180/384/100 1180/382/100 1868/386/100 1253/395/100
f 1180/382/100 1179/381/100 1869/387/100 1868/386/100
f 1179/381/100 1178/380/100 1870/390/100 1869/387/100
f 1178/380/101 84/379/101 436/396/101 1870/390/101
f 1870/390/98 436/396/98 435/397/98 1873/391/98
f 1873/391/99 435/397/99 434/398/99 1876/394/99
f 1876/394/102 434/398/102 85/399/102 1181/400/102
f 1875/392/103 1876/394/103 1181/400/103 1182/401/103
f 1874/393/103 1875/392/103 1182/401/103 1183/402/103
f 1255/403/103 1874/393/103 1183/402/103 181/404/103
f 1254/405/99 1871/389/99 1874/393/99 1255/403/99
f 1253/395/98 1868/386/98 1871/389/98 1254/405/98
f 1877/406/104 1878/407/104 1881/408/104 1880/409/104
f 1878/407/104 1879/410/104 1882/411/104 1881/408/104
f 1880/409/105 1881/408/105 1884/412/105 1883/413/105
f 1881/408/105 1882/411/105 1885/414/105 1884/412/105
f 181/404/106 1183/402/106 1877/406/106 1250/415/106
f 1183/402/106 1182/401/106 1878/407/106 1877/406/106
f 1182/401/106 1181/400/106 1879/410/106 1878/407/106
f 1181/400/106 85/399/106 445/416/106 1879/410/106
f 1879/410/104 445/416/104 444/417/104 1882/411/104
f 1882/411/107 444/417/107 443/418/107 1885/414/107
f 1885/414/108 443/418/108 86/419/108 1184/420/108
f 1884/412/108 1885/414/108 1184/420/108 1185/421/108
f 1883/413/108 1884/412/108 1185/421/108 1186/422/108
f 1252/423/108 1883/413/108 1186/422/108 182/424/108
f 1251/425/105 1880/409/105 1883/413/105 1252/423/105
f 1250/415/104 1877/406/104 1880/409/104 1251/425/104
f 1886/426/109 1887/427/109 1890/428/109 1889/429/109
f 1887/427/109 1888/430/109 1891/431/109 1890/428/109
f 1889/429/110 1890/428/110 1893/432/110 1892/433/110
f 1890/428/110 1891/431/110 1894/434/110 1893/432/110
f 182/424/111 1186/422/111 1886/426/111 1247/435/111
f 1186/422/111 1185/421/111 1887/427/111 1886/426/111
f 1185/421/111 1184/420/111 1888/430/111 1887/427/111
f 1184/420/111 86/419/111 454/436/111 1888/430/111
f 1888/430/109 454/436/109 453/437/109 1891/431/109
f 1891/431/110 453/437/110 452/438/110 1894/434/110
f 1894/434/112 452/438/112 87/439/112 1187/440/112
f 1893/432/113 1894/434/113 1187/440/113 1188/441/113
f 1892/433/113 1893/432/113 1188/441/113 1189/442/113
f 1249/443/113 1892/433/113 1189/442/113 183/444/113
f 1248/445/110 1889/429/110 1892/433/110 1249/443/110
f 1247/435/109 1886/426/109 1889/429/109 1248/445/109
f 1895/446/114 1896/447/114 1899/448/114 1898/449/114
f 1896/447/114 1897/450/114 1900/451/114 1899/448/114
f 1898/449/115 1899/448/115 1902/452/115 1901/453/115
f 1899/448/115 1900/451/115 1903/454/115 1902/452/115
f 183/444/116 1189/442/116 1895/446/116 1244/455/116
f 1189/442/116 1188/441/116 1896/447/116 1895/446/116
f 1188/441/116 1187/440/116 1897/450/116 1896/447/116
f 1187/440/116 87/439/116 463/456/116 1897/450/116
f 1897/450/114 463/456/114 462/457/114 1900/451/114
f 1900/451/115 462/457/115 461/458/115 1903/454/115
f 1903/454/117 461/458/117 88/459/117 1190/460/117
f 1902/452/117 1903/454/117 1190/460/117 1191/461/117
f 1901/453/117 1902/452/117 1191/461/117 1192/462/117
f 1246/463/117 1901/453/117 1192/462/117 184/464/117
f 1245/465/115 1898/449/115 1901/453/115 1246/463/115
f 1244/455/114 1895/446/114 1898/449/114 1245/465/114
f 1904/466/118 1905/467/118 1908/468/118 1907/469/118
f 1905/467/118 1906/470/118 1909/471/118 1908/468/118
f 1907/469/119 1908/468/119 1911/472/119 1910/473/119
f 1908/468/119 1909/471/119 1912/474/119 1911/472/119
f 184/464/120 1192/462/120 1904/466/120 1241/475/120
f 1192/462/120 1191/461/120 1905/467/120 1904/466/120
f 1191/461/120 1190/460/120 1906/470/120 1905/467/120
f 1190/460/120 88/459/120 472/476/120 1906/470/120
f 1906/470/118 472/476/118 471/477/118 1909/471/118
f 1909/471/119 471/477/119 470/478/119 1912/474/119
f 1912/474/121 470/478/121 89/479/121 1193/480/121
f 1911/472/121 1912/474/121 1193/480/121 1194/481/121
f 1910/473/121 1911/472/121 1194/481/121 1195/482/121
f 1243/483/121 1910/473/121 1195/482/121 185/484/121
f 1242/485/119 1907/469/119 1910/473/119 1243/483/119
f 1241/475/118 1904/466/118 1907/469/118 1242/485/118
f 1913/486/122 1914/487/122 1917/488/122 1916/489/122
f 1914/487/122 1915/490/122 1918/491/122 1917/488/122
f 1916/489/123 1917/488/123 1920/492/123 1919/493/123
f 1917/488/123 1918/491/123 1921/494/123 1920/492/123
f 185/484/124 1195/482/124 1913/486/124 1238/495/124
f 1195/482/124 1194/481/124 1914/487/124 1913/486/124
f 1194/481/124 1193/480/124 1915/490/124 1914/487/124
f 1193/480/124 89/479/124 481/496/124 1915/490/124
f 1915/490/122 481/496/122 480/497/122 1918/491/122
f 1918/491/123 480/497/123 479/498/123 1921/494/123
f 1921/494/125 479/498/125 90/499/125 1196/500/125
f 1920/492/125 1921/494/125 1196/500/125 1197/501/125
f 1919/493/125 1920/492/125 1197/501/125 1198/502/125
f 1240/503/125 1919/493/125 1198/502/125 186/504/125
f 1239/505/123 1916/489/123 1919/493/123 1240/503/123
f 1238/495/122 1913/486/122 1916/489/122 1239/505/122
f 1922/506/126 1923/507/126 1926/508/126 1925/509/126
f 1923/507/126 1924/510/126 1927/511/126 1926/508/126
f 1925/509/127 1926/508/127 1929/512/127 1928/513/127
f 1926/508/127 1927/511/127 1930/514/127 1929/512/127
f 186/504/128 1198/502/128 1922/506/128 1235/515/128
f 1198/502/128 1197/501/128 1923/507/128 1922/506/128
f 1197/501/128 1196/500/128 1924/510/128 1923/507/128
f 1196/500/128 90/499/128 490/516/128 1924/510/128
f 1924/510/126 490/516/126 489/517/126 1927/511/126
f 1927/511/129 489/517/129 488/518/129 1930/514/129
f 1930/514/130 488/518/130 91/519/130 1199/520/130
f 1929/512/130 1930/514/130 1199/520/130 1200/521/130
f 1928/513/130 1929/512/130 1200/521/130 1201/522/130
f 1237/523/130 1928/513/130 1201/522/130 187/524/130
f 1236/525/127 1925/509/127 1928/513/127 1237/523/127
f 1235/515/126 1922/506/126 1925/509/126 1236/525/126
f 1931/526/131 1932/527/131 1935/528/131 1934/529/131
f 1932/527/131 1933/530/131 1936/531/131 1935/528/131
f 1934/529/132 1935/528/132 1938/532/132 1937/533/132
f 1935/528/132 1936/531/132 1939/534/132 1938/532/132
f 187/524/133 1201/522/133 1931/526/133 1232/535/133
f 1201/522/133 1200/521/133 1932/527/133 1931/526/133
f 1200/521/133 1199/520/133 1933/530/133 1932/527/133
f 1199/520/133 91/519/133 499/536/133 1933/530/133
f 1933/530/131 499/536/131 498/537/131 1936/531/131
f 1936/531/132 498/537/132 497/538/132 1939/534/132
f 1939/534/134 497/538/134 92/539/134 1202/540/134
f 1938/532/134 1939/534/134 1202/540/134 1203/541/134
f 1937/533/134 1938/532/134 1203/541/134 1204/542/134
f 1234/543/134 1937/533/134 1204/542/134 188/544/134
f 1233/545/132 1934/529/132 1937/533/132 1234/543/132
f 1232/535/131 1931/526/131 1934/529/131 1233/545/131
f 1940/546/135 1941/547/135 1944/548/135 1943/549/135
f 1941/547/135 1942/550/135 1945/551/135 1944/548/135
f 1943/549/136 1944/548/136 1947/552/136 1946/553/136
f 1944/548/136 1945/551/136 1948/554/136 1947/552/136
f 188/544/137 1204/542/137 1940/546/137 1229/555/137
f 1204/542/137 1203/541/137 1941/547/137 1940/546/137
f 1203/541/137 1202/540/137 1942/550/137 1941/547/137
f 1202/540/137 92/539/137 508/556/137 1942/550/137
f 1942/550/135 508/556/135 507/557/135 1945/551/135
f 1945/551/136 507/557/136 506/558/136 1948/554/136
f 1948/554/138 506/558/138 93/559/138 1205/560/138
f 1947/552/139 1948/554/139 1205/560/139 1206/561/139
f 1946/553/139 1947/552/139 1206/561/139 1207/562/139
f 1231/563/139 1946/553/139 1207/562/139 189/564/139
f 1230/565/136 1943/549/136 1946/553/136 1231/563/136
f 1229/555/135 1940/546/135 1943/549/135 1230/565/135
f 1949/566/140 1950/567/140 1953/568/140 1952/569/140
f 1950/567/140 1951/570/140 1954/571/140 1953/568/140
f 1952/569/141 1953/568/141 1956/572/141 1955/573/141
f 1953/568/141 1954/571/141 1957/574/141 1956/572/141
f 189/564/142 1207/562/142 1949/566/142 1226/575/142
f 1207/562/142 1206/561/142 1950/567/142 1949/566/142
f 1206/561/142 1205/560/142 1951/570/142 1950/567/142
f 1205/560/142 93/559/142 517/576/142 1951/570/142
f 1951/570/140 517/576/140 516/577/140 1954/571/140
f 1954/571/141 516/577/141 515/578/141 1957/574/141
f 1957/574/143 515/578/143 94/579/143 1208/580/143
f 1956/572/143 1957/574/143 1208/580/143 1209/581/143
f 1955/573/143 1956/572/143 1209/581/143 1210/582/143
f 1228/583/143 1955/573/143 1210/582/143 190/584/143
f 1227/585/141 1952/569/141 1955/573/141 1228/583/141
f 1226/575/140 1949/566/140 1952/569/140 1227/585/140
f 1958/586/144 1959/587/144 1962/588/144 1961/589/144
f 1959/587/144 1960/590/144 1963/591/144 1962/588/144
f 1961/589/145 1962/588/145 1965/592/145 1964/593/145
f 1962/588/145 1963/591/145 1966/594/145 1965/592/145
f 190/584/146 1210/582/146 1958/586/146 1223/595/146
f 1210/582/146 1209/581/146 1959/587/146 1958/586/146
f 1209/581/146 1208/580/146 1960/590/146 1959/587/146
f 1208/580/146 94/579/146 526/596/146 1960/590/146
f 1960/590/144 526/596/144 525/597/144 1963/591/144
f 1963/591/147 525/597/147 524/598/147 1966/594/147
f 1966/594/148 524/598/148 95/599/148 1211/600/148
f 1965/592/149 1966/594/149 1211/600/149 1212/601/149
f 1964/593/149 1965/592/149 1212/601/149 1213/602/149
f 1225/603/149 1964/593/149 1213/602/149 191/604/149
f 1224/605/145 1961/589/145 1964/593/145 1225/603/145
f 1223/595/144 1958/586/144 1961/589/144 1224/605/144
f 1967/606/150 1968/607/150 1971/608/150 1970/609/150
f 1968/607/151 1969/610/151 1972/611/151 1971/608/151
f 1970/609/152 1971/608/152 1974/612/152 1973/613/152
f 1971/608/153 1972/611/153 1975/614/153 1974/612/153
f 226/615/154 1696/616/154 1967/606/154 1510/617/154
f 1696/616/155 1695/618/155 1968/607/155 1967/606/155
f 1695/618/156 1694/619/156 1969/610/156 1968/607/156
f 1694/619/157 225/620/157 1025/621/157 1969/610/157
f 1969/610/158 1025/621/158 1026/622/158 1972/611/158
f 1972/611/159 1026/622/159 1027/623/159 1975/614/159
f 1975/614/160 1027/623/160 151/624/160 997/625/160
f 1974/612/161 1975/614/161 997/625/161 996/626/161
f 1973/613/162 1974/612/162 996/626/162 995/627/162
f 1508/628/163 1973/613/163 995/627/163 152/629/163
f 1509/630/164 1970/609/164 1973/613/164 1508/628/164
f 1510/617/165 1967/606/165 1970/609/165 1509/630/165
f 1976/631/166 1977/632/166 1980/633/166 1979/634/166
f 1977/632/166 1978/635/166 1981/636/166 1980/633/166
f 1979/634/167 1980/633/167 1983/637/167 1982/638/167
f 1980/633/167 1981/636/167 1984/639/167 1983/637/167
f 191/604/168 1213/602/168 1976/631/168 1220/640/168
f 1213/602/168 1212/601/168 1977/632/168 1976/631/168
f 1212/601/168 1211/600/168 1978/635/168 1977/632/168
f 1211/600/168 95/599/168 535/641/168 1978/635/168
f 1978/635/166 535/641/166 534/642/166 1981/636/166
f 1981/636/167 534/642/167 533/643/167 1984/639/167
f 1984/639/169 533/643/169 96/644/169 1214/645/169
f 1983/637/170 1984/639/170 1214/645/170 1215/646/170
f 1982/638/170 1983/637/170 1215/646/170 1216/647/170
f 1222/648/170 1982/638/170 1216/647/170 192/649/170
f 1221/650/167 1979/634/167 1982/638/167 1222/648/167
f 1220/640/166 1976/631/166 1979/634/166 1221/650/166
f 1985/651/171 1986/652/171 1989/653/171 1988/654/171
f 1986/652/171 1987/655/171 1990/656/171 1989/653/171
f 1988/654/172 1989/653/172 1992/657/172 1991/658/172
f 1989/653/172 1990/656/172 1993/659/172 1992/657/172
f 192/649/173 1216/647/173 1985/651/173 1217/660/173
f 1216/647/173 1215/646/173 1986/652/173 1985/651/173
f 1215/646/173 1214/645/173 1987/655/173 1986/652/173
f 1214/645/174 96/644/174 544/661/174 1987/655/174
f 1987/655/171 544/661/171 543/662/171 1990/656/171
f 1990/656/172 543/662/172 542/663/172 1993/659/172
f 1993/659/175 542/663/175 66/664/175 265/665/175
f 1992/657/176 1993/659/176 265/665/176 264/666/176
f 1991/658/176 1992/657/176 264/666/176 263/667/176
f 1219/668/176 1991/658/176 263/667/176 161/669/176
f 1218/670/172 1988/654/172 1991/658/172 1219/668/172
f 1217/660/171 1985/651/171 1988/654/171 1218/670/171
f 1995/671/177 1996/672/177 1994/673/177 2058/674/177
f 1997/675/177 1998/676/177 1994/673/177 1996/677/177
f 1999/678/177 2000/679/177 1994/673/177 1998/680/177
f 2001/681/177 2002/682/177 1994/673/177 2000/679/177
f 2003/683/177 2004/684/177 1994/673/177 2002/685/177
f 2005/686/177 2006/687/177 1994/673/177 2004/688/177
f 2007/689/177 2008/690/177 1994/673/177 2006/691/177
f 2009/692/177 2010/693/177 1994/673/177 2008/694/177
f 2011/695/177 2012/696/177 1994/673/177 2010/697/177
f 2013/698/177 2014/699/177 1994/673/177 2012/700/177
f 2015/701/177 2016/702/177 1994/673/177 2014/703/177
f 2017/704/177 2018/705/177 1994/673/177 2016/706/177
f 2019/707/177 2020/708/177 1994/673/177 2018/709/177
f 2021/710/177 2022/711/177 1994/673/177 2020/712/177
f 2023/713/177 2024/714/177 1994/673/177 2022/715/177
f 2025/716/177 2026/717/177 1994/673/177 2024/718/177
f 2027/719/177 2028/720/177 1994/673/177 2026/721/177
f 2029/722/177 2030/723/177 1994/673/177 2028/720/177
f 2031/724/177 2032/725/177 1994/673/177 2030/723/177
f 2033/726/177 2034/727/177 1994/673/177 2032/728/177
f 2035/729/177 2036/730/177 1994/673/177 2034/731/177
f 2037/732/177 2038/733/177 1994/673/177 2036/734/177
f 2039/735/177 2040/736/177 1994/673/177 2038/733/177
f 2041/737/177 2042/738/177 1994/673/177 2040/739/177
f 2043/740/177 2044/741/177 1994/673/177 2042/742/177
f 2045/743/177 2046/744/177 1994/673/177 2044/741/177
f 2047/745/177 2048/746/177 1994/673/177 2046/744/177
f 2049/747/177 2050/748/177 1994/673/177 2048/749/177
f 2051/750/177 2052/751/177 1994/673/177 2050/752/177
f 2053/753/177 2054/754/177 1994/673/177 2052/751/177
f 2055/755/177 2056/756/177 1994/673/177 2054/757/177
f 2057/758/177 2058/674/177 1994/673/177 2056/759/177
f 1/760/177 257/761/177 1995/671/177 541/762/177
f 257/761/177 258/763/177 1996/672/177 1995/671/177
f 541/762/177 1995/671/177 2058/674/177 540/764/177
f 3/765/177 269/766/177 1997/675/177 259/767/177
f 269/766/177 270/768/177 1998/676/177 1997/675/177
f 259/767/177 1997/675/177 1996/677/177 258/763/177
f 5/769/177 278/770/177 1999/678/177 271/771/177
f 278/770/177 279/772/177 2000/679/177 1999/678/177
f 271/771/177 1999/678/177 1998/680/177 270/773/177
f 7/774/177 287/775/177 2001/681/177 280/776/177
f 287/775/177 288/777/177 2002/682/177 2001/681/177
f 280/776/177 2001/681/177 2000/679/177 279/778/177
f 9/779/177 296/780/177 2003/683/177 289/781/177
f 296/780/177 297/782/177 2004/684/177 2003/683/177
f 289/781/177 2003/683/177 2002/685/177 288/783/177
f 11/784/177 305/785/177 2005/686/177 298/786/177
f 305/785/177 306/787/177 2006/687/177 2005/686/177
f 298/786/177 2005/686/177 2004/688/177 297/788/177
f 13/789/177 314/790/177 2007/689/177 307/791/177
f 314/790/177 315/792/177 2008/690/177 2007/689/177
f 307/791/177 2007/689/177 2006/691/177 306/787/177
f 15/793/177 323/794/177 2009/692/177 316/795/177
f 323/794/177 324/796/177 2010/693/177 2009/692/177
f 316/795/177 2009/692/177 2008/694/177 315/792/177
f 17/797/177 332/798/177 2011/695/177 325/799/177
f 332/798/177 333/800/177 2012/696/177 2011/695/177
f 325/799/177 2011/695/177 2010/697/177 324/801/177
f 19/802/177 341/803/177 2013/698/177 334/804/177
f 341/803/177 342/805/177 2014/699/177 2013/698/177
f 334/804/177 2013/698/177 2012/700/177 333/806/177
f 21/807/177 350/808/177 2015/701/177 343/809/177
f 350/808/177 351/810/177 2016/702/177 2015/701/177
f 343/809/177 2015/701/177 2014/703/177 342/811/177
f 23/812/177 359/813/177 2017/704/177 352/814/177
f 359/813/177 360/815/177 2018/705/177 2017/704/177
f 352/814/177 2017/704/177 2016/706/177 351/816/177
f 25/817/177 368/818/177 2019/707/177 361/819/177
f 368/818/177 369/820/177 2020/708/177 2019/707/177
f 361/819/177 2019/707/177 2018/709/177 360/815/177
f 27/821/177 377/822/177 2021/710/177 370/823/177
f 377/822/177 378/824/177 2022/711/177 2021/710/177
f 370/823/177 2021/710/177 2020/712/177 369/825/177
f 29/826/177 386/827/177 2023/713/177 379/828/177
f 386/827/177 387/829/177 2024/714/177 2023/713/177
f 379/828/177 2023/713/177 2022/715/177 378/830/177
f 31/831/177 395/832/177 2025/716/177 388/833/177
f 395/832/177 396/834/177 2026/717/177 2025/716/177
f 388/833/177 2025/716/177 2024/718/177 387/829/177
f 33/835/177 404/836/177 2027/719/177 397/837/177
f 404/836/177 405/838/177 2028/720/177 2027/719/177
f 397/837/177 2027/719/177 2026/721/177 396/834/177
f 35/839/177 413/840/177 2029/722/177 406/841/177
f 413/840/177 414/842/177 2030/723/177 2029/722/177
f 406/841/177 2029/722/177 2028/720/177 405/838/177
f 37/843/177 422/844/177 2031/724/177 415/845/177
f 422/844/177 423/846/177 2032/725/177 2031/724/177
f 415/845/177 2031/724/177 2030/723/177 414/847/177
f 39/848/177 431/849/177 2033/726/177 424/850/177
f 431/849/177 432/851/177 2034/727/177 2033/726/177
f 424/850/177 2033/726/177 2032/728/177 423/852/177
f 41/853/177 440/854/177 2035/729/177 433/855/177
f 440/854/177 441/856/177 2036/730/177 2035/729/177
f 433/855/177 2035/729/177 2034/731/177 432/857/177
f 43/858/177 449/859/177 2037/732/177 442/860/177
f 449/859/177 450/861/177 2038/733/177 2037/732/177
f 442/860/177 2037/732/177 2036/734/177 441/862/177
f 45/863/177 458/864/177 2039/735/177 451/865/177
f 458/864/177 459/866/177 2040/736/177 2039/735/177
f 451/865/177 2039/735/177 2038/733/177 450/867/177
f 47/868/177 467/869/177 2041/737/177 460/870/177
f 467/869/177 468/871/177 2042/738/177 2041/737/177
f 460/870/177 2041/737/177 2040/739/177 459/872/177
f 49/873/177 476/874/177 2043/740/177 469/875/177
f 476/874/177 477/876/177 2044/741/177 2043/740/177
f 469/875/177 2043/740/177 2042/742/177 468/871/177
f 51/877/177 485/878/177 2045/743/177 478/879/177
f 485/878/177 486/880/177 2046/744/177 2045/743/177
f 478/879/177 2045/743/177 2044/741/177 477/876/177
f 53/881/177 494/882/177 2047/745/177 487/883/177
f 494/882/177 495/884/177 2048/746/177 2047/745/177
f 487/883/177 2047/745/177 2046/744/177 486/880/177
f 55/885/177 503/886/177 2049/747/177 496/887/177
f 503/886/177 504/888/177 2050/748/177 2049/747/177
f 496/887/177 2049/747/177 2048/749/177 495/884/177
f 57/889/177 512/890/177 2051/750/177 505/891/177
f 512/890/177 513/892/177 2052/751/177 2051/750/177
f 505/891/177 2051/750/177 2050/752/177 504/888/177
f 59/893/177 521/894/177 2053/753/177 514/895/177
f 521/894/177 522/896/177 2054/754/177 2053/753/177
f 514/895/177 2053/753/177 2052/751/177 513/892/177
f 61/897/177 530/898/177 2055/755/177 523/899/177
f 530/898/177 531/900/177 2056/756/177 2055/755/177
f 523/899/177 2055/755/177 2054/757/177 522/896/177
f 63/901/177 539/902/177 2057/758/177 532/903/177
f 539/902/177 540/764/177 2058/674/177 2057/758/177
f 532/903/177 2057/758/177 2056/759/177 531/904/177
f 2059/905/178 2060/906/178 2063/907/178 2062/908/178
f 2060/906/179 2061/909/179 2064/910/179 2063/907/179
f 2062/908/180 2063/907/180 2066/911/180 2065/912/180
f 2063/907/181 2064/910/181 2067/913/181 2066/911/181
f 98/914/182 547/915/182 2059/905/182 643/916/182
f 547/915/183 546/917/183 2060/906/183 2059/905/183
f 546/917/184 545/918/184 2061/909/184 2060/906/184
f 545/918/185 97/919/185 644/920/185 2061/909/185
f 2061/909/186 644/920/186 645/921/186 2064/910/186
f 2064/910/187 645/921/187 646/922/187 2067/913/187
f 2067/913/188 646/922/188 65/923/188 260/924/188
f 2066/911/189 2067/913/189 260/924/189 261/925/189
f 2065/912/190 2066/911/190 261/925/190 262/926/190
f 641/927/191 2065/912/191 262/926/191 66/928/191
f 642/929/192 2062/908/192 2065/912/192 641/927/192
f 643/916/193 2059/905/193 2062/908/193 642/929/193
f 2068/930/194 2069/931/194 2072/932/194 2071/933/194
f 2069/931/195 2070/934/195 2073/935/195 2072/932/195
f 2071/933/196 2072/932/196 2075/936/196 2074/937/196
f 2072/932/197 2073/935/197 2076/938/197 2075/936/197
f 97/919/198 550/939/198 2068/930/198 644/920/198
f 550/939/199 549/940/199 2069/931/199 2068/930/199
f 549/940/199 548/941/199 2070/934/199 2069/931/199
f 548/941/200 99/942/200 647/943/200 2070/934/200
f 2070/934/201 647/943/201 648/944/201 2073/935/201
f 2073/935/202 648/944/202 649/945/202 2076/938/202
f 2076/938/203 649/945/203 67/946/203 272/947/203
f 2075/936/204 2076/938/204 272/947/204 273/948/204
f 2074/937/205 2075/936/205 273/948/205 274/949/205
f 646/922/206 2074/937/206 274/949/206 65/923/206
f 645/921/207 2071/933/207 2074/937/207 646/922/207
f 644/920/208 2068/930/208 2071/933/208 645/921/208
f 2077/950/209 2078/951/209 2081/952/209 2080/953/209
f 2078/951/210 2079/954/210 2082/955/210 2081/952/210
f 2080/953/211 2081/952/211 2084/956/211 2083/957/211
f 2081/952/212 2082/955/212 2085/958/212 2084/956/212
f 99/942/213 553/959/213 2077/950/213 647/943/213
f 553/959/214 552/960/214 2078/951/214 2077/950/214
f 552/960/215 551/961/215 2079/954/215 2078/951/215
f 551/961/215 100/962/215 650/963/215 2079/954/215
f 2079/954/216 650/963/216 651/964/216 2082/955/216
f 2082/955/217 651/964/217 652/965/217 2085/958/217
f 2085/958/218 652/965/218 68/966/218 281/967/218
f 2084/956/219 2085/958/219 281/967/219 282/968/219
f 2083/957/220 2084/956/220 282/968/220 283/969/220
f 649/945/221 2083/957/221 283/969/221 67/946/221
f 648/944/222 2080/953/222 2083/957/222 649/945/222
f 647/943/223 2077/950/223 2080/953/223 648/944/223
f 2086/970/224 2087/971/224 2090/972/224 2089/973/224
f 2087/971/225 2088/974/225 2091/975/225 2090/972/225
f 2089/973/226 2090/972/226 2093/976/226 2092/977/226
f 2090/972/227 2091/975/227 2094/978/227 2093/976/227
f 100/962/228 556/979/228 2086/970/228 650/963/228
f 556/979/229 555/980/229 2087/971/229 2086/970/229
f 555/980/230 554/981/230 2088/974/230 2087/971/230
f 554/981/231 101/982/231 653/983/231 2088/974/231
f 2088/974/232 653/983/232 654/984/232 2091/975/232
f 2091/975/233 654/984/233 655/985/233 2094/978/233
f 2094/978/234 655/985/234 69/986/234 290/987/234
f 2093/976/235 2094/978/235 290/987/235 291/988/235
f 2092/977/236 2093/976/236 291/988/236 292/989/236
f 652/965/237 2092/977/237 292/989/237 68/966/237
f 651/964/238 2089/973/238 2092/977/238 652/965/238
f 650/963/239 2086/970/239 2089/973/239 651/964/239
f 2095/990/240 2096/991/240 2099/992/240 2098/993/240
f 2096/991/241 2097/994/241 2100/995/241 2099/992/241
f 2098/993/242 2099/992/242 2102/996/242 2101/997/242
f 2099/992/243 2100/995/243 2103/998/243 2102/996/243
f 101/982/244 559/999/244 2095/990/244 653/983/244
f 559/999/245 558/1000/245 2096/991/245 2095/990/245
f 558/1000/246 557/1001/246 2097/994/246 2096/991/246
f 557/1001/247 102/1002/247 656/1003/247 2097/994/247
f 2097/994/248 656/1003/248 657/1004/248 2100/995/248
f 2100/995/249 657/1004/249 658/1005/249 2103/998/249
f 2103/998/250 658/1005/250 70/1006/250 299/1007/250
f 2102/996/251 2103/998/251 299/1007/251 300/1008/251
f 2101/997/252 2102/996/252 300/1008/252 301/1009/252
f 655/985/253 2101/997/253 301/1009/253 69/986/253
f 654/984/254 2098/993/254 2101/997/254 655/985/254
f 653/983/255 2095/990/255 2098/993/255 654/984/255
f 2104/1010/256 2105/1011/256 2108/1012/256 2107/1013/256
f 2105/1011/257 2106/1014/257 2109/1015/257 2108/1012/257
f 2107/1013/258 2108/1012/258 2111/1016/258 2110/1017/258
f 2108/1012/259 2109/1015/259 2112/1018/259 2111/1016/259
f 102/1002/260 562/1019/260 2104/1010/260 656/1003/260
f 562/1019/260 561/1020/260 2105/1011/260 2104/1010/260
f 561/1020/261 560/1021/261 2106/1014/261 2105/1011/261
f 560/1021/262 103/1022/262 659/1023/262 2106/1014/262
f 2106/1014/263 659/1023/263 660/1024/263 2109/1015/263
f 2109/1015/264 660/1024/264 661/1025/264 2112/1018/264
f 2112/1018/265 661/1025/265 71/1026/265 308/1027/265
f 2111/1016/266 2112/1018/266 308/1027/266 309/1028/266
f 2110/1017/267 2111/1016/267 309/1028/267 310/1029/267
f 658/1005/268 2110/1017/268 310/1029/268 70/1006/268
f 657/1004/269 2107/1013/269 2110/1017/269 658/1005/269
f 656/1003/270 2104/1010/270 2107/1013/270 657/1004/270
f 2113/1030/271 2114/1031/271 2117/1032/271 2116/1033/271
f 2114/1031/272 2115/1034/272 2118/1035/272 2117/1032/272
f 2116/1033/273 2117/1032/273 2120/1036/273 2119/1037/273
f 2117/1032/274 2118/1035/274 2121/1038/274 2120/1036/274
f 103/1022/275 565/1039/275 2113/1030/275 659/1023/275
f 565/1039/276 564/1040/276 2114/1031/276 2113/1030/276
f 564/1040/276 563/1041/276 2115/1034/276 2114/1031/276
f 563/1041/277 104/1042/277 662/1043/277 2115/1034/277
f 2115/1034/278 662/1043/278 663/1044/278 2118/1035/278
f 2118/1035/279 663/1044/279 664/1045/279 2121/1038/279
f 2121/1038/280 664/1045/280 72/1046/280 317/1047/280
f 2120/1036/281 2121/1038/281 317/1047/281 318/1048/281
f 2119/1037/282 2120/1036/282 318/1048/282 319/1049/282
f 661/1025/283 2119/1037/283 319/1049/283 71/1026/283
f 660/1024/284 2116/1033/284 2119/1037/284 661/1025/284
f 659/1023/285 2113/1030/285 2116/1033/285 660/1024/285
f 2122/1050/286 2123/1051/286 2126/1052/286 2125/1053/286
f 2123/1051/287 2124/1054/287 2127/1055/287 2126/1052/287
f 2125/1053/288 2126/1052/288 2129/1056/288 2128/1057/288
f 2126/1052/289 2127/1055/289 2130/1058/289 2129/1056/289
f 104/1042/290 568/1059/290 2122/1050/290 662/1043/290
f 568/1059/291 567/1060/291 2123/1051/291 2122/1050/291
f 567/1060/292 566/1061/292 2124/1054/292 2123/1051/292
f 566/1061/293 105/1062/293 665/1063/293 2124/1054/293
f 2124/1054/294 665/1063/294 666/1064/294 2127/1055/294
f 2127/1055/295 666/1064/295 667/1065/295 2130/1058/295
f 2130/1058/296 667/1065/296 73/1066/296 326/1067/296
f 2129/1056/297 2130/1058/297 326/1067/297 327/1068/297
f 2128/1057/298 2129/1056/298 327/1068/298 328/1069/298
f 664/1045/299 2128/1057/299 328/1069/299 72/1046/299
f 663/1044/300 2125/1053/300 2128/1057/300 664/1045/300
f 662/1043/301 2122/1050/301 2125/1053/301 663/1044/301
f 2131/1070/302 2132/1071/302 2135/1072/302 2134/1073/302
f 2132/1071/303 2133/1074/303 2136/1075/303 2135/1072/303
f 2134/1073/304 2135/1072/304 2138/1076/304 2137/1077/304
f 2135/1072/305 2136/1075/305 2139/1078/305 2138/1076/305
f 105/1062/293 571/1079/293 2131/1070/293 665/1063/293
f 571/1079/306 570/1080/306 2132/1071/306 2131/1070/306
f 570/1080/307 569/1081/307 2133/1074/307 2132/1071/307
f 569/1081/308 106/1082/308 668/1083/308 2133/1074/308
f 2133/1074/309 668/1083/309 669/1084/309 2136/1075/309
f 2136/1075/310 669/1084/310 670/1085/310 2139/1078/310
f 2139/1078/311 670/1085/311 74/1086/311 335/1087/311
f 2138/1076/312 2139/1078/312 335/1087/312 336/1088/312
f 2137/1077/313 2138/1076/313 336/1088/313 337/1089/313
f 667/1065/314 2137/1077/314 337/1089/314 73/1066/314
f 666/1064/315 2134/1073/315 2137/1077/315 667/1065/315
f 665/1063/316 2131/1070/316 2134/1073/316 666/1064/316
f 2140/1090/317 2141/1091/317 2144/1092/317 2143/1093/317
f 2141/1091/318 2142/1094/318 2145/1095/318 2144/1092/318
f 2143/1093/319 2144/1092/319 2147/1096/319 2146/1097/319
f 2144/1092/320 2145/1095/320 2148/1098/320 2147/1096/320
f 106/1082/321 574/1099/321 2140/1090/321 668/1083/321
f 574/1099/322 573/1100/322 2141/1091/322 2140/1090/322
f 573/1100/322 572/1101/322 2142/1094/322 2141/1091/322
f 572/1101/323 107/1102/323 671/1103/323 2142/1094/323
f 2142/1094/324 671/1103/324 672/1104/324 2145/1095/324
f 2145/1095/325 672/1104/325 673/1105/325 2148/1098/325
f 2148/1098/326 673/1105/326 75/1106/326 344/1107/326
f 2147/1096/327 2148/1098/327 344/1107/327 345/1108/327
f 2146/1097/328 2147/1096/328 345/1108/328 346/1109/328
f 670/1085/329 2146/1097/329 346/1109/329 74/1086/329
f 669/1084/330 2143/1093/330 2146/1097/330 670/1085/330
f 668/1083/331 2140/1090/331 2143/1093/331 669/1084/331
f 2149/1110/332 2150/1111/332 2153/1112/332 2152/1113/332
f 2150/1111/333 2151/1114/333 2154/1115/333 2153/1112/333
f 2152/1113/334 2153/1112/334 2156/1116/334 2155/1117/334
f 2153/1112/335 2154/1115/335 2157/1118/335 2156/1116/335
f 107/1102/336 577/1119/336 2149/1110/336 671/1103/336
f 577/1119/337 576/1120/337 2150/1111/337 2149/1110/337
f 576/1120/338 575/1121/338 2151/1114/338 2150/1111/338
f 575/1121/338 108/1122/338 674/1123/338 2151/1114/338
f 2151/1114/339 674/1123/339 675/1124/339 2154/1115/339
f 2154/1115/340 675/1124/340 676/1125/340 2157/1118/340
f 2157/1118/341 676/1125/341 76/1126/341 353/1127/341
f 2156/1116/342 2157/1118/342 353/1127/342 354/1128/342
f 2155/1117/343 2156/1116/343 354/1128/343 355/1129/343
f 673/1105/344 2155/1117/344 355/1129/344 75/1106/344
f 672/1104/345 2152/1113/345 2155/1117/345 673/1105/345
f 671/1103/346 2149/1110/346 2152/1113/346 672/1104/346
f 2158/1130/347 2159/1131/347 2162/1132/347 2161/1133/347
f 2159/1131/348 2160/1134/348 2163/1135/348 2162/1132/348
f 2161/1133/349 2162/1132/349 2165/1136/349 2164/1137/349
f 2162/1132/350 2163/1135/350 2166/1138/350 2165/1136/350
f 108/1122/351 580/1139/351 2158/1130/351 674/1123/351
f 580/1139/352 579/1140/352 2159/1131/352 2158/1130/352
f 579/1140/353 578/1141/353 2160/1134/353 2159/1131/353
f 578/1141/354 109/1142/354 677/1143/354 2160/1134/354
f 2160/1134/355 677/1143/355 678/1144/355 2163/1135/355
f 2163/1135/356 678/1144/356 679/1145/356 2166/1138/356
f 2166/1138/357 679/1145/357 77/1146/357 362/1147/357
f 2165/1136/358 2166/1138/358 362/1147/358 363/1148/358
f 2164/1137/359 2165/1136/359 363/1148/359 364/1149/359
f 676/1125/360 2164/1137/360 364/1149/360 76/1126/360
f 675/1124/361 2161/1133/361 2164/1137/361 676/1125/361
f 674/1123/362 2158/1130/362 2161/1133/362 675/1124/362
f 2167/1150/363 2168/1151/363 2171/1152/363 2170/1153/363
f 2168/1151/364 2169/1154/364 2172/1155/364 2171/1152/364
f 2170/1153/365 2171/1152/365 2174/1156/365 2173/1157/365
f 2171/1152/366 2172/1155/366 2175/1158/366 2174/1156/366
f 109/1142/367 583/1159/367 2167/1150/367 677/1143/367
f 583/1159/368 582/1160/368 2168/1151/368 2167/1150/368
f 582/1160/369 581/1161/369 2169/1154/369 2168/1151/369
f 581/1161/370 110/1162/370 680/1163/370 2169/1154/370
f 2169/1154/371 680/1163/371 681/1164/371 2172/1155/371
f 2172/1155/372 681/1164/372 682/1165/372 2175/1158/372
f 2175/1158/373 682/1165/373 78/1166/373 371/1167/373
f 2174/1156/374 2175/1158/374 371/1167/374 372/1168/374
f 2173/1157/375 2174/1156/375 372/1168/375 373/1169/375
f 679/1145/376 2173/1157/376 373/1169/376 77/1146/376
f 678/1144/377 2170/1153/377 2173/1157/377 679/1145/377
f 677/1143/378 2167/1150/378 2170/1153/378 678/1144/378
f 2176/1170/379 2177/1171/379 2180/1172/379 2179/1173/379
f 2177/1171/380 2178/1174/380 2181/1175/380 2180/1172/380
f 2179/1173/381 2180/1172/381 2183/1176/381 2182/1177/381
f 2180/1172/382 2181/1175/382 2184/1178/382 2183/1176/382
f 110/1162/383 586/1179/383 2176/1170/383 680/1163/383
f 586/1179/383 585/1180/383 2177/1171/383 2176/1170/383
f 585/1180/384 584/1181/384 2178/1174/384 2177/1171/384
f 584/1181/385 111/1182/385 683/1183/385 2178/1174/385
f 2178/1174/386 683/1183/386 684/1184/386 2181/1175/386
f 2181/1175/387 684/1184/387 685/1185/387 2184/1178/387
f 2184/1178/388 685/1185/388 79/1186/388 380/1187/388
f 2183/1176/389 2184/1178/389 380/1187/389 381/1188/389
f 2182/1177/390 2183/1176/390 381/1188/390 382/1189/390
f 682/1165/391 2182/1177/391 382/1189/391 78/1166/391
f 681/1164/392 2179/1173/392 2182/1177/392 682/1165/392
f 680/1163/393 2176/1170/393 2179/1173/393 681/1164/393
f 2185/1190/394 2186/1191/394 2189/1192/394 2188/1193/394
f 2186/1191/395 2187/1194/395 2190/1195/395 2189/1192/395
f 2188/1193/396 2189/1192/396 2192/1196/396 2191/1197/396
f 2189/1192/397 2190/1195/397 2193/1198/397 2192/1196/397
f 111/1182/398 589/1199/398 2185/1190/398 683/1183/398
f 589/1199/399 588/1200/399 2186/1191/399 2185/1190/399
f 588/1200/399 587/1201/399 2187/1194/399 2186/1191/399
f 587/1201/400 112/1202/400 686/1203/400 2187/1194/400
f 2187/1194/401 686/1203/401 687/1204/401 2190/1195/401
f 2190/1195/402 687/1204/402 688/1205/402 2193/1198/402
f 2193/1198/403 688/1205/403 80/1206/403 389/1207/403
f 2192/1196/404 2193/1198/404 389/1207/404 390/1208/404
f 2191/1197/405 2192/1196/405 390/1208/405 391/1209/405
f 685/1185/406 2191/1197/406 391/1209/406 79/1186/406
f 684/1184/407 2188/1193/407 2191/1197/407 685/1185/407
f 683/1183/408 2185/1190/408 2188/1193/408 684/1184/408
f 2194/1210/409 2195/1211/409 2198/1212/409 2197/1213/409
f 2195/1211/410 2196/1214/410 2199/1215/410 2198/1212/410
f 2197/1213/411 2198/1212/411 2201/1216/411 2200/1217/411
f 2198/1212/412 2199/1215/412 2202/1218/412 2201/1216/412
f 112/1202/413 592/1219/413 2194/1210/413 686/1203/413
f 592/1219/414 591/1220/414 2195/1211/414 2194/1210/414
f 591/1220/415 590/1221/415 2196/1214/415 2195/1211/415
f 590/1221/416 113/1222/416 689/1223/416 2196/1214/416
f 2196/1214/417 689/1223/417 690/1224/417 2199/1215/417
f 2199/1215/418 690/1224/418 691/1225/418 2202/1218/418
f 2202/1218/419 691/1225/419 81/1226/419 398/1227/419
f 2201/1216/420 2202/1218/420 398/1227/420 399/1228/420
f 2200/1217/421 2201/1216/421 399/1228/421 400/1229/421
f 688/1205/422 2200/1217/422 400/1229/422 80/1206/422
f 687/1204/423 2197/1213/423 2200/1217/423 688/1205/423
f 686/1203/424 2194/1210/424 2197/1213/424 687/1204/424
f 2203/1230/425 2204/1231/425 2207/1232/425 2206/1233/425
f 2204/1231/426 2205/1234/426 2208/1235/426 2207/1232/426
f 2206/1233/427 2207/1232/427 2210/1236/427 2209/1237/427
f 2207/1232/428 2208/1235/428 2211/1238/428 2210/1236/428
f 113/1222/416 595/1239/416 2203/1230/416 689/1223/416
f 595/1239/429 594/1240/429 2204/1231/429 2203/1230/429
f 594/1240/430 593/1241/430 2205/1234/430 2204/1231/430
f 593/1241/431 114/1242/431 692/1243/431 2205/1234/431
f 2205/1234/432 692/1243/432 693/1244/432 2208/1235/432
f 2208/1235/433 693/1244/433 694/1245/433 2211/1238/433
f 2211/1238/434 694/1245/434 82/1246/434 407/1247/434
f 2210/1236/435 2211/1238/435 407/1247/435 408/1248/435
f 2209/1237/436 2210/1236/436 408/1248/436 409/1249/436
f 691/1225/437 2209/1237/437 409/1249/437 81/1226/437
f 690/1224/438 2206/1233/438 2209/1237/438 691/1225/438
f 689/1223/439 2203/1230/439 2206/1233/439 690/1224/439
f 2212/1250/440 2213/1251/440 2216/1252/440 2215/1253/440
f 2213/1251/441 2214/1254/441 2217/1255/441 2216/1252/441
f 2215/1253/442 2216/1252/442 2219/1256/442 2218/1257/442
f 2216/1252/443 2217/1255/443 2220/1258/443 2219/1256/443
f 114/1242/444 598/1259/444 2212/1250/444 692/1243/444
f 598/1259/445 597/1260/445 2213/1251/445 2212/1250/445
f 597/1260/445 596/1261/445 2214/1254/445 2213/1251/445
f 596/1261/446 115/1262/446 695/1263/446 2214/1254/446
f 2214/1254/447 695/1263/447 696/1264/447 2217/1255/447
f 2217/1255/448 696/1264/448 697/1265/448 2220/1258/448
f 2220/1258/449 697/1265/449 83/1266/449 416/1267/449
f 2219/1256/450 2220/1258/450 416/1267/450 417/1268/450
f 2218/1257/451 2219/1256/451 417/1268/451 418/1269/451
f 694/1245/452 2218/1257/452 418/1269/452 82/1246/452
f 693/1244/453 2215/1253/453 2218/1257/453 694/1245/453
f 692/1243/454 2212/1250/454 2215/1253/454 693/1244/454
f 2221/1270/455 2222/1271/455 2225/1272/455 2224/1273/455
f 2222/1271/456 2223/1274/456 2226/1275/456 2225/1272/456
f 2224/1273/457 2225/1272/457 2228/1276/457 2227/1277/457
f 2225/1272/458 2226/1275/458 2229/1278/458 2228/1276/458
f 115/1262/459 601/1279/459 2221/1270/459 695/1263/459
f 601/1279/460 600/1280/460 2222/1271/460 2221/1270/460
f 600/1280/461 599/1281/461 2223/1274/461 2222/1271/461
f 599/1281/461 116/1282/461 698/1283/461 2223/1274/461
f 2223/1274/462 698/1283/462 699/1284/462 2226/1275/462
f 2226/1275/463 699/1284/463 700/1285/463 2229/1278/463
f 2229/1278/464 700/1285/464 84/1286/464 425/1287/464
f 2228/1276/465 2229/1278/465 425/1287/465 426/1288/465
f 2227/1277/466 2228/1276/466 426/1288/466 427/1289/466
f 697/1265/467 2227/1277/467 427/1289/467 83/1266/467
f 696/1264/468 2224/1273/468 2227/1277/468 697/1265/468
f 695/1263/469 2221/1270/469 2224/1273/469 696/1264/469
f 2230/1290/470 2231/1291/470 2234/1292/470 2233/1293/470
f 2231/1291/471 2232/1294/471 2235/1295/471 2234/1292/471
f 2233/1293/472 2234/1292/472 2237/1296/472 2236/1297/472
f 2234/1292/473 2235/1295/473 2238/1298/473 2237/1296/473
f 116/1282/474 604/1299/474 2230/1290/474 698/1283/474
f 604/1299/475 603/1300/475 2231/1291/475 2230/1290/475
f 603/1300/476 602/1301/476 2232/1294/476 2231/1291/476
f 602/1301/477 117/1302/477 701/1303/477 2232/1294/477
f 2232/1294/478 701/1303/478 702/1304/478 2235/1295/478
f 2235/1295/479 702/1304/479 703/1305/479 2238/1298/479
f 2238/1298/480 703/1305/480 85/1306/480 434/1307/480
f 2237/1296/481 2238/1298/481 434/1307/481 435/1308/481
f 2236/1297/482 2237/1296/482 435/1308/482 436/1309/482
f 700/1285/483 2236/1297/483 436/1309/483 84/1286/483
f 699/1284/484 2233/1293/484 2236/1297/484 700/1285/484
f 698/1283/485 2230/1290/485 2233/1293/485 699/1284/485
f 2239/1310/486 2240/1311/486 2243/1312/486 2242/1313/486
f 2240/1311/487 2241/1314/487 2244/1315/487 2243/1312/487
f 2242/1313/488 2243/1312/488 2246/1316/488 2245/1317/488
f 2243/1312/489 2244/1315/489 2247/1318/489 2246/1316/489
f 117/1302/490 607/1319/490 2239/1310/490 701/1303/490
f 607/1319/491 606/1320/491 2240/1311/491 2239/1310/491
f 606/1320/492 605/1321/492 2241/1314/492 2240/1311/492
f 605/1321/493 118/1322/493 704/1323/493 2241/1314/493
f 2241/1314/494 704/1323/494 705/1324/494 2244/1315/494
f 2244/1315/495 705/1324/495 706/1325/495 2247/1318/495
f 2247/1318/496 706/1325/496 86/1326/496 443/1327/496
f 2246/1316/497 2247/1318/497 443/1327/497 444/1328/497
f 2245/1317/498 2246/1316/498 444/1328/498 445/1329/498
f 703/1305/499 2245/1317/499 445/1329/499 85/1306/499
f 702/1304/500 2242/1313/500 2245/1317/500 703/1305/500
f 701/1303/501 2239/1310/501 2242/1313/501 702/1304/501
f 2248/1330/502 2249/1331/502 2252/1332/502 2251/1333/502
f 2249/1331/503 2250/1334/503 2253/1335/503 2252/1332/503
f 2251/1333/504 2252/1332/504 2255/1336/504 2254/1337/504
f 2252/1332/505 2253/1335/505 2256/1338/505 2255/1336/505
f 118/1322/506 610/1339/506 2248/1330/506 704/1323/506
f 610/1339/506 609/1340/506 2249/1331/506 2248/1330/506
f 609/1340/507 608/1341/507 2250/1334/507 2249/1331/507
f 608/1341/508 119/1342/508 707/1343/508 2250/1334/508
f 2250/1334/509 707/1343/509 708/1344/509 2253/1335/509
f 2253/1335/510 708/1344/510 709/1345/510 2256/1338/510
f 2256/1338/511 709/1345/511 87/1346/511 452/1347/511
f 2255/1336/512 2256/1338/512 452/1347/512 453/1348/512
f 2254/1337/513 2255/1336/513 453/1348/513 454/1349/513
f 706/1325/514 2254/1337/514 454/1349/514 86/1326/514
f 705/1324/515 2251/1333/515 2254/1337/515 706/1325/515
f 704/1323/516 2248/1330/516 2251/1333/516 705/1324/516
f 2257/1350/517 2258/1351/517 2261/1352/517 2260/1353/517
f 2258/1351/518 2259/1354/518 2262/1355/518 2261/1352/518
f 2260/1353/519 2261/1352/519 2264/1356/519 2263/1357/519
f 2261/1352/520 2262/1355/520 2265/1358/520 2264/1356/520
f 119/1342/521 613/1359/521 2257/1350/521 707/1343/521
f 613/1359/522 612/1360/522 2258/1351/522 2257/1350/522
f 612/1360/522 611/1361/522 2259/1354/522 2258/1351/522
f 611/1361/523 120/1362/523 710/1363/523 2259/1354/523
f 2259/1354/524 710/1363/524 711/1364/524 2262/1355/524
f 2262/1355/525 711/1364/525 712/1365/525 2265/1358/525
f 2265/1358/526 712/1365/526 88/1366/526 461/1367/526
f 2264/1356/527 2265/1358/527 461/1367/527 462/1368/527
f 2263/1357/528 2264/1356/528 462/1368/528 463/1369/528
f 709/1345/529 2263/1357/529 463/1369/529 87/1346/529
f 708/1344/530 2260/1353/530 2263/1357/530 709/1345/530
f 707/1343/531 2257/1350/531 2260/1353/531 708/1344/531
f 2266/1370/532 2267/1371/532 2270/1372/532 2269/1373/532
f 2267/1371/533 2268/1374/533 2271/1375/533 2270/1372/533
f 2269/1373/534 2270/1372/534 2273/1376/534 2272/1377/534
f 2270/1372/535 2271/1375/535 2274/1378/535 2273/1376/535
f 120/1362/536 616/1379/536 2266/1370/536 710/1363/536
f 616/1379/537 615/1380/537 2267/1371/537 2266/1370/537
f 615/1380/538 614/1381/538 2268/1374/538 2267/1371/538
f 614/1381/539 121/1382/539 713/1383/539 2268/1374/539
f 2268/1374/540 713/1383/540 714/1384/540 2271/1375/540
f 2271/1375/541 714/1384/541 715/1385/541 2274/1378/541
f 2274/1378/542 715/1385/542 89/1386/542 470/1387/542
f 2273/1376/543 2274/1378/543 470/1387/543 471/1388/543
f 2272/1377/544 2273/1376/544 471/1388/544 472/1389/544
f 712/1365/545 2272/1377/545 472/1389/545 88/1366/545
f 711/1364/546 2269/1373/546 2272/1377/546 712/1365/546
f 710/1363/547 2266/1370/547 2269/1373/547 711/1364/547
f 2275/1390/548 2276/1391/548 2279/1392/548 2278/1393/548
f 2276/1391/549 2277/1394/549 2280/1395/549 2279/1392/549
f 2278/1393/550 2279/1392/550 2282/1396/550 2281/1397/550
f 2279/1392/551 2280/1395/551 2283/1398/551 2282/1396/551
f 121/1382/539 619/1399/539 2275/1390/539 713/1383/539
f 619/1399/552 618/1400/552 2276/1391/552 2275/1390/552
f 618/1400/553 617/1401/553 2277/1394/553 2276/1391/553
f 617/1401/554 122/1402/554 716/1403/554 2277/1394/554
f 2277/1394/555 716/1403/555 717/1404/555 2280/1395/555
f 2280/1395/556 717/1404/556 718/1405/556 2283/1398/556
f 2283/1398/557 718/1405/557 90/1406/557 479/1407/557
f 2282/1396/558 2283/1398/558 479/1407/558 480/1408/558
f 2281/1397/559 2282/1396/559 480/1408/559 481/1409/559
f 715/1385/560 2281/1397/560 481/1409/560 89/1386/560
f 714/1384/561 2278/1393/561 2281/1397/561 715/1385/561
f 713/1383/562 2275/1390/562 2278/1393/562 714/1384/562
f 2284/1410/563 2285/1411/563 2288/1412/563 2287/1413/563
f 2285/1411/564 2286/1414/564 2289/1415/564 2288/1412/564
f 2287/1413/565 2288/1412/565 2291/1416/565 2290/1417/565
f 2288/1412/566 2289/1415/566 2292/1418/566 2291/1416/566
f 122/1402/567 622/1419/567 2284/1410/567 716/1403/567
f 622/1419/568 621/1420/568 2285/1411/568 2284/1410/568
f 621/1420/568 620/1421/568 2286/1414/568 2285/1411/568
f 620/1421/569 123/1422/569 719/1423/569 2286/1414/569
f 2286/1414/570 719/1423/570 720/1424/570 2289/1415/570
f 2289/1415/571 720/1424/571 721/1425/571 2292/1418/571
f 2292/1418/572 721/1425/572 91/1426/572 488/1427/572
f 2291/1416/573 2292/1418/573 488/1427/573 489/1428/573
f 2290/1417/574 2291/1416/574 489/1428/574 490/1429/574
f 718/1405/575 2290/1417/575 490/1429/575 90/1406/575
f 717/1404/576 2287/1413/576 2290/1417/576 718/1405/576
f 716/1403/577 2284/1410/577 2287/1413/577 717/1404/577
f 2293/1430/578 2294/1431/578 2297/1432/578 2296/1433/578
f 2294/1431/579 2295/1434/579 2298/1435/579 2297/1432/579
f 2296/1433/580 2297/1432/580 2300/1436/580 2299/1437/580
f 2297/1432/581 2298/1435/581 2301/1438/581 2300/1436/581
f 123/1422/582 625/1439/582 2293/1430/582 719/1423/582
f 625/1439/583 624/1440/583 2294/1431/583 2293/1430/583
f 624/1440/584 623/1441/584 2295/1434/584 2294/1431/584
f 623/1441/584 124/1442/584 722/1443/584 2295/1434/584
f 2295/1434/585 722/1443/585 723/1444/585 2298/1435/585
f 2298/1435/586 723/1444/586 724/1445/586 2301/1438/586
f 2301/1438/587 724/1445/587 92/1446/587 497/1447/587
f 2300/1436/588 2301/1438/588 497/1447/588 498/1448/588
f 2299/1437/589 2300/1436/589 498/1448/589 499/1449/589
f 721/1425/590 2299/1437/590 499/1449/590 91/1426/590
f 720/1424/591 2296/1433/591 2299/1437/591 721/1425/591
f 719/1423/592 2293/1430/592 2296/1433/592 720/1424/592
f 2302/1450/593 2303/1451/593 2306/1452/593 2305/1453/593
f 2303/1451/594 2304/1454/594 2307/1455/594 2306/1452/594
f 2305/1453/595 2306/1452/595 2309/1456/595 2308/1457/595
f 2306/1452/596 2307/1455/596 2310/1458/596 2309/1456/596
f 124/1442/597 628/1459/597 2302/1450/597 722/1443/597
f 628/1459/598 627/1460/598 2303/1451/598 2302/1450/598
f 627/1460/599 626/1461/599 2304/1454/599 2303/1451/599
f 626/1461/600 125/1462/600 725/1463/600 2304/1454/600
f 2304/1454/601 725/1463/601 726/1464/601 2307/1455/601
f 2307/1455/602 726/1464/602 727/1465/602 2310/1458/602
f 2310/1458/603 727/1465/603 93/1466/603 506/1467/603
f 2309/1456/604 2310/1458/604 506/1467/604 507/1468/604
f 2308/1457/605 2309/1456/605 507/1468/605 508/1469/605
f 724/1445/606 2308/1457/606 508/1469/606 92/1446/606
f 723/1444/607 2305/1453/607 2308/1457/607 724/1445/607
f 722/1443/608 2302/1450/608 2305/1453/608 723/1444/608
f 2311/1470/609 2312/1471/609 2315/1472/609 2314/1473/609
f 2312/1471/610 2313/1474/610 2316/1475/610 2315/1472/610
f 2314/1473/611 2315/1472/611 2318/1476/611 2317/1477/611
f 2315/1472/612 2316/1475/612 2319/1478/612 2318/1476/612
f 125/1462/613 631/1479/613 2311/1470/613 725/1463/613
f 631/1479/614 630/1480/614 2312/1471/614 2311/1470/614
f 630/1480/615 629/1481/615 2313/1474/615 2312/1471/615
f 629/1481/616 126/1482/616 728/1483/616 2313/1474/616
f 2313/1474/617 728/1483/617 729/1484/617 2316/1475/617
f 2316/1475/618 729/1484/618 730/1485/618 2319/1478/618
f 2319/1478/619 730/1485/619 94/1486/619 515/1487/619
f 2318/1476/620 2319/1478/620 515/1487/620 516/1488/620
f 2317/1477/621 2318/1476/621 516/1488/621 517/1489/621
f 727/1465/622 2317/1477/622 517/1489/622 93/1466/622
f 726/1464/623 2314/1473/623 2317/1477/623 727/1465/623
f 725/1463/624 2311/1470/624 2314/1473/624 726/1464/624
f 2320/1490/625 2321/1491/625 2324/1492/625 2323/1493/625
f 2321/1491/626 2322/1494/626 2325/1495/626 2324/1492/626
f 2323/1493/627 2324/1492/627 2327/1496/627 2326/1497/627
f 2324/1492/628 2325/1495/628 2328/1498/628 2327/1496/628
f 126/1482/629 634/1499/629 2320/1490/629 728/1483/629
f 634/1499/629 633/1500/629 2321/1491/629 2320/1490/629
f 633/1500/630 632/1501/630 2322/1494/630 2321/1491/630
f 632/1501/631 127/1502/631 731/1503/631 2322/1494/631
f 2322/1494/632 731/1503/632 732/1504/632 2325/1495/632
f 2325/1495/633 732/1504/633 733/1505/633 2328/1498/633
f 2328/1498/634 733/1505/634 95/1506/634 524/1507/634
f 2327/1496/635 2328/1498/635 524/1507/635 525/1508/635
f 2326/1497/636 2327/1496/636 525/1508/636 526/1509/636
f 730/1485/637 2326/1497/637 526/1509/637 94/1486/637
f 729/1484/638 2323/1493/638 2326/1497/638 730/1485/638
f 728/1483/639 2320/1490/639 2323/1493/639 729/1484/639
f 2329/1510/640 2330/1511/640 2333/1512/640 2332/1513/640
f 2330/1511/641 2331/1514/641 2334/1515/641 2333/1512/641
f 2332/1513/642 2333/1512/642 2336/1516/642 2335/1517/642
f 2333/1512/643 2334/1515/643 2337/1518/643 2336/1516/643
f 127/1502/644 637/1519/644 2329/1510/644 731/1503/644
f 637/1519/645 636/1520/645 2330/1511/645 2329/1510/645
f 636/1520/645 635/1521/645 2331/1514/645 2330/1511/645
f 635/1521/646 128/1522/646 734/1523/646 2331/1514/646
f 2331/1514/647 734/1523/647 735/1524/647 2334/1515/647
f 2334/1515/648 735/1524/648 736/1525/648 2337/1518/648
f 2337/1518/649 736/1525/649 96/1526/649 533/1527/649
f 2336/1516/650 2337/1518/650 533/1527/650 534/1528/650
f 2335/1517/651 2336/1516/651 534/1528/651 535/1529/651
f 733/1505/652 2335/1517/652 535/1529/652 95/1506/652
f 732/1504/653 2332/1513/653 2335/1517/653 733/1505/653
f 731/1503/654 2329/1510/654 2332/1513/654 732/1504/654
f 2338/1530/655 2339/1531/655 2342/1532/655 2341/1533/655
f 2339/1531/656 2340/1534/656 2343/1535/656 2342/1532/656
f 2341/1533/657 2342/1532/657 2345/1536/657 2344/1537/657
f 2342/1532/658 2343/1535/658 2346/1538/658 2345/1536/658
f 128/1522/659 640/1539/659 2338/1530/659 734/1523/659
f 640/1539/660 639/1540/660 2339/1531/660 2338/1530/660
f 639/1540/661 638/1541/661 2340/1534/661 2339/1531/661
f 638/1541/182 98/914/182 643/916/182 2340/1534/182
f 2340/1534/662 643/916/662 642/929/662 2343/1535/662
f 2343/1535/663 642/929/663 641/927/663 2346/1538/663
f 2346/1538/664 641/927/664 66/928/664 542/1542/664
f 2345/1536/665 2346/1538/665 542/1542/665 543/1543/665
f 2344/1537/666 2345/1536/666 543/1543/666 544/1544/666
f 736/1525/667 2344/1537/667 544/1544/667 96/1526/667
f 735/1524/668 2341/1533/668 2344/1537/668 736/1525/668
f 734/1523/669 2338/1530/669 2341/1533/669 735/1524/669
f 2347/1545/670 2348/1546/670 2351/1547/670 2350/1548/670
f 2348/1546/671 2349/1549/671 2352/1550/671 2351/1547/671
f 2350/1548/672 2351/1547/672 2354/1551/672 2353/1552/672
f 2351/1547/673 2352/1550/673 2355/1553/673 2354/1551/673
f 2/1554/674 739/1555/674 2347/1545/674 835/1556/674
f 739/1555/675 738/1557/675 2348/1546/675 2347/1545/675
f 738/1557/676 737/1558/676 2349/1549/676 2348/1546/676
f 737/1558/677 4/1559/677 836/1560/677 2349/1549/677
f 2349/1549/678 836/1560/678 837/1561/678 2352/1550/678
f 2352/1550/679 837/1561/679 838/1562/679 2355/1553/679
f 2355/1553/680 838/1562/680 97/1563/680 545/1564/680
f 2354/1551/681 2355/1553/681 545/1564/681 546/1565/681
f 2353/1552/682 2354/1551/682 546/1565/682 547/1566/682
f 833/1567/683 2353/1552/683 547/1566/683 98/1568/683
f 834/1569/684 2350/1548/684 2353/1552/684 833/1567/684
f 835/1556/685 2347/1545/685 2350/1548/685 834/1569/685
f 2356/1570/686 2357/1571/686 2360/1572/686 2359/1573/686
f 2357/1571/687 2358/1574/687 2361/1575/687 2360/1572/687
f 2359/1573/688 2360/1572/688 2363/1576/688 2362/1577/688
f 2360/1572/689 2361/1575/689 2364/1578/689 2363/1576/689
f 4/1559/690 742/1579/690 2356/1570/690 836/1560/690
f 742/1579/691 741/1580/691 2357/1571/691 2356/1570/691
f 741/1580/692 740/1581/692 2358/1574/692 2357/1571/692
f 740/1581/693 6/1582/693 839/1583/693 2358/1574/693
f 2358/1574/694 839/1583/694 840/1584/694 2361/1575/694
f 2361/1575/695 840/1584/695 841/1585/695 2364/1578/695
f 2364/1578/696 841/1585/696 99/1586/696 548/1587/696
f 2363/1576/697 2364/1578/697 548/1587/697 549/1588/697
f 2362/1577/698 2363/1576/698 549/1588/698 550/1589/698
f 838/1562/699 2362/1577/699 550/1589/699 97/1563/699
f 837/1561/700 2359/1573/700 2362/1577/700 838/1562/700
f 836/1560/701 2356/1570/701 2359/1573/701 837/1561/701
f 2365/1590/702 2366/1591/702 2369/1592/702 2368/1593/702
f 2366/1591/703 2367/1594/703 2370/1595/703 2369/1592/703
f 2368/1593/704 2369/1592/704 2372/1596/704 2371/1597/704
f 2369/1592/705 2370/1595/705 2373/1598/705 2372/1596/705
f 6/1582/706 745/1599/706 2365/1590/706 839/1583/706
f 745/1599/707 744/1600/707 2366/1591/707 2365/1590/707
f 744/1600/708 743/1601/708 2367/1594/708 2366/1591/708
f 743/1601/709 8/1602/709 842/1603/709 2367/1594/709
f 2367/1594/710 842/1603/710 843/1604/710 2370/1595/710
f 2370/1595/711 843/1604/711 844/1605/711 2373/1598/711
f 2373/1598/712 844/1605/712 100/1606/712 551/1607/712
f 2372/1596/713 2373/1598/713 551/1607/713 552/1608/713
f 2371/1597/714 2372/1596/714 552/1608/714 553/1609/714
f 841/1585/715 2371/1597/715 553/1609/715 99/1586/715
f 840/1584/716 2368/1593/716 2371/1597/716 841/1585/716
f 839/1583/717 2365/1590/717 2368/1593/717 840/1584/717
f 2374/1610/718 2375/1611/718 2378/1612/718 2377/1613/718
f 2375/1611/719 2376/1614/719 2379/1615/719 2378/1612/719
f 2377/1613/720 2378/1612/720 2381/1616/720 2380/1617/720
f 2378/1612/721 2379/1615/721 2382/1618/721 2381/1616/721
f 8/1602/722 748/1619/722 2374/1610/722 842/1603/722
f 748/1619/723 747/1620/723 2375/1611/723 2374/1610/723
f 747/1620/724 746/1621/724 2376/1614/724 2375/1611/724
f 746/1621/725 10/1622/725 845/1623/725 2376/1614/725
f 2376/1614/726 845/1623/726 846/1624/726 2379/1615/726
f 2379/1615/727 846/1624/727 847/1625/727 2382/1618/727
f 2382/1618/728 847/1625/728 101/1626/728 554/1627/728
f 2381/1616/729 2382/1618/729 554/1627/729 555/1628/729
f 2380/1617/730 2381/1616/730 555/1628/730 556/1629/730
f 844/1605/731 2380/1617/731 556/1629/731 100/1606/731
f 843/1604/732 2377/1613/732 2380/1617/732 844/1605/732
f 842/1603/733 2374/1610/733 2377/1613/733 843/1604/733
f 2383/1630/734 2384/1631/734 2387/1632/734 2386/1633/734
f 2384/1631/735 2385/1634/735 2388/1635/735 2387/1632/735
f 2386/1633/736 2387/1632/736 2390/1636/736 2389/1637/736
f 2387/1632/737 2388/1635/737 2391/1638/737 2390/1636/737
f 10/1622/738 751/1639/738 2383/1630/738 845/1623/738
f 751/1639/739 750/1640/739 2384/1631/739 2383/1630/739
f 750/1640/740 749/1641/740 2385/1634/740 2384/1631/740
f 749/1641/741 12/1642/741 848/1643/741 2385/1634/741
f 2385/1634/742 848/1643/742 849/1644/742 2388/1635/742
f 2388/1635/743 849/1644/743 850/1645/743 2391/1638/743
f 2391/1638/744 850/1645/744 102/1646/744 557/1647/744
f 2390/1636/745 2391/1638/745 557/1647/745 558/1648/745
f 2389/1637/746 2390/1636/746 558/1648/746 559/1649/746
f 847/1625/747 2389/1637/747 559/1649/747 101/1626/747
f 846/1624/748 2386/1633/748 2389/1637/748 847/1625/748
f 845/1623/749 2383/1630/749 2386/1633/749 846/1624/749
f 2392/1650/750 2393/1651/750 2396/1652/750 2395/1653/750
f 2393/1651/751 2394/1654/751 2397/1655/751 2396/1652/751
f 2395/1653/752 2396/1652/752 2399/1656/752 2398/1657/752
f 2396/1652/753 2397/1655/753 2400/1658/753 2399/1656/753
f 12/1642/754 754/1659/754 2392/1650/754 848/1643/754
f 754/1659/755 753/1660/755 2393/1651/755 2392/1650/755
f 753/1660/756 752/1661/756 2394/1654/756 2393/1651/756
f 752/1661/757 14/1662/757 851/1663/757 2394/1654/757
f 2394/1654/758 851/1663/758 852/1664/758 2397/1655/758
f 2397/1655/759 852/1664/759 853/1665/759 2400/1658/759
f 2400/1658/760 853/1665/760 103/1666/760 560/1667/760
f 2399/1656/761 2400/1658/761 560/1667/761 561/1668/761
f 2398/1657/762 2399/1656/762 561/1668/762 562/1019/762
f 850/1645/763 2398/1657/763 562/1019/763 102/1646/763
f 849/1644/764 2395/1653/764 2398/1657/764 850/1645/764
f 848/1643/765 2392/1650/765 2395/1653/765 849/1644/765
f 2401/1669/766 2402/1670/766 2405/1671/766 2404/1672/766
f 2402/1670/767 2403/1673/767 2406/1674/767 2405/1671/767
f 2404/1672/768 2405/1671/768 2408/1675/768 2407/1676/768
f 2405/1671/769 2406/1674/769 2409/1677/769 2408/1675/769
f 14/1662/770 757/1678/770 2401/1669/770 851/1663/770
f 757/1678/771 756/1679/771 2402/1670/771 2401/1669/771
f 756/1679/772 755/1680/772 2403/1673/772 2402/1670/772
f 755/1680/773 16/1681/773 854/1682/773 2403/1673/773
f 2403/1673/774 854/1682/774 855/1683/774 2406/1674/774
f 2406/1674/775 855/1683/775 856/1684/775 2409/1677/775
f 2409/1677/776 856/1684/776 104/1685/776 563/1686/776
f 2408/1675/777 2409/1677/777 563/1686/777 564/1687/777
f 2407/1676/778 2408/1675/778 564/1687/778 565/1688/778
f 853/1665/779 2407/1676/779 565/1688/779 103/1666/779
f 852/1664/780 2404/1672/780 2407/1676/780 853/1665/780
f 851/1663/781 2401/1669/781 2404/1672/781 852/1664/781
f 2410/1689/782 2411/1690/782 2414/1691/782 2413/1692/782
f 2411/1690/783 2412/1693/783 2415/1694/783 2414/1691/783
f 2413/1692/784 2414/1691/784 2417/1695/784 2416/1696/784
f 2414/1691/785 2415/1694/785 2418/1697/785 2417/1695/785
f 16/1681/786 760/1698/786 2410/1689/786 854/1682/786
f 760/1698/787 759/1699/787 2411/1690/787 2410/1689/787
f 759/1699/788 758/1700/788 2412/1693/788 2411/1690/788
f 758/1700/789 18/1701/789 857/1702/789 2412/1693/789
f 2412/1693/790 857/1702/790 858/1703/790 2415/1694/790
f 2415/1694/791 858/1703/791 859/1704/791 2418/1697/791
f 2418/1697/792 859/1704/792 105/1062/792 566/1705/792
f 2417/1695/793 2418/1697/793 566/1705/793 567/1706/793
f 2416/1696/794 2417/1695/794 567/1706/794 568/1707/794
f 856/1684/795 2416/1696/795 568/1707/795 104/1685/795
f 855/1683/796 2413/1692/796 2416/1696/796 856/1684/796
f 854/1682/797 2410/1689/797 2413/1692/797 855/1683/797
f 2419/1708/798 2420/1709/798 2423/1710/798 2422/1711/798
f 2420/1709/799 2421/1712/799 2424/1713/799 2423/1710/799
f 2422/1711/800 2423/1710/800 2426/1714/800 2425/1715/800
f 2423/1710/801 2424/1713/801 2427/1716/801 2426/1714/801
f 18/1701/802 763/1717/802 2419/1708/802 857/1702/802
f 763/1717/803 762/1718/803 2420/1709/803 2419/1708/803
f 762/1718/804 761/1719/804 2421/1712/804 2420/1709/804
f 761/1719/805 20/1720/805 860/1721/805 2421/1712/805
f 2421/1712/806 860/1721/806 861/1722/806 2424/1713/806
f 2424/1713/807 861/1722/807 862/1723/807 2427/1716/807
f 2427/1716/808 862/1723/808 106/1724/808 569/1725/808
f 2426/1714/809 2427/1716/809 569/1725/809 570/1726/809
f 2425/1715/810 2426/1714/810 570/1726/810 571/1727/810
f 859/1704/811 2425/1715/811 571/1727/811 105/1062/811
f 858/1703/812 2422/1711/812 2425/1715/812 859/1704/812
f 857/1702/813 2419/1708/813 2422/1711/813 858/1703/813
f 2428/1728/814 2429/1729/814 2432/1730/814 2431/1731/814
f 2429/1729/815 2430/1732/815 2433/1733/815 2432/1730/815
f 2431/1731/816 2432/1730/816 2435/1734/816 2434/1735/816
f 2432/1730/817 2433/1733/817 2436/1736/817 2435/1734/817
f 20/1720/818 766/1737/818 2428/1728/818 860/1721/818
f 766/1737/819 765/1738/819 2429/1729/819 2428/1728/819
f 765/1738/820 764/1739/820 2430/1732/820 2429/1729/820
f 764/1739/821 22/1740/821 863/1741/821 2430/1732/821
f 2430/1732/822 863/1741/822 864/1742/822 2433/1733/822
f 2433/1733/823 864/1742/823 865/1743/823 2436/1736/823
f 2436/1736/824 865/1743/824 107/1744/824 572/1101/824
f 2435/1734/825 2436/1736/825 572/1101/825 573/1745/825
f 2434/1735/826 2435/1734/826 573/1745/826 574/1746/826
f 862/1723/827 2434/1735/827 574/1746/827 106/1724/827
f 861/1722/828 2431/1731/828 2434/1735/828 862/1723/828
f 860/1721/829 2428/1728/829 2431/1731/829 861/1722/829
f 2437/1747/830 2438/1748/830 2441/1749/830 2440/1750/830
f 2438/1748/831 2439/1751/831 2442/1752/831 2441/1749/831
f 2440/1750/832 2441/1749/832 2444/1753/832 2443/1754/832
f 2441/1749/833 2442/1752/833 2445/1755/833 2444/1753/833
f 22/1740/834 769/1756/834 2437/1747/834 863/1741/834
f 769/1756/835 768/1757/835 2438/1748/835 2437/1747/835
f 768/1757/836 767/1758/836 2439/1751/836 2438/1748/836
f 767/1758/837 24/1759/837 866/1760/837 2439/1751/837
f 2439/1751/838 866/1760/838 867/1761/838 2442/1752/838
f 2442/1752/839 867/1761/839 868/1762/839 2445/1755/839
f 2445/1755/840 868/1762/840 108/1763/840 575/1764/840
f 2444/1753/841 2445/1755/841 575/1764/841 576/1765/841
f 2443/1754/842 2444/1753/842 576/1765/842 577/1766/842
f 865/1743/843 2443/1754/843 577/1766/843 107/1744/843
f 864/1742/844 2440/1750/844 2443/1754/844 865/1743/844
f 863/1741/845 2437/1747/845 2440/1750/845 864/1742/845
f 2446/1767/846 2447/1768/846 2450/1769/846 2449/1770/846
f 2447/1768/847 2448/1771/847 2451/1772/847 2450/1769/847
f 2449/1770/848 2450/1769/848 2453/1773/848 2452/1774/848
f 2450/1769/849 2451/1772/849 2454/1775/849 2453/1773/849
f 24/1759/850 772/1776/850 2446/1767/850 866/1760/850
f 772/1776/851 771/1777/851 2447/1768/851 2446/1767/851
f 771/1777/852 770/1778/852 2448/1771/852 2447/1768/852
f 770/1778/853 26/1779/853 869/1780/853 2448/1771/853
f 2448/1771/854 869/1780/854 870/1781/854 2451/1772/854
f 2451/1772/855 870/1781/855 871/1782/855 2454/1775/855
f 2454/1775/856 871/1782/856 109/1783/856 578/1784/856
f 2453/1773/857 2454/1775/857 578/1784/857 579/1785/857
f 2452/1774/858 2453/1773/858 579/1785/858 580/1786/858
f 868/1762/859 2452/1774/859 580/1786/859 108/1763/859
f 867/1761/860 2449/1770/860 2452/1774/860 868/1762/860
f 866/1760/861 2446/1767/861 2449/1770/861 867/1761/861
f 2455/1787/862 2456/1788/862 2459/1789/862 2458/1790/862
f 2456/1788/863 2457/1791/863 2460/1792/863 2459/1789/863
f 2458/1790/864 2459/1789/864 2462/1793/864 2461/1794/864
f 2459/1789/865 2460/1792/865 2463/1795/865 2462/1793/865
f 26/1779/866 775/1796/866 2455/1787/866 869/1780/866
f 775/1796/867 774/1797/867 2456/1788/867 2455/1787/867
f 774/1797/868 773/1798/868 2457/1791/868 2456/1788/868
f 773/1798/869 28/1799/869 872/1800/869 2457/1791/869
f 2457/1791/870 872/1800/870 873/1801/870 2460/1792/870
f 2460/1792/871 873/1801/871 874/1802/871 2463/1795/871
f 2463/1795/872 874/1802/872 110/1803/872 581/1804/872
f 2462/1793/873 2463/1795/873 581/1804/873 582/1805/873
f 2461/1794/874 2462/1793/874 582/1805/874 583/1806/874
f 871/1782/875 2461/1794/875 583/1806/875 109/1783/875
f 870/1781/876 2458/1790/876 2461/1794/876 871/1782/876
f 869/1780/877 2455/1787/877 2458/1790/877 870/1781/877
f 2464/1807/878 2465/1808/878 2468/1809/878 2467/1810/878
f 2465/1808/879 2466/1811/879 2469/1812/879 2468/1809/879
f 2467/1810/880 2468/1809/880 2471/1813/880 2470/1814/880
f 2468/1809/881 2469/1812/881 2472/1815/881 2471/1813/881
f 28/1799/882 778/1816/882 2464/1807/882 872/1800/882
f 778/1816/883 777/1817/883 2465/1808/883 2464/1807/883
f 777/1817/884 776/1818/884 2466/1811/884 2465/1808/884
f 776/1818/885 30/1819/885 875/1820/885 2466/1811/885
f 2466/1811/886 875/1820/886 876/1821/886 2469/1812/886
f 2469/1812/887 876/1821/887 877/1822/887 2472/1815/887
f 2472/1815/888 877/1822/888 111/1823/888 584/1824/888
f 2471/1813/889 2472/1815/889 584/1824/889 585/1825/889
f 2470/1814/890 2471/1813/890 585/1825/890 586/1826/890
f 874/1802/891 2470/1814/891 586/1826/891 110/1803/891
f 873/1801/892 2467/1810/892 2470/1814/892 874/1802/892
f 872/1800/893 2464/1807/893 2467/1810/893 873/1801/893
f 2473/1827/894 2474/1828/894 2477/1829/894 2476/1830/894
f 2474/1828/895 2475/1831/895 2478/1832/895 2477/1829/895
f 2476/1830/896 2477/1829/896 2480/1833/896 2479/1834/896
f 2477/1829/897 2478/1832/897 2481/1835/897 2480/1833/897
f 30/1819/898 781/1836/898 2473/1827/898 875/1820/898
f 781/1836/899 780/1837/899 2474/1828/899 2473/1827/899
f 780/1837/900 779/1838/900 2475/1831/900 2474/1828/900
f 779/1838/901 32/1839/901 878/1840/901 2475/1831/901
f 2475/1831/902 878/1840/902 879/1841/902 2478/1832/902
f 2478/1832/903 879/1841/903 880/1842/903 2481/1835/903
f 2481/1835/904 880/1842/904 112/1202/904 587/1843/904
f 2480/1833/905 2481/1835/905 587/1843/905 588/1844/905
f 2479/1834/906 2480/1833/906 588/1844/906 589/1845/906
f 877/1822/907 2479/1834/907 589/1845/907 111/1823/907
f 876/1821/908 2476/1830/908 2479/1834/908 877/1822/908
f 875/1820/909 2473/1827/909 2476/1830/909 876/1821/909
f 2482/1846/910 2483/1847/910 2486/1848/910 2485/1849/910
f 2483/1847/911 2484/1850/911 2487/1851/911 2486/1848/911
f 2485/1849/912 2486/1848/912 2489/1852/912 2488/1853/912
f 2486/1848/913 2487/1851/913 2490/1854/913 2489/1852/913
f 32/1839/914 784/1855/914 2482/1846/914 878/1840/914
f 784/1855/915 783/1856/915 2483/1847/915 2482/1846/915
f 783/1856/916 782/1857/916 2484/1850/916 2483/1847/916
f 782/1857/917 34/1858/917 881/1859/917 2484/1850/917
f 2484/1850/918 881/1859/918 882/1860/918 2487/1851/918
f 2487/1851/919 882/1860/919 883/1861/919 2490/1854/919
f 2490/1854/920 883/1861/920 113/1862/920 590/1863/920
f 2489/1852/921 2490/1854/921 590/1863/921 591/1864/921
f 2488/1853/922 2489/1852/922 591/1864/922 592/1865/922
f 880/1842/923 2488/1853/923 592/1865/923 112/1202/923
f 879/1841/924 2485/1849/924 2488/1853/924 880/1842/924
f 878/1840/925 2482/1846/925 2485/1849/925 879/1841/925
f 2491/1866/926 2492/1867/926 2495/1868/926 2494/1869/926
f 2492/1867/927 2493/1870/927 2496/1871/927 2495/1868/927
f 2494/1869/928 2495/1868/928 2498/1872/928 2497/1873/928
f 2495/1868/929 2496/1871/929 2499/1874/929 2498/1872/929
f 34/1858/930 787/1875/930 2491/1866/930 881/1859/930
f 787/1875/931 786/1876/931 2492/1867/931 2491/1866/931
f 786/1876/932 785/1877/932 2493/1870/932 2492/1867/932
f 785/1877/933 36/1878/933 884/1879/933 2493/1870/933
f 2493/1870/934 884/1879/934 885/1880/934 2496/1871/934
f 2496/1871/935 885/1880/935 886/1881/935 2499/1874/935
f 2499/1874/936 886/1881/936 114/1882/936 593/1883/936
f 2498/1872/937 2499/1874/937 593/1883/937 594/1240/937
f 2497/1873/938 2498/1872/938 594/1240/938 595/1884/938
f 883/1861/939 2497/1873/939 595/1884/939 113/1862/939
f 882/1860/940 2494/1869/940 2497/1873/940 883/1861/940
f 881/1859/941 2491/1866/941 2494/1869/941 882/1860/941
f 2500/1885/942 2501/1886/942 2504/1887/942 2503/1888/942
f 2501/1886/943 2502/1889/943 2505/1890/943 2504/1887/943
f 2503/1888/944 2504/1887/944 2507/1891/944 2506/1892/944
f 2504/1887/945 2505/1890/945 2508/1893/945 2507/1891/945
f 36/1878/946 790/1894/946 2500/1885/946 884/1879/946
f 790/1894/947 789/1895/947 2501/1886/947 2500/1885/947
f 789/1895/948 788/1896/948 2502/1889/948 2501/1886/948
f 788/1896/949 38/1897/949 887/1898/949 2502/1889/949
f 2502/1889/950 887/1898/950 888/1899/950 2505/1890/950
f 2505/1890/951 888/1899/951 889/1900/951 2508/1893/951
f 2508/1893/952 889/1900/952 115/1262/952 596/1261/952
f 2507/1891/953 2508/1893/953 596/1261/953 597/1901/953
f 2506/1892/954 2507/1891/954 597/1901/954 598/1902/954
f 886/1881/955 2506/1892/955 598/1902/955 114/1882/955
f 885/1880/956 2503/1888/956 2506/1892/956 886/1881/956
f 884/1879/957 2500/1885/957 2503/1888/957 885/1880/957
f 2509/1903/958 2510/1904/958 2513/1905/958 2512/1906/958
f 2510/1904/959 2511/1907/959 2514/1908/959 2513/1905/959
f 2512/1906/960 2513/1905/960 2516/1909/960 2515/1910/960
f 2513/1905/961 2514/1908/961 2517/1911/961 2516/1909/961
f 38/1897/962 793/1912/962 2509/1903/962 887/1898/962
f 793/1912/963 792/1913/963 2510/1904/963 2509/1903/963
f 792/1913/964 791/1914/964 2511/1907/964 2510/1904/964
f 791/1914/965 40/1915/965 890/1916/965 2511/1907/965
f 2511/1907/966 890/1916/966 891/1917/966 2514/1908/966
f 2514/1908/967 891/1917/967 892/1918/967 2517/1911/967
f 2517/1911/968 892/1918/968 116/1919/968 599/1920/968
f 2516/1909/969 2517/1911/969 599/1920/969 600/1921/969
f 2515/1910/970 2516/1909/970 600/1921/970 601/1922/970
f 889/1900/971 2515/1910/971 601/1922/971 115/1262/971
f 888/1899/972 2512/1906/972 2515/1910/972 889/1900/972
f 887/1898/973 2509/1903/973 2512/1906/973 888/1899/973
f 2518/1923/974 2519/1924/974 2522/1925/974 2521/1926/974
f 2519/1924/975 2520/1927/975 2523/1928/975 2522/1925/975
f 2521/1926/976 2522/1925/976 2525/1929/976 2524/1930/976
f 2522/1925/977 2523/1928/977 2526/1931/977 2525/1929/977
f 40/1915/978 796/1932/978 2518/1923/978 890/1916/978
f 796/1932/979 795/1933/979 2519/1924/979 2518/1923/979
f 795/1933/980 794/1934/980 2520/1927/980 2519/1924/980
f 794/1934/981 42/1935/981 893/1936/981 2520/1927/981
f 2520/1927/982 893/1936/982 894/1937/982 2523/1928/982
f 2523/1928/983 894/1937/983 895/1938/983 2526/1931/983
f 2526/1931/984 895/1938/984 117/1302/984 602/1939/984
f 2525/1929/985 2526/1931/985 602/1939/985 603/1940/985
f 2524/1930/986 2525/1929/986 603/1940/986 604/1941/986
f 892/1918/987 2524/1930/987 604/1941/987 116/1919/987
f 891/1917/988 2521/1926/988 2524/1930/988 892/1918/988
f 890/1916/989 2518/1923/989 2521/1926/989 891/1917/989
f 2527/1942/990 2528/1943/990 2531/1944/990 2530/1945/990
f 2528/1943/991 2529/1946/991 2532/1947/991 2531/1944/991
f 2530/1945/992 2531/1944/992 2534/1948/992 2533/1949/992
f 2531/1944/993 2532/1947/993 2535/1950/993 2534/1948/993
f 42/1935/994 799/1951/994 2527/1942/994 893/1936/994
f 799/1951/995 798/1952/995 2528/1943/995 2527/1942/995
f 798/1952/996 797/1953/996 2529/1946/996 2528/1943/996
f 797/1953/997 44/1954/997 896/1955/997 2529/1946/997
f 2529/1946/998 896/1955/998 897/1956/998 2532/1947/998
f 2532/1947/999 897/1956/999 898/1957/999 2535/1950/999
f 2535/1950/1000 898/1957/1000 118/1958/1000 605/1959/1000
f 2534/1948/1001 2535/1950/1001 605/1959/1001 606/1960/1001
f 2533/1949/1002 2534/1948/1002 606/1960/1002 607/1961/1002
f 895/1938/1003 2533/1949/1003 607/1961/1003 117/1302/1003
f 894/1937/1004 2530/1945/1004 2533/1949/1004 895/1938/1004
f 893/1936/1005 2527/1942/1005 2530/1945/1005 894/1937/1005
f 2536/1962/1006 2537/1963/1006 2540/1964/1006 2539/1965/1006
f 2537/1963/1007 2538/1966/1007 2541/1967/1007 2540/1964/1007
f 2539/1965/1008 2540/1964/1008 2543/1968/1008 2542/1969/1008
f 2540/1964/1009 2541/1967/1009 2544/1970/1009 2543/1968/1009
f 44/1954/1010 802/1971/1010 2536/1962/1010 896/1955/1010
f 802/1971/1011 801/1972/1011 2537/1963/1011 2536/1962/1011
f 801/1972/1012 800/1973/1012 2538/1966/1012 2537/1963/1012
f 800/1973/1013 46/1974/1013 899/1975/1013 2538/1966/1013
f 2538/1966/1014 899/1975/1014 900/1976/1014 2541/1967/1014
f 2541/1967/1015 900/1976/1015 901/1977/1015 2544/1970/1015
f 2544/1970/1016 901/1977/1016 119/1978/1016 608/1979/1016
f 2543/1968/1017 2544/1970/1017 608/1979/1017 609/1980/1017
f 2542/1969/1018 2543/1968/1018 609/1980/1018 610/1981/1018
f 898/1957/1019 2542/1969/1019 610/1981/1019 118/1958/1019
f 897/1956/1020 2539/1965/1020 2542/1969/1020 898/1957/1020
f 896/1955/1021 2536/1962/1021 2539/1965/1021 897/1956/1021
f 2545/1982/1022 2546/1983/1022 2549/1984/1022 2548/1985/1022
f 2546/1983/1023 2547/1986/1023 2550/1987/1023 2549/1984/1023
f 2548/1985/1024 2549/1984/1024 2552/1988/1024 2551/1989/1024
f 2549/1984/1025 2550/1987/1025 2553/1990/1025 2552/1988/1025
f 46/1974/1026 805/1991/1026 2545/1982/1026 899/1975/1026
f 805/1991/1027 804/1992/1027 2546/1983/1027 2545/1982/1027
f 804/1992/1028 803/1993/1028 2547/1986/1028 2546/1983/1028
f 803/1993/1029 48/1994/1029 902/1995/1029 2547/1986/1029
f 2547/1986/1030 902/1995/1030 903/1996/1030 2550/1987/1030
f 2550/1987/1031 903/1996/1031 904/1997/1031 2553/1990/1031
f 2553/1990/1032 904/1997/1032 120/1362/1032 611/1998/1032
f 2552/1988/1033 2553/1990/1033 611/1998/1033 612/1999/1033
f 2551/1989/1034 2552/1988/1034 612/1999/1034 613/2000/1034
f 901/1977/1035 2551/1989/1035 613/2000/1035 119/1978/1035
f 900/1976/1036 2548/1985/1036 2551/1989/1036 901/1977/1036
f 899/1975/1037 2545/1982/1037 2548/1985/1037 900/1976/1037
f 2554/2001/1038 2555/2002/1038 2558/2003/1038 2557/2004/1038
f 2555/2002/1039 2556/2005/1039 2559/2006/1039 2558/2003/1039
f 2557/2004/1040 2558/2003/1040 2561/2007/1040 2560/2008/1040
f 2558/2003/1041 2559/2006/1041 2562/2009/1041 2561/2007/1041
f 48/1994/1042 808/2010/1042 2554/2001/1042 902/1995/1042
f 808/2010/1043 807/2011/1043 2555/2002/1043 2554/2001/1043
f 807/2011/1044 806/2012/1044 2556/2005/1044 2555/2002/1044
f 806/2012/1045 50/2013/1045 905/2014/1045 2556/2005/1045
f 2556/2005/1046 905/2014/1046 906/2015/1046 2559/2006/1046
f 2559/2006/1047 906/2015/1047 907/2016/1047 2562/2009/1047
f 2562/2009/1048 907/2016/1048 121/2017/1048 614/1381/1048
f 2561/2007/1049 2562/2009/1049 614/1381/1049 615/1380/1049
f 2560/2008/1050 2561/2007/1050 615/1380/1050 616/2018/1050
f 904/1997/1051 2560/2008/1051 616/2018/1051 120/1362/1051
f 903/1996/1052 2557/2004/1052 2560/2008/1052 904/1997/1052
f 902/1995/1053 2554/2001/1053 2557/2004/1053 903/1996/1053
f 2563/2019/1054 2564/2020/1054 2567/2021/1054 2566/2022/1054
f 2564/2020/1055 2565/2023/1055 2568/2024/1055 2567/2021/1055
f 2566/2022/1056 2567/2021/1056 2570/2025/1056 2569/2026/1056
f 2567/2021/1057 2568/2024/1057 2571/2027/1057 2570/2025/1057
f 50/2013/1058 811/2028/1058 2563/2019/1058 905/2014/1058
f 811/2028/1059 810/2029/1059 2564/2020/1059 2563/2019/1059
f 810/2029/1060 809/2030/1060 2565/2023/1060 2564/2020/1060
f 809/2030/1061 52/2031/1061 908/2032/1061 2565/2023/1061
f 2565/2023/1062 908/2032/1062 909/2033/1062 2568/2024/1062
f 2568/2024/1063 909/2033/1063 910/2034/1063 2571/2027/1063
f 2571/2027/1064 910/2034/1064 122/2035/1064 617/2036/1064
f 2570/2025/1065 2571/2027/1065 617/2036/1065 618/2037/1065
f 2569/2026/1066 2570/2025/1066 618/2037/1066 619/2038/1066
f 907/2016/1067 2569/2026/1067 619/2038/1067 121/2017/1067
f 906/2015/1068 2566/2022/1068 2569/2026/1068 907/2016/1068
f 905/2014/1069 2563/2019/1069 2566/2022/1069 906/2015/1069
f 2572/2039/1070 2573/2040/1070 2576/2041/1070 2575/2042/1070
f 2573/2040/1071 2574/2043/1071 2577/2044/1071 2576/2041/1071
f 2575/2042/1072 2576/2041/1072 2579/2045/1072 2578/2046/1072
f 2576/2041/1073 2577/2044/1073 2580/2047/1073 2579/2045/1073
f 52/2031/1074 814/2048/1074 2572/2039/1074 908/2032/1074
f 814/2048/1075 813/2049/1075 2573/2040/1075 2572/2039/1075
f 813/2049/1076 812/2050/1076 2574/2043/1076 2573/2040/1076
f 812/2050/1077 54/2051/1077 911/2052/1077 2574/2043/1077
f 2574/2043/1078 911/2052/1078 912/2053/1078 2577/2044/1078
f 2577/2044/1079 912/2053/1079 913/2054/1079 2580/2047/1079
f 2580/2047/1080 913/2054/1080 123/2055/1080 620/2056/1080
f 2579/2045/1081 2580/2047/1081 620/2056/1081 621/1420/1081
f 2578/2046/1082 2579/2045/1082 621/1420/1082 622/2057/1082
f 910/2034/1083 2578/2046/1083 622/2057/1083 122/2035/1083
f 909/2033/1084 2575/2042/1084 2578/2046/1084 910/2034/1084
f 908/2032/1085 2572/2039/1085 2575/2042/1085 909/2033/1085
f 2581/2058/1086 2582/2059/1086 2585/2060/1086 2584/2061/1086
f 2582/2059/1087 2583/2062/1087 2586/2063/1087 2585/2060/1087
f 2584/2061/1088 2585/2060/1088 2588/2064/1088 2587/2065/1088
f 2585/2060/1089 2586/2063/1089 2589/2066/1089 2588/2064/1089
f 54/2051/1090 817/2067/1090 2581/2058/1090 911/2052/1090
f 817/2067/1091 816/2068/1091 2582/2059/1091 2581/2058/1091
f 816/2068/1092 815/2069/1092 2583/2062/1092 2582/2059/1092
f 815/2069/1093 56/2070/1093 914/2071/1093 2583/2062/1093
f 2583/2062/1094 914/2071/1094 915/2072/1094 2586/2063/1094
f 2586/2063/1095 915/2072/1095 916/2073/1095 2589/2066/1095
f 2589/2066/1096 916/2073/1096 124/2074/1096 623/2075/1096
f 2588/2064/1097 2589/2066/1097 623/2075/1097 624/2076/1097
f 2587/2065/1098 2588/2064/1098 624/2076/1098 625/2077/1098
f 913/2054/1099 2587/2065/1099 625/2077/1099 123/2055/1099
f 912/2053/1100 2584/2061/1100 2587/2065/1100 913/2054/1100
f 911/2052/1101 2581/2058/1101 2584/2061/1101 912/2053/1101
f 2590/2078/1102 2591/2079/1102 2594/2080/1102 2593/2081/1102
f 2591/2079/1103 2592/2082/1103 2595/2083/1103 2594/2080/1103
f 2593/2081/1104 2594/2080/1104 2597/2084/1104 2596/2085/1104
f 2594/2080/1105 2595/2083/1105 2598/2086/1105 2597/2084/1105
f 56/2070/1106 820/2087/1106 2590/2078/1106 914/2071/1106
f 820/2087/1107 819/2088/1107 2591/2079/1107 2590/2078/1107
f 819/2088/1108 818/2089/1108 2592/2082/1108 2591/2079/1108
f 818/2089/1109 58/2090/1109 917/2091/1109 2592/2082/1109
f 2592/2082/1110 917/2091/1110 918/2092/1110 2595/2083/1110
f 2595/2083/1111 918/2092/1111 919/2093/1111 2598/2086/1111
f 2598/2086/1112 919/2093/1112 125/2094/1112 626/2095/1112
f 2597/2084/1113 2598/2086/1113 626/2095/1113 627/2096/1113
f 2596/2085/1114 2597/2084/1114 627/2096/1114 628/2097/1114
f 916/2073/1115 2596/2085/1115 628/2097/1115 124/2074/1115
f 915/2072/1116 2593/2081/1116 2596/2085/1116 916/2073/1116
f 914/2071/1117 2590/2078/1117 2593/2081/1117 915/2072/1117
f 2599/2098/1118 2600/2099/1118 2603/2100/1118 2602/2101/1118
f 2600/2099/1119 2601/2102/1119 2604/2103/1119 2603/2100/1119
f 2602/2101/1120 2603/2100/1120 2606/2104/1120 2605/2105/1120
f 2603/2100/1121 2604/2103/1121 2607/2106/1121 2606/2104/1121
f 58/2090/1122 823/2107/1122 2599/2098/1122 917/2091/1122
f 823/2107/1123 822/2108/1123 2600/2099/1123 2599/2098/1123
f 822/2108/1124 821/2109/1124 2601/2102/1124 2600/2099/1124
f 821/2109/1125 60/2110/1125 920/2111/1125 2601/2102/1125
f 2601/2102/1126 920/2111/1126 921/2112/1126 2604/2103/1126
f 2604/2103/1127 921/2112/1127 922/2113/1127 2607/2106/1127
f 2607/2106/1128 922/2113/1128 126/2114/1128 629/2115/1128
f 2606/2104/1129 2607/2106/1129 629/2115/1129 630/2116/1129
f 2605/2105/1130 2606/2104/1130 630/2116/1130 631/2117/1130
f 919/2093/1131 2605/2105/1131 631/2117/1131 125/2094/1131
f 918/2092/1132 2602/2101/1132 2605/2105/1132 919/2093/1132
f 917/2091/1133 2599/2098/1133 2602/2101/1133 918/2092/1133
f 2608/2118/1134 2609/2119/1134 2612/2120/1134 2611/2121/1134
f 2609/2119/1135 2610/2122/1135 2613/2123/1135 2612/2120/1135
f 2611/2121/1136 2612/2120/1136 2615/2124/1136 2614/2125/1136
f 2612/2120/1137 2613/2123/1137 2616/2126/1137 2615/2124/1137
f 60/2110/1138 826/2127/1138 2608/2118/1138 920/2111/1138
f 826/2127/1139 825/2128/1139 2609/2119/1139 2608/2118/1139
f 825/2128/1140 824/2129/1140 2610/2122/1140 2609/2119/1140
f 824/2129/1141 62/2130/1141 923/2131/1141 2610/2122/1141
f 2610/2122/1142 923/2131/1142 924/2132/1142 2613/2123/1142
f 2613/2123/1143 924/2132/1143 925/2133/1143 2616/2126/1143
f 2616/2126/1144 925/2133/1144 127/1502/1144 632/2134/1144
f 2615/2124/1145 2616/2126/1145 632/2134/1145 633/1500/1145
f 2614/2125/1146 2615/2124/1146 633/1500/1146 634/2135/1146
f 922/2113/1147 2614/2125/1147 634/2135/1147 126/2114/1147
f 921/2112/1148 2611/2121/1148 2614/2125/1148 922/2113/1148
f 920/2111/1149 2608/2118/1149 2611/2121/1149 921/2112/1149
f 2617/2136/1150 2618/2137/1150 2621/2138/1150 2620/2139/1150
f 2618/2137/1151 2619/2140/1151 2622/2141/1151 2621/2138/1151
f 2620/2139/1152 2621/2138/1152 2624/2142/1152 2623/2143/1152
f 2621/2138/1153 2622/2141/1153 2625/2144/1153 2624/2142/1153
f 62/2130/1154 829/2145/1154 2617/2136/1154 923/2131/1154
f 829/2145/1155 828/2146/1155 2618/2137/1155 2617/2136/1155
f 828/2146/1156 827/2147/1156 2619/2140/1156 2618/2137/1156
f 827/2147/1157 64/2148/1157 926/2149/1157 2619/2140/1157
f 2619/2140/1158 926/2149/1158 927/2150/1158 2622/2141/1158
f 2622/2141/1159 927/2150/1159 928/2151/1159 2625/2144/1159
f 2625/2144/1160 928/2151/1160 128/2152/1160 635/2153/1160
f 2624/2142/1161 2625/2144/1161 635/2153/1161 636/2154/1161
f 2623/2143/1162 2624/2142/1162 636/2154/1162 637/1519/1162
f 925/2133/1163 2623/2143/1163 637/1519/1163 127/1502/1163
f 924/2132/1164 2620/2139/1164 2623/2143/1164 925/2133/1164
f 923/2131/1165 2617/2136/1165 2620/2139/1165 924/2132/1165
f 2626/2155/1166 2627/2156/1166 2630/2157/1166 2629/2158/1166
f 2627/2156/1167 2628/2159/1167 2631/2160/1167 2630/2157/1167
f 2629/2158/1168 2630/2157/1168 2633/2161/1168 2632/2162/1168
f 2630/2157/1169 2631/2160/1169 2634/2163/1169 2633/2161/1169
f 64/2148/1170 832/2164/1170 2626/2155/1170 926/2149/1170
f 832/2164/1171 831/2165/1171 2627/2156/1171 2626/2155/1171
f 831/2165/1172 830/2166/1172 2628/2159/1172 2627/2156/1172
f 830/2166/1173 2/1554/1173 835/1556/1173 2628/2159/1173
f 2628/2159/1174 835/1556/1174 834/1569/1174 2631/2160/1174
f 2631/2160/1175 834/1569/1175 833/1567/1175 2634/2163/1175
f 2634/2163/1176 833/1567/1176 98/1568/1176 638/1541/1176
f 2633/2161/1177 2634/2163/1177 638/1541/1177 639/2167/1177
f 2632/2162/1178 2633/2161/1178 639/2167/1178 640/2168/1178
f 928/2151/1179 2632/2162/1179 640/2168/1179 128/2152/1179
f 927/2150/1180 2629/2158/1180 2632/2162/1180 928/2151/1180
f 926/2149/1181 2626/2155/1181 2629/2158/1181 927/2150/1181
f 2636/2169/1182 2637/2170/1182 2635/2171/1182 2699/2172/1182
f 2638/2173/1182 2639/2174/1182 2635/2171/1182 2637/2175/1182
f 2640/2176/1182 2641/2177/1182 2635/2171/1182 2639/2178/1182
f 2642/2179/1182 2643/2180/1182 2635/2171/1182 2641/2181/1182
f 2644/2182/1182 2645/2183/1182 2635/2171/1182 2643/2180/1182
f 2646/2184/1182 2647/2185/1182 2635/2171/1182 2645/2186/1182
f 2648/2187/1182 2649/2188/1182 2635/2171/1182 2647/2185/1182
f 2650/2189/1182 2651/2190/1182 2635/2171/1182 2649/2191/1182
f 2652/2192/1182 2653/2193/1182 2635/2171/1182 2651/2194/1182
f 2654/2195/1182 2655/2196/1182 2635/2171/1182 2653/2197/1182
f 2656/2198/1182 2657/2199/1182 2635/2171/1182 2655/2200/1182
f 2658/2201/1182 2659/2202/1182 2635/2171/1182 2657/2199/1182
f 2660/2203/1182 2661/2204/1182 2635/2171/1182 2659/2205/1182
f 2662/2206/1182 2663/2207/1182 2635/2171/1182 2661/2204/1182
f 2664/2208/1182 2665/2209/1182 2635/2171/1182 2663/2210/1182
f 2666/2211/1182 2667/2212/1182 2635/2171/1182 2665/2213/1182
f 2668/2214/1182 2669/2215/1182 2635/2171/1182 2667/2216/1182
f 2670/2217/1182 2671/2218/1182 2635/2171/1182 2669/2219/1182
f 2672/2220/1182 2673/2221/1182 2635/2171/1182 2671/2218/1182
f 2674/2222/1182 2675/2223/1182 2635/2171/1182 2673/2224/1182
f 2676/2225/1182 2677/2226/1182 2635/2171/1182 2675/2227/1182
f 2678/2228/1182 2679/2229/1182 2635/2171/1182 2677/2226/1182
f 2680/2230/1182 2681/2231/1182 2635/2171/1182 2679/2232/1182
f 2682/2233/1182 2683/2234/1182 2635/2171/1182 2681/2235/1182
f 2684/2236/1182 2685/2237/1182 2635/2171/1182 2683/2238/1182
f 2686/2239/1182 2687/2240/1182 2635/2171/1182 2685/2241/1182
f 2688/2242/1182 2689/2243/1182 2635/2171/1182 2687/2244/1182
f 2690/2245/1182 2691/2246/1182 2635/2171/1182 2689/2247/1182
f 2692/2248/1182 2693/2249/1182 2635/2171/1182 2691/2250/1182
f 2694/2251/1182 2695/2252/1182 2635/2171/1182 2693/2253/1182
f 2696/2254/1182 2697/2255/1182 2635/2171/1182 2695/2256/1182
f 2698/2257/1182 2699/2258/1182 2635/2171/1182 2697/2259/1182
f 129/2260/1182 929/2261/1182 2636/2169/1182 934/2262/1182
f 929/2261/1182 930/2263/1182 2637/2170/1182 2636/2169/1182
f 934/2262/1182 2636/2169/1182 2699/2172/1182 933/2264/1182
f 130/2265/1182 1022/2266/1182 2638/2173/1182 931/2267/1182
f 1022/2266/1182 1023/2268/1182 2639/2174/1182 2638/2173/1182
f 931/2267/1182 2638/2173/1182 2637/2175/1182 930/2269/1182
f 160/2270/1182 1019/2271/1182 2640/2176/1182 1024/2272/1182
f 1019/2271/1182 1020/2273/1182 2641/2177/1182 2640/2176/1182
f 1024/2272/1182 2640/2176/1182 2639/2178/1182 1023/2274/1182
f 159/2275/1182 1016/2276/1182 2642/2179/1182 1021/2277/1182
f 1016/2276/1182 1017/2278/1182 2643/2180/1182 2642/2179/1182
f 1021/2277/1182 2642/2179/1182 2641/2181/1182 1020/2279/1182
f 158/2280/1182 1013/2281/1182 2644/2182/1182 1018/2282/1182
f 1013/2281/1182 1014/2283/1182 2645/2183/1182 2644/2182/1182
f 1018/2282/1182 2644/2182/1182 2643/2180/1182 1017/2278/1182
f 157/2284/1182 1010/2285/1182 2646/2184/1182 1015/2286/1182
f 1010/2285/1182 1011/2287/1182 2647/2185/1182 2646/2184/1182
f 1015/2286/1182 2646/2184/1182 2645/2186/1182 1014/2288/1182
f 156/2289/1182 1007/2290/1182 2648/2187/1182 1012/2291/1182
f 1007/2290/1182 1008/2292/1182 2649/2188/1182 2648/2187/1182
f 1012/2291/1182 2648/2187/1182 2647/2185/1182 1011/2293/1182
f 155/2294/1182 1004/2295/1182 2650/2189/1182 1009/2296/1182
f 1004/2295/1182 1005/2297/1182 2651/2190/1182 2650/2189/1182
f 1009/2296/1182 2650/2189/1182 2649/2191/1182 1008/2298/1182
f 154/2299/1182 1001/2300/1182 2652/2192/1182 1006/2301/1182
f 1001/2300/1182 1002/2302/1182 2653/2193/1182 2652/2192/1182
f 1006/2301/1182 2652/2192/1182 2651/2194/1182 1005/2303/1182
f 153/2304/1182 998/2305/1182 2654/2195/1182 1003/2306/1182
f 998/2305/1182 999/2307/1182 2655/2196/1182 2654/2195/1182
f 1003/2306/1182 2654/2195/1182 2653/2197/1182 1002/2302/1182
f 152/629/1182 995/627/1182 2656/2198/1182 1000/2308/1182
f 995/627/1182 996/626/1182 2657/2199/1182 2656/2198/1182
f 1000/2308/1182 2656/2198/1182 2655/2200/1182 999/2309/1182
f 151/624/1182 992/2310/1182 2658/2201/1182 997/2311/1182
f 992/2310/1182 993/2312/1182 2659/2202/1182 2658/2201/1182
f 997/2311/1182 2658/2201/1182 2657/2199/1182 996/2313/1182
f 150/2314/1182 989/2315/1182 2660/2203/1182 994/2316/1182
f 989/2315/1182 990/2317/1182 2661/2204/1182 2660/2203/1182
f 994/2316/1182 2660/2203/1182 2659/2205/1182 993/2318/1182
f 149/2319/1182 986/2320/1182 2662/2206/1182 991/2321/1182
f 986/2320/1182 987/2322/1182 2663/2207/1182 2662/2206/1182
f 991/2321/1182 2662/2206/1182 2661/2204/1182 990/2323/1182
f 148/2324/1182 983/2325/1182 2664/2208/1182 988/2326/1182
f 983/2325/1182 984/2327/1182 2665/2209/1182 2664/2208/1182
f 988/2326/1182 2664/2208/1182 2663/2210/1182 987/2328/1182
f 147/2329/1182 980/2330/1182 2666/2211/1182 985/2331/1182
f 980/2330/1182 981/2332/1182 2667/2212/1182 2666/2211/1182
f 985/2331/1182 2666/2211/1182 2665/2213/1182 984/2333/1182
f 146/2334/1182 977/2335/1182 2668/2214/1182 982/2336/1182
f 977/2335/1182 978/2337/1182 2669/2215/1182 2668/2214/1182
f 982/2336/1182 2668/2214/1182 2667/2216/1182 981/2338/1182
f 145/2339/1182 974/2340/1182 2670/2217/1182 979/2341/1182
f 974/2340/1182 975/2342/1182 2671/2218/1182 2670/2217/1182
f 979/2341/1182 2670/2217/1182 2669/2219/1182 978/2343/1182
f 144/2344/1182 971/2345/1182 2672/2220/1182 976/2346/1182
f 971/2345/1182 972/2347/1182 2673/2221/1182 2672/2220/1182
f 976/2346/1182 2672/2220/1182 2671/2218/1182 975/2348/1182
f 143/2349/1182 968/2350/1182 2674/2222/1182 973/2351/1182
f 968/2350/1182 969/2352/1182 2675/2223/1182 2674/2222/1182
f 973/2351/1182 2674/2222/1182 2673/2224/1182 972/2353/1182
f 142/2354/1182 965/2355/1182 2676/2225/1182 970/2356/1182
f 965/2355/1182 966/2357/1182 2677/2226/1182 2676/2225/1182
f 970/2356/1182 2676/2225/1182 2675/2227/1182 969/2352/1182
f 141/2358/1182 962/2359/1182 2678/2228/1182 967/2360/1182
f 962/2359/1182 963/2361/1182 2679/2229/1182 2678/2228/1182
f 967/2360/1182 2678/2228/1182 2677/2226/1182 966/2362/1182
f 140/2363/1182 959/2364/1182 2680/2230/1182 964/2365/1182
f 959/2364/1182 960/2366/1182 2681/2231/1182 2680/2230/1182
f 964/2365/1182 2680/2230/1182 2679/2232/1182 963/2367/1182
f 139/2368/1182 956/2369/1182 2682/2233/1182 961/2370/1182
f 956/2369/1182 957/2371/1182 2683/2234/1182 2682/2233/1182
f 961/2370/1182 2682/2233/1182 2681/2235/1182 960/2372/1182
f 138/2373/1182 953/2374/1182 2684/2236/1182 958/2375/1182
f 953/2374/1182 954/2376/1182 2685/2237/1182 2684/2236/1182
f 958/2375/1182 2684/2236/1182 2683/2238/1182 957/2377/1182
f 137/2378/1182 950/2379/1182 2686/2239/1182 955/2380/1182
f 950/2379/1182 951/2381/1182 2687/2240/1182 2686/2239/1182
f 955/2380/1182 2686/2239/1182 2685/2241/1182 954/2382/1182
f 136/2383/1182 947/2384/1182 2688/2242/1182 952/2385/1182
f 947/2384/1182 948/2386/1182 2689/2243/1182 2688/2242/1182
f 952/2385/1182 2688/2242/1182 2687/2244/1182 951/2381/1182
f 135/2387/1182 944/2388/1182 2690/2245/1182 949/2389/1182
f 944/2388/1182 945/2390/1182 2691/2246/1182 2690/2245/1182
f 949/2389/1182 2690/2245/1182 2689/2247/1182 948/2391/1182
f 134/2392/1182 941/2393/1182 2692/2248/1182 946/2394/1182
f 941/2393/1182 942/2395/1182 2693/2249/1182 2692/2248/1182
f 946/2394/1182 2692/2248/1182 2691/2250/1182 945/2390/1182
f 133/2396/1182 938/2397/1182 2694/2251/1182 943/2398/1182
f 938/2397/1182 939/2399/1182 2695/2252/1182 2694/2251/1182
f 943/2398/1182 2694/2251/1182 2693/2253/1182 942/2400/1182
f 132/2401/1182 935/2402/1182 2696/2254/1182 940/2403/1182
f 935/2402/1182 936/2404/1182 2697/2255/1182 2696/2254/1182
f 940/2403/1182 2696/2254/1182 2695/2256/1182 939/2399/1182
f 131/2405/1182 932/2406/1182 2698/2257/1182 937/2407/1182
f 932/2406/1182 933/2408/1182 2699/2258/1182 2698/2257/1182
f 937/2407/1182 2698/2257/1182 2697/2259/1182 936/2409/1182
f 2700/2410/1183 2701/2411/1183 2704/2412/1183 2703/2413/1183
f 2701/2411/1184 2702/2414/1184 2705/2415/1184 2704/2412/1184
f 2703/2413/1185 2704/2412/1185 2707/2416/1185 2706/2417/1185
f 2704/2412/1186 2705/2415/1186 2708/2418/1186 2707/2416/1186
f 228/2419/1187 1693/2420/1187 2700/2410/1187 1516/2421/1187
f 1693/2420/1188 1692/2422/1188 2701/2411/1188 2700/2410/1188
f 1692/2422/1189 1691/2423/1189 2702/2414/1189 2701/2411/1189
f 1691/2423/1190 227/2424/1190 1031/2425/1190 2702/2414/1190
f 2702/2414/1191 1031/2425/1191 1032/2426/1191 2705/2415/1191
f 2705/2415/1192 1032/2426/1192 1033/2427/1192 2708/2418/1192
f 2708/2418/1193 1033/2427/1193 138/2373/1193 958/2428/1193
f 2707/2416/1194 2708/2418/1194 958/2428/1194 957/2371/1194
f 2706/2417/1195 2707/2416/1195 957/2371/1195 956/2369/1195
f 1514/2429/1196 2706/2417/1196 956/2369/1196 139/2368/1196
f 1515/2430/1197 2703/2413/1197 2706/2417/1197 1514/2429/1197
f 1516/2421/1198 2700/2410/1198 2703/2413/1198 1515/2430/1198
f 2709/2431/1199 2710/2432/1199 2713/2433/1199 2712/2434/1199
f 2710/2432/1200 2711/2435/1200 2714/2436/1200 2713/2433/1200
f 2712/2434/1201 2713/2433/1201 2716/2437/1201 2715/2438/1201
f 2713/2433/1202 2714/2436/1202 2717/2439/1202 2716/2437/1202
f 229/2440/1203 1690/2441/1203 2709/2431/1203 1519/2442/1203
f 1690/2441/1204 1689/2443/1204 2710/2432/1204 2709/2431/1204
f 1689/2443/1205 1688/2444/1205 2711/2435/1205 2710/2432/1205
f 1688/2444/1206 226/615/1206 1510/617/1206 2711/2435/1206
f 2711/2435/1207 1510/617/1207 1509/630/1207 2714/2436/1207
f 2714/2436/1208 1509/630/1208 1508/628/1208 2717/2439/1208
f 2717/2439/1209 1508/628/1209 152/629/1209 1000/2445/1209
f 2716/2437/1210 2717/2439/1210 1000/2445/1210 999/2307/1210
f 2715/2438/1211 2716/2437/1211 999/2307/1211 998/2305/1211
f 1517/2446/1212 2715/2438/1212 998/2305/1212 153/2304/1212
f 1518/2447/1213 2712/2434/1213 2715/2438/1213 1517/2446/1213
f 1519/2442/1214 2709/2431/1214 2712/2434/1214 1518/2447/1214
f 2718/2448/1215 2719/2449/1215 2722/2450/1215 2721/2451/1215
f 2719/2449/1216 2720/2452/1216 2723/2453/1216 2722/2450/1216
f 2721/2451/1217 2722/2450/1217 2725/2454/1217 2724/2455/1217
f 2722/2450/1218 2723/2453/1218 2726/2456/1218 2725/2454/1218
f 230/2457/1219 1687/2458/1219 2718/2448/1219 1522/2459/1219
f 1687/2458/1220 1686/2460/1220 2719/2449/1220 2718/2448/1220
f 1686/2460/1221 1685/2461/1221 2720/2452/1221 2719/2449/1221
f 1685/2461/1222 228/2419/1222 1516/2421/1222 2720/2452/1222
f 2720/2452/1223 1516/2421/1223 1515/2430/1223 2723/2453/1223
f 2723/2453/1224 1515/2430/1224 1514/2429/1224 2726/2456/1224
f 2726/2456/1225 1514/2429/1225 139/2368/1225 961/2462/1225
f 2725/2454/1226 2726/2456/1226 961/2462/1226 960/2366/1226
f 2724/2455/1227 2725/2454/1227 960/2366/1227 959/2364/1227
f 1520/2463/1228 2724/2455/1228 959/2364/1228 140/2363/1228
f 1521/2464/1229 2721/2451/1229 2724/2455/1229 1520/2463/1229
f 1522/2459/1230 2718/2448/1230 2721/2451/1230 1521/2464/1230
f 2727/2465/1231 2728/2466/1231 2731/2467/1231 2730/2468/1231
f 2728/2466/1232 2729/2469/1232 2732/2470/1232 2731/2467/1232
f 2730/2468/1233 2731/2467/1233 2734/2471/1233 2733/2472/1233
f 2731/2467/1234 2732/2470/1234 2735/2473/1234 2734/2471/1234
f 231/2474/1235 1684/2475/1235 2727/2465/1235 1525/2476/1235
f 1684/2475/1236 1683/2477/1236 2728/2466/1236 2727/2465/1236
f 1683/2477/1237 1682/2478/1237 2729/2469/1237 2728/2466/1237
f 1682/2478/1238 229/2440/1238 1519/2442/1238 2729/2469/1238
f 2729/2469/1239 1519/2442/1239 1518/2447/1239 2732/2470/1239
f 2732/2470/1240 1518/2447/1240 1517/2446/1240 2735/2473/1240
f 2735/2473/1241 1517/2446/1241 153/2304/1241 1003/2479/1241
f 2734/2471/1242 2735/2473/1242 1003/2479/1242 1002/2302/1242
f 2733/2472/1243 2734/2471/1243 1002/2302/1243 1001/2300/1243
f 1523/2480/1244 2733/2472/1244 1001/2300/1244 154/2299/1244
f 1524/2481/1245 2730/2468/1245 2733/2472/1245 1523/2480/1245
f 1525/2476/1246 2727/2465/1246 2730/2468/1246 1524/2481/1246
f 2736/2482/1247 2737/2483/1247 2740/2484/1247 2739/2485/1247
f 2737/2483/1248 2738/2486/1248 2741/2487/1248 2740/2484/1248
f 2739/2485/1249 2740/2484/1249 2743/2488/1249 2742/2489/1249
f 2740/2484/1250 2741/2487/1250 2744/2490/1250 2743/2488/1250
f 232/2491/1251 1681/2492/1251 2736/2482/1251 1528/2493/1251
f 1681/2492/1252 1680/2494/1252 2737/2483/1252 2736/2482/1252
f 1680/2494/1253 1679/2495/1253 2738/2486/1253 2737/2483/1253
f 1679/2495/1254 230/2457/1254 1522/2459/1254 2738/2486/1254
f 2738/2486/1255 1522/2459/1255 1521/2464/1255 2741/2487/1255
f 2741/2487/1256 1521/2464/1256 1520/2463/1256 2744/2490/1256
f 2744/2490/1257 1520/2463/1257 140/2363/1257 964/2496/1257
f 2743/2488/1258 2744/2490/1258 964/2496/1258 963/2361/1258
f 2742/2489/1259 2743/2488/1259 963/2361/1259 962/2359/1259
f 1526/2497/1260 2742/2489/1260 962/2359/1260 141/2358/1260
f 1527/2498/1261 2739/2485/1261 2742/2489/1261 1526/2497/1261
f 1528/2493/1262 2736/2482/1262 2739/2485/1262 1527/2498/1262
f 2745/2499/1263 2746/2500/1263 2749/2501/1263 2748/2502/1263
f 2746/2500/1264 2747/2503/1264 2750/2504/1264 2749/2501/1264
f 2748/2502/1265 2749/2501/1265 2752/2505/1265 2751/2506/1265
f 2749/2501/1266 2750/2504/1266 2753/2507/1266 2752/2505/1266
f 233/2508/1267 1678/2509/1267 2745/2499/1267 1531/2510/1267
f 1678/2509/1268 1677/2511/1268 2746/2500/1268 2745/2499/1268
f 1677/2511/1269 1676/2512/1269 2747/2503/1269 2746/2500/1269
f 1676/2512/1270 231/2474/1270 1525/2476/1270 2747/2503/1270
f 2747/2503/1271 1525/2476/1271 1524/2481/1271 2750/2504/1271
f 2750/2504/1272 1524/2481/1272 1523/2480/1272 2753/2507/1272
f 2753/2507/1273 1523/2480/1273 154/2299/1273 1006/2513/1273
f 2752/2505/1274 2753/2507/1274 1006/2513/1274 1005/2297/1274
f 2751/2506/1275 2752/2505/1275 1005/2297/1275 1004/2295/1275
f 1529/2514/1276 2751/2506/1276 1004/2295/1276 155/2294/1276
f 1530/2515/1277 2748/2502/1277 2751/2506/1277 1529/2514/1277
f 1531/2510/1278 2745/2499/1278 2748/2502/1278 1530/2515/1278
f 2754/2516/1279 2755/2517/1279 2758/2518/1279 2757/2519/1279
f 2755/2517/1280 2756/2520/1280 2759/2521/1280 2758/2518/1280
f 2757/2519/1281 2758/2518/1281 2761/2522/1281 2760/2523/1281
f 2758/2518/1282 2759/2521/1282 2762/2524/1282 2761/2522/1282
f 234/2525/1283 1675/2526/1283 2754/2516/1283 1534/2527/1283
f 1675/2526/1284 1674/2528/1284 2755/2517/1284 2754/2516/1284
f 1674/2528/1285 1673/2529/1285 2756/2520/1285 2755/2517/1285
f 1673/2529/1286 232/2491/1286 1528/2493/1286 2756/2520/1286
f 2756/2520/1287 1528/2493/1287 1527/2498/1287 2759/2521/1287
f 2759/2521/1288 1527/2498/1288 1526/2497/1288 2762/2524/1288
f 2762/2524/1289 1526/2497/1289 141/2358/1289 967/2530/1289
f 2761/2522/1290 2762/2524/1290 967/2530/1290 966/2357/1290
f 2760/2523/1291 2761/2522/1291 966/2357/1291 965/2355/1291
f 1532/2531/1292 2760/2523/1292 965/2355/1292 142/2354/1292
f 1533/2532/1293 2757/2519/1293 2760/2523/1293 1532/2531/1293
f 1534/2527/1294 2754/2516/1294 2757/2519/1294 1533/2532/1294
f 2763/2533/1295 2764/2534/1295 2767/2535/1295 2766/2536/1295
f 2764/2534/1296 2765/2537/1296 2768/2538/1296 2767/2535/1296
f 2766/2536/1297 2767/2535/1297 2770/2539/1297 2769/2540/1297
f 2767/2535/1298 2768/2538/1298 2771/2541/1298 2770/2539/1298
f 235/2542/1299 1672/2543/1299 2763/2533/1299 1537/2544/1299
f 1672/2543/1300 1671/2545/1300 2764/2534/1300 2763/2533/1300
f 1671/2545/1301 1670/2546/1301 2765/2537/1301 2764/2534/1301
f 1670/2546/1302 233/2508/1302 1531/2510/1302 2765/2537/1302
f 2765/2537/1303 1531/2510/1303 1530/2515/1303 2768/2538/1303
f 2768/2538/1304 1530/2515/1304 1529/2514/1304 2771/2541/1304
f 2771/2541/1305 1529/2514/1305 155/2294/1305 1009/2547/1305
f 2770/2539/1306 2771/2541/1306 1009/2547/1306 1008/2292/1306
f 2769/2540/1307 2770/2539/1307 1008/2292/1307 1007/2290/1307
f 1535/2548/1308 2769/2540/1308 1007/2290/1308 156/2289/1308
f 1536/2549/1309 2766/2536/1309 2769/2540/1309 1535/2548/1309
f 1537/2544/1310 2763/2533/1310 2766/2536/1310 1536/2549/1310
f 2772/2550/1311 2773/2551/1311 2776/2552/1311 2775/2553/1311
f 2773/2551/1312 2774/2554/1312 2777/2555/1312 2776/2552/1312
f 2775/2553/1313 2776/2552/1313 2779/2556/1313 2778/2557/1313
f 2776/2552/1314 2777/2555/1314 2780/2558/1314 2779/2556/1314
f 236/2559/1315 1669/2560/1315 2772/2550/1315 1540/2561/1315
f 1669/2560/1316 1668/2562/1316 2773/2551/1316 2772/2550/1316
f 1668/2562/1317 1667/2563/1317 2774/2554/1317 2773/2551/1317
f 1667/2563/1318 234/2525/1318 1534/2527/1318 2774/2554/1318
f 2774/2554/1319 1534/2527/1319 1533/2532/1319 2777/2555/1319
f 2777/2555/1320 1533/2532/1320 1532/2531/1320 2780/2558/1320
f 2780/2558/1321 1532/2531/1321 142/2354/1321 970/2564/1321
f 2779/2556/1322 2780/2558/1322 970/2564/1322 969/2352/1322
f 2778/2557/1323 2779/2556/1323 969/2352/1323 968/2350/1323
f 1538/2565/1324 2778/2557/1324 968/2350/1324 143/2349/1324
f 1539/2566/1325 2775/2553/1325 2778/2557/1325 1538/2565/1325
f 1540/2561/1326 2772/2550/1326 2775/2553/1326 1539/2566/1326
f 2781/2567/1327 2782/2568/1327 2785/2569/1327 2784/2570/1327
f 2782/2568/1328 2783/2571/1328 2786/2572/1328 2785/2569/1328
f 2784/2570/1329 2785/2569/1329 2788/2573/1329 2787/2574/1329
f 2785/2569/1330 2786/2572/1330 2789/2575/1330 2788/2573/1330
f 238/2576/1331 1666/2577/1331 2781/2567/1331 1546/2578/1331
f 1666/2577/1332 1665/2579/1332 2782/2568/1332 2781/2567/1332
f 1665/2579/1333 1664/2580/1333 2783/2571/1333 2782/2568/1333
f 1664/2580/1334 237/2581/1334 1061/2582/1334 2783/2571/1334
f 2783/2571/1335 1061/2582/1335 1062/2583/1335 2786/2572/1335
f 2786/2572/1336 1062/2583/1336 1063/2584/1336 2789/2575/1336
f 2789/2575/1337 1063/2584/1337 130/2265/1337 931/2267/1337
f 2788/2573/1338 2789/2575/1338 931/2267/1338 930/2263/1338
f 2787/2574/1339 2788/2573/1339 930/2263/1339 929/2261/1339
f 1544/2585/1273 2787/2574/1273 929/2261/1273 129/2260/1273
f 1545/2586/1340 2784/2570/1340 2787/2574/1340 1544/2585/1340
f 1546/2578/1341 2781/2567/1341 2784/2570/1341 1545/2586/1341
f 2790/2587/1342 2791/2588/1342 2794/2589/1342 2793/2590/1342
f 2791/2588/1343 2792/2591/1343 2795/2592/1343 2794/2589/1343
f 2793/2590/1344 2794/2589/1344 2797/2593/1344 2796/2594/1344
f 2794/2589/1345 2795/2592/1345 2798/2595/1345 2797/2593/1345
f 239/2596/1346 1663/2597/1346 2790/2587/1346 1549/2598/1346
f 1663/2597/1347 1662/2599/1347 2791/2588/1347 2790/2587/1347
f 1662/2599/1348 1661/2600/1348 2792/2591/1348 2791/2588/1348
f 1661/2600/1349 235/2542/1349 1537/2544/1349 2792/2591/1349
f 2792/2591/1350 1537/2544/1350 1536/2549/1350 2795/2592/1350
f 2795/2592/1351 1536/2549/1351 1535/2548/1351 2798/2595/1351
f 2798/2595/1352 1535/2548/1352 156/2289/1352 1012/2601/1352
f 2797/2593/1339 2798/2595/1339 1012/2601/1339 1011/2287/1339
f 2796/2594/161 2797/2593/161 1011/2287/161 1010/2285/161
f 1547/2602/1353 2796/2594/1353 1010/2285/1353 157/2284/1353
f 1548/2603/1354 2793/2590/1354 2796/2594/1354 1547/2602/1354
f 1549/2598/1355 2790/2587/1355 2793/2590/1355 1548/2603/1355
f 2799/2604/1356 2800/2605/1356 2803/2606/1356 2802/2607/1356
f 2800/2605/1357 2801/2608/1357 2804/2609/1357 2803/2606/1357
f 2802/2607/1358 2803/2606/1358 2806/2610/1358 2805/2611/1358
f 2803/2606/1359 2804/2609/1359 2807/2612/1359 2806/2610/1359
f 240/2613/1360 1660/2614/1360 2799/2604/1360 1552/2615/1360
f 1660/2614/1361 1659/2616/1361 2800/2605/1361 2799/2604/1361
f 1659/2616/1362 1658/2617/1362 2801/2608/1362 2800/2605/1362
f 1658/2617/1363 236/2559/1363 1540/2561/1363 2801/2608/1363
f 2801/2608/1364 1540/2561/1364 1539/2566/1364 2804/2609/1364
f 2804/2609/1365 1539/2566/1365 1538/2565/1365 2807/2612/1365
f 2807/2612/1366 1538/2565/1366 143/2349/1366 973/2618/1366
f 2806/2610/1367 2807/2612/1367 973/2618/1367 972/2347/1367
f 2805/2611/1194 2806/2610/1194 972/2347/1194 971/2345/1194
f 1550/2619/1368 2805/2611/1368 971/2345/1368 144/2344/1368
f 1551/2620/1369 2802/2607/1369 2805/2611/1369 1550/2619/1369
f 1552/2615/1370 2799/2604/1370 2802/2607/1370 1551/2620/1370
f 2808/2621/1371 2809/2622/1371 2812/2623/1371 2811/2624/1371
f 2809/2622/1372 2810/2625/1372 2813/2626/1372 2812/2623/1372
f 2811/2624/1373 2812/2623/1373 2815/2627/1373 2814/2628/1373
f 2812/2623/1374 2813/2626/1374 2816/2629/1374 2815/2627/1374
f 241/2630/1375 1657/2631/1375 2808/2621/1375 1555/2632/1375
f 1657/2631/1376 1656/2633/1376 2809/2622/1376 2808/2621/1376
f 1656/2633/1377 1655/2634/1377 2810/2625/1377 2809/2622/1377
f 1655/2634/1378 238/2576/1378 1546/2578/1378 2810/2625/1378
f 2810/2625/1379 1546/2578/1379 1545/2586/1379 2813/2626/1379
f 2813/2626/1380 1545/2586/1380 1544/2585/1380 2816/2629/1380
f 2816/2629/1381 1544/2585/1381 129/2260/1381 934/2262/1381
f 2815/2627/1382 2816/2629/1382 934/2262/1382 933/2408/1382
f 2814/2628/1383 2815/2627/1383 933/2408/1383 932/2406/1383
f 1553/2635/1305 2814/2628/1305 932/2406/1305 131/2405/1305
f 1554/2636/1384 2811/2624/1384 2814/2628/1384 1553/2635/1384
f 1555/2632/1385 2808/2621/1385 2811/2624/1385 1554/2636/1385
f 2817/2637/1386 2818/2638/1386 2821/2639/1386 2820/2640/1386
f 2818/2638/1387 2819/2641/1387 2822/2642/1387 2821/2639/1387
f 2820/2640/1388 2821/2639/1388 2824/2643/1388 2823/2644/1388
f 2821/2639/1389 2822/2642/1389 2825/2645/1389 2824/2643/1389
f 242/2646/1390 1654/2647/1390 2817/2637/1390 1558/2648/1390
f 1654/2647/1391 1653/2649/1391 2818/2638/1391 2817/2637/1391
f 1653/2649/1392 1652/2650/1392 2819/2641/1392 2818/2638/1392
f 1652/2650/1393 239/2596/1393 1549/2598/1393 2819/2641/1393
f 2819/2641/1394 1549/2598/1394 1548/2603/1394 2822/2642/1394
f 2822/2642/1395 1548/2603/1395 1547/2602/1395 2825/2645/1395
f 2825/2645/1396 1547/2602/1396 157/2284/1396 1015/2651/1396
f 2824/2643/1383 2825/2645/1383 1015/2651/1383 1014/2283/1383
f 2823/2644/1210 2824/2643/1210 1014/2283/1210 1013/2281/1210
f 1556/2652/1397 2823/2644/1397 1013/2281/1397 158/2280/1397
f 1557/2653/1398 2820/2640/1398 2823/2644/1398 1556/2652/1398
f 1558/2648/1399 2817/2637/1399 2820/2640/1399 1557/2653/1399
f 2826/2654/1400 2827/2655/1400 2830/2656/1400 2829/2657/1400
f 2827/2655/1401 2828/2658/1401 2831/2659/1401 2830/2656/1401
f 2829/2657/1402 2830/2656/1402 2833/2660/1402 2832/2661/1402
f 2830/2656/1403 2831/2659/1403 2834/2662/1403 2833/2660/1403
f 243/2663/1404 1651/2664/1404 2826/2654/1404 1561/2665/1404
f 1651/2664/1405 1650/2666/1405 2827/2655/1405 2826/2654/1405
f 1650/2666/1406 1649/2667/1406 2828/2658/1406 2827/2655/1406
f 1649/2667/1407 240/2613/1407 1552/2615/1407 2828/2658/1407
f 2828/2658/1408 1552/2615/1408 1551/2620/1408 2831/2659/1408
f 2831/2659/1409 1551/2620/1409 1550/2619/1409 2834/2662/1409
f 2834/2662/163 1550/2619/163 144/2344/163 976/2668/163
f 2833/2660/1410 2834/2662/1410 976/2668/1410 975/2342/1410
f 2832/2661/1226 2833/2660/1226 975/2342/1226 974/2340/1226
f 1559/2669/1411 2832/2661/1411 974/2340/1411 145/2339/1411
f 1560/2670/1412 2829/2657/1412 2832/2661/1412 1559/2669/1412
f 1561/2665/1413 2826/2654/1413 2829/2657/1413 1560/2670/1413
f 2835/2671/1414 2836/2672/1414 2839/2673/1414 2838/2674/1414
f 2836/2672/1415 2837/2675/1415 2840/2676/1415 2839/2673/1415
f 2838/2674/1416 2839/2673/1416 2842/2677/1416 2841/2678/1416
f 2839/2673/1417 2840/2676/1417 2843/2679/1417 2842/2677/1417
f 244/2680/1418 1648/2681/1418 2835/2671/1418 1564/2682/1418
f 1648/2681/1419 1647/2683/1419 2836/2672/1419 2835/2671/1419
f 1647/2683/1420 1646/2684/1420 2837/2675/1420 2836/2672/1420
f 1646/2684/1421 241/2630/1421 1555/2632/1421 2837/2675/1421
f 2837/2675/1422 1555/2632/1422 1554/2636/1422 2840/2676/1422
f 2840/2676/1423 1554/2636/1423 1553/2635/1423 2843/2679/1423
f 2843/2679/1196 1553/2635/1196 131/2405/1196 937/2407/1196
f 2842/2677/1424 2843/2679/1424 937/2407/1424 936/2404/1424
f 2841/2678/1425 2842/2677/1425 936/2404/1425 935/2402/1425
f 1562/2685/1352 2841/2678/1352 935/2402/1352 132/2401/1352
f 1563/2686/1426 2838/2674/1426 2841/2678/1426 1562/2685/1426
f 1564/2682/1427 2835/2671/1427 2838/2674/1427 1563/2686/1427
f 2844/2687/1428 2845/2688/1428 2848/2689/1428 2847/2690/1428
f 2845/2688/1429 2846/2691/1429 2849/2692/1429 2848/2689/1429
f 2847/2690/1430 2848/2689/1430 2851/2693/1430 2850/2694/1430
f 2848/2689/1431 2849/2692/1431 2852/2695/1431 2851/2693/1431
f 245/2696/1432 1645/2697/1432 2844/2687/1432 1567/2698/1432
f 1645/2697/1433 1644/2699/1433 2845/2688/1433 2844/2687/1433
f 1644/2699/1434 1643/2700/1434 2846/2691/1434 2845/2688/1434
f 1643/2700/1435 242/2646/1435 1558/2648/1435 2846/2691/1435
f 2846/2691/1436 1558/2648/1436 1557/2653/1436 2849/2692/1436
f 2849/2692/1437 1557/2653/1437 1556/2652/1437 2852/2695/1437
f 2852/2695/1438 1556/2652/1438 158/2280/1438 1018/2701/1438
f 2851/2693/1425 2852/2695/1425 1018/2701/1425 1017/2278/1425
f 2850/2694/1242 2851/2693/1242 1017/2278/1242 1016/2276/1242
f 1565/2702/160 2850/2694/160 1016/2276/160 159/2275/160
f 1566/2703/1439 2847/2690/1439 2850/2694/1439 1565/2702/1439
f 1567/2698/1440 2844/2687/1440 2847/2690/1440 1566/2703/1440
f 2853/2704/1441 2854/2705/1441 2857/2706/1441 2856/2707/1441
f 2854/2705/1442 2855/2708/1442 2858/2709/1442 2857/2706/1442
f 2856/2707/1443 2857/2706/1443 2860/2710/1443 2859/2711/1443
f 2857/2706/1444 2858/2709/1444 2861/2712/1444 2860/2710/1444
f 246/2713/1445 1642/2714/1445 2853/2704/1445 1570/2715/1445
f 1642/2714/1446 1641/2716/1446 2854/2705/1446 2853/2704/1446
f 1641/2716/1447 1640/2717/1447 2855/2708/1447 2854/2705/1447
f 1640/2717/1448 243/2663/1448 1561/2665/1448 2855/2708/1448
f 2855/2708/1449 1561/2665/1449 1560/2670/1449 2858/2709/1449
f 2858/2709/1450 1560/2670/1450 1559/2669/1450 2861/2712/1450
f 2861/2712/1212 1559/2669/1212 145/2339/1212 979/2718/1212
f 2860/2710/1451 2861/2712/1451 979/2718/1451 978/2337/1451
f 2859/2711/1258 2860/2710/1258 978/2337/1258 977/2335/1258
f 1568/2719/1193 2859/2711/1193 977/2335/1193 146/2334/1193
f 1569/2720/1452 2856/2707/1452 2859/2711/1452 1568/2719/1452
f 1570/2715/1453 2853/2704/1453 2856/2707/1453 1569/2720/1453
f 2862/2721/1454 2863/2722/1454 2866/2723/1454 2865/2724/1454
f 2863/2722/1455 2864/2725/1455 2867/2726/1455 2866/2723/1455
f 2865/2724/1456 2866/2723/1456 2869/2727/1456 2868/2728/1456
f 2866/2723/1457 2867/2726/1457 2870/2729/1457 2869/2727/1457
f 247/2730/1458 1639/2731/1458 2862/2721/1458 1573/2732/1458
f 1639/2731/1459 1638/2733/1459 2863/2722/1459 2862/2721/1459
f 1638/2733/1460 1637/2734/1460 2864/2725/1460 2863/2722/1460
f 1637/2734/1461 244/2680/1461 1564/2682/1461 2864/2725/1461
f 2864/2725/1462 1564/2682/1462 1563/2686/1462 2867/2726/1462
f 2867/2726/1463 1563/2686/1463 1562/2685/1463 2870/2729/1463
f 2870/2729/1228 1562/2685/1228 132/2401/1228 940/2735/1228
f 2869/2727/1464 2870/2729/1464 940/2735/1464 939/2399/1464
f 2868/2728/1465 2869/2727/1465 939/2399/1465 938/2397/1465
f 1571/2736/1396 2868/2728/1396 938/2397/1396 133/2396/1396
f 1572/2737/1466 2865/2724/1466 2868/2728/1466 1571/2736/1466
f 1573/2732/1467 2862/2721/1467 2865/2724/1467 1572/2737/1467
f 2871/2738/1468 2872/2739/1468 2875/2740/1468 2874/2741/1468
f 2872/2739/1469 2873/2742/1469 2876/2743/1469 2875/2740/1469
f 2874/2741/1470 2875/2740/1470 2878/2744/1470 2877/2745/1470
f 2875/2740/1471 2876/2743/1471 2879/2746/1471 2878/2744/1471
f 248/2747/1472 1636/2748/1472 2871/2738/1472 1576/2749/1472
f 1636/2748/1473 1635/2750/1473 2872/2739/1473 2871/2738/1473
f 1635/2750/1474 1634/2751/1474 2873/2742/1474 2872/2739/1474
f 1634/2751/1475 245/2696/1475 1567/2698/1475 2873/2742/1475
f 2873/2742/1476 1567/2698/1476 1566/2703/1476 2876/2743/1476
f 2876/2743/1477 1566/2703/1477 1565/2702/1477 2879/2746/1477
f 2879/2746/1478 1565/2702/1478 159/2275/1478 1021/2752/1478
f 2878/2744/1465 2879/2746/1465 1021/2752/1465 1020/2273/1465
f 2877/2745/1274 2878/2744/1274 1020/2273/1274 1019/2271/1274
f 1574/2753/1209 2877/2745/1209 1019/2271/1209 160/2270/1209
f 1575/2754/1479 2874/2741/1479 2877/2745/1479 1574/2753/1479
f 1576/2749/1480 2871/2738/1480 2874/2741/1480 1575/2754/1480
f 2880/2755/1481 2881/2756/1481 2884/2757/1481 2883/2758/1481
f 2881/2756/1482 2882/2759/1482 2885/2760/1482 2884/2757/1482
f 2883/2758/1483 2884/2757/1483 2887/2761/1483 2886/2762/1483
f 2884/2757/1484 2885/2760/1484 2888/2763/1484 2887/2761/1484
f 249/2764/1485 1633/2765/1485 2880/2755/1485 1579/2766/1485
f 1633/2765/1486 1632/2767/1486 2881/2756/1486 2880/2755/1486
f 1632/2767/1487 1631/2768/1487 2882/2759/1487 2881/2756/1487
f 1631/2768/1488 246/2713/1488 1570/2715/1488 2882/2759/1488
f 2882/2759/1489 1570/2715/1489 1569/2720/1489 2885/2760/1489
f 2885/2760/1490 1569/2720/1490 1568/2719/1490 2888/2763/1490
f 2888/2763/1244 1568/2719/1244 146/2334/1244 982/2769/1244
f 2887/2761/162 2888/2763/162 982/2769/162 981/2332/162
f 2886/2762/1290 2887/2761/1290 981/2332/1290 980/2330/1290
f 1577/2770/1225 2886/2762/1225 980/2330/1225 147/2329/1225
f 1578/2771/1491 2883/2758/1491 2886/2762/1491 1577/2770/1491
f 1579/2766/1492 2880/2755/1492 2883/2758/1492 1578/2771/1492
f 2889/2772/1493 2890/2773/1493 2893/2774/1493 2892/2775/1493
f 2890/2773/1494 2891/2776/1494 2894/2777/1494 2893/2774/1494
f 2892/2775/1495 2893/2774/1495 2896/2778/1495 2895/2779/1495
f 2893/2774/1496 2894/2777/1496 2897/2780/1496 2896/2778/1496
f 250/2781/1497 1630/2782/1497 2889/2772/1497 1582/2783/1497
f 1630/2782/1498 1629/2784/1498 2890/2773/1498 2889/2772/1498
f 1629/2784/1499 1628/2785/1499 2891/2776/1499 2890/2773/1499
f 1628/2785/1500 247/2730/1500 1573/2732/1500 2891/2776/1500
f 2891/2776/1501 1573/2732/1501 1572/2737/1501 2894/2777/1501
f 2894/2777/1502 1572/2737/1502 1571/2736/1502 2897/2780/1502
f 2897/2780/1260 1571/2736/1260 133/2396/1260 943/2786/1260
f 2896/2778/1195 2897/2780/1195 943/2786/1195 942/2395/1195
f 2895/2779/1503 2896/2778/1503 942/2395/1503 941/2393/1503
f 1580/2787/1438 2895/2779/1438 941/2393/1438 134/2392/1438
f 1581/2788/1504 2892/2775/1504 2895/2779/1504 1580/2787/1504
f 1582/2783/1505 2889/2772/1505 2892/2775/1505 1581/2788/1505
f 2898/2789/1506 2899/2790/1506 2902/2791/1506 2901/2792/1506
f 2899/2790/1507 2900/2793/1507 2903/2794/1507 2902/2791/1507
f 2901/2792/1508 2902/2791/1508 2905/2795/1508 2904/2796/1508
f 2902/2791/1509 2903/2794/1509 2906/2797/1509 2905/2795/1509
f 237/2581/1510 1627/2798/1510 2898/2789/1510 1061/2582/1510
f 1627/2798/1511 1626/2799/1511 2899/2790/1511 2898/2789/1511
f 1626/2799/1512 1625/2800/1512 2900/2793/1512 2899/2790/1512
f 1625/2800/1513 248/2747/1513 1576/2749/1513 2900/2793/1513
f 2900/2793/1514 1576/2749/1514 1575/2754/1514 2903/2794/1514
f 2903/2794/1515 1575/2754/1515 1574/2753/1515 2906/2797/1515
f 2906/2797/1516 1574/2753/1516 160/2270/1516 1024/2272/1516
f 2905/2795/1503 2906/2797/1503 1024/2272/1503 1023/2268/1503
f 2904/2796/1306 2905/2795/1306 1023/2268/1306 1022/2266/1306
f 1063/2584/1241 2904/2796/1241 1022/2266/1241 130/2265/1241
f 1062/2583/1517 2901/2792/1517 2904/2796/1517 1063/2584/1517
f 1061/2582/1518 2898/2789/1518 2901/2792/1518 1062/2583/1518
f 2907/2801/1519 2908/2802/1519 2911/2803/1519 2910/2804/1519
f 2908/2802/1520 2909/2805/1520 2912/2806/1520 2911/2803/1520
f 2910/2804/1521 2911/2803/1521 2914/2807/1521 2913/2808/1521
f 2911/2803/1522 2912/2806/1522 2915/2809/1522 2914/2807/1522
f 251/2810/1523 1624/2811/1523 2907/2801/1523 1585/2812/1523
f 1624/2811/1524 1623/2813/1524 2908/2802/1524 2907/2801/1524
f 1623/2813/1525 1622/2814/1525 2909/2805/1525 2908/2802/1525
f 1622/2814/1526 249/2764/1526 1579/2766/1526 2909/2805/1526
f 2909/2805/1527 1579/2766/1527 1578/2771/1527 2912/2806/1527
f 2912/2806/1528 1578/2771/1528 1577/2770/1528 2915/2809/1528
f 2915/2809/1276 1577/2770/1276 147/2329/1276 985/2815/1276
f 2914/2807/1211 2915/2809/1211 985/2815/1211 984/2327/1211
f 2913/2808/1322 2914/2807/1322 984/2327/1322 983/2325/1322
f 1583/2816/1257 2913/2808/1257 983/2325/1257 148/2324/1257
f 1584/2817/1529 2910/2804/1529 2913/2808/1529 1583/2816/1529
f 1585/2812/1530 2907/2801/1530 2910/2804/1530 1584/2817/1530
f 2916/2818/1531 2917/2819/1531 2920/2820/1531 2919/2821/1531
f 2917/2819/1532 2918/2822/1532 2921/2823/1532 2920/2820/1532
f 2919/2821/1533 2920/2820/1533 2923/2824/1533 2922/2825/1533
f 2920/2820/1534 2921/2823/1534 2924/2826/1534 2923/2824/1534
f 252/2827/1535 1621/2828/1535 2916/2818/1535 1588/2829/1535
f 1621/2828/1536 1620/2830/1536 2917/2819/1536 2916/2818/1536
f 1620/2830/1537 1619/2831/1537 2918/2822/1537 2917/2819/1537
f 1619/2831/1538 250/2781/1538 1582/2783/1538 2918/2822/1538
f 2918/2822/1539 1582/2783/1539 1581/2788/1539 2921/2823/1539
f 2921/2823/1540 1581/2788/1540 1580/2787/1540 2924/2826/1540
f 2924/2826/1292 1580/2787/1292 134/2392/1292 946/2832/1292
f 2923/2824/1227 2924/2826/1227 946/2832/1227 945/2390/1227
f 2922/2825/1338 2923/2824/1338 945/2390/1338 944/2388/1338
f 1586/2833/1478 2922/2825/1478 944/2388/1478 135/2387/1478
f 1587/2834/1541 2919/2821/1541 2922/2825/1541 1586/2833/1541
f 1588/2829/1542 2916/2818/1542 2919/2821/1542 1587/2834/1542
f 2925/2835/1543 2926/2836/1543 2929/2837/1543 2928/2838/1543
f 2926/2836/1544 2927/2839/1544 2930/2840/1544 2929/2837/1544
f 2928/2838/1545 2929/2837/1545 2932/2841/1545 2931/2842/1545
f 2929/2837/1546 2930/2840/1546 2933/2843/1546 2932/2841/1546
f 253/2844/1547 1618/2845/1547 2925/2835/1547 1591/2846/1547
f 1618/2845/1548 1617/2847/1548 2926/2836/1548 2925/2835/1548
f 1617/2847/1549 1616/2848/1549 2927/2839/1549 2926/2836/1549
f 1616/2848/1550 251/2810/1550 1585/2812/1550 2927/2839/1550
f 2927/2839/1551 1585/2812/1551 1584/2817/1551 2930/2840/1551
f 2930/2840/1552 1584/2817/1552 1583/2816/1552 2933/2843/1552
f 2933/2843/1308 1583/2816/1308 148/2324/1308 988/2849/1308
f 2932/2841/1243 2933/2843/1243 988/2849/1243 987/2322/1243
f 2931/2842/1367 2932/2841/1367 987/2322/1367 986/2320/1367
f 1589/2850/1289 2931/2842/1289 986/2320/1289 149/2319/1289
f 1590/2851/1553 2928/2838/1553 2931/2842/1553 1589/2850/1553
f 1591/2846/1554 2925/2835/1554 2928/2838/1554 1590/2851/1554
f 2934/2852/1555 2935/2853/1555 2938/2854/1555 2937/2855/1555
f 2935/2853/1556 2936/2856/1556 2939/2857/1556 2938/2854/1556
f 2937/2855/1557 2938/2854/1557 2941/2858/1557 2940/2859/1557
f 2938/2854/1558 2939/2857/1558 2942/2860/1558 2941/2858/1558
f 254/2861/1559 1615/2862/1559 2934/2852/1559 1594/2863/1559
f 1615/2862/1560 1614/2864/1560 2935/2853/1560 2934/2852/1560
f 1614/2864/1561 1613/2865/1561 2936/2856/1561 2935/2853/1561
f 1613/2865/1562 252/2827/1562 1588/2829/1562 2936/2856/1562
f 2936/2856/1563 1588/2829/1563 1587/2834/1563 2939/2857/1563
f 2939/2857/1564 1587/2834/1564 1586/2833/1564 2942/2860/1564
f 2942/2860/1324 1586/2833/1324 135/2387/1324 949/2389/1324
f 2941/2858/1259 2942/2860/1259 949/2389/1259 948/2386/1259
f 2940/2859/1382 2941/2858/1382 948/2386/1382 947/2384/1382
f 1592/2866/1516 2940/2859/1516 947/2384/1516 136/2383/1516
f 1593/2867/1565 2937/2855/1565 2940/2859/1565 1592/2866/1565
f 1594/2863/1566 2934/2852/1566 2937/2855/1566 1593/2867/1566
f 2943/2868/1567 2944/2869/1567 2947/2870/1567 2946/2871/1567
f 2944/2869/1568 2945/2872/1568 2948/2873/1568 2947/2870/1568
f 2946/2871/1569 2947/2870/1569 2950/2874/1569 2949/2875/1569
f 2947/2870/1570 2948/2873/1570 2951/2876/1570 2950/2874/1570
f 255/2877/1571 1612/2878/1571 2943/2868/1571 1597/2879/1571
f 1612/2878/1572 1611/2880/1572 2944/2869/1572 2943/2868/1572
f 1611/2880/1573 1610/2881/1573 2945/2872/1573 2944/2869/1573
f 1610/2881/1574 253/2844/1574 1591/2846/1574 2945/2872/1574
f 2945/2872/1575 1591/2846/1575 1590/2851/1575 2948/2873/1575
f 2948/2873/1576 1590/2851/1576 1589/2850/1576 2951/2876/1576
f 2951/2876/1353 1589/2850/1353 149/2319/1353 991/2321/1353
f 2950/2874/1275 2951/2876/1275 991/2321/1275 990/2317/1275
f 2949/2875/1410 2950/2874/1410 990/2317/1410 989/2315/1410
f 1595/2882/1321 2949/2875/1321 989/2315/1321 150/2314/1321
f 1596/2883/1577 2946/2871/1577 2949/2875/1577 1595/2882/1577
f 1597/2879/1578 2943/2868/1578 2946/2871/1578 1596/2883/1578
f 2952/2884/1579 2953/2885/1579 2956/2886/1579 2955/2887/1579
f 2953/2885/1580 2954/2888/1580 2957/2889/1580 2956/2886/1580
f 2955/2887/1581 2956/2886/1581 2959/2890/1581 2958/2891/1581
f 2956/2886/1582 2957/2889/1582 2960/2892/1582 2959/2890/1582
f 256/2893/1583 1609/2894/1583 2952/2884/1583 1600/2895/1583
f 1609/2894/1584 1608/2896/1584 2953/2885/1584 2952/2884/1584
f 1608/2896/1585 1607/2897/1585 2954/2888/1585 2953/2885/1585
f 1607/2897/1586 254/2861/1586 1594/2863/1586 2954/2888/1586
f 2954/2888/1587 1594/2863/1587 1593/2867/1587 2957/2889/1587
f 2957/2889/1588 1593/2867/1588 1592/2866/1588 2960/2892/1588
f 2960/2892/1368 1592/2866/1368 136/2383/1368 952/2898/1368
f 2959/2890/1291 2960/2892/1291 952/2898/1291 951/2381/1291
f 2958/2891/1424 2959/2890/1424 951/2381/1424 950/2379/1424
f 1598/2899/1337 2958/2891/1337 950/2379/1337 137/2378/1337
f 1599/2900/1589 2955/2887/1589 2958/2891/1589 1598/2899/1589
f 1600/2895/1590 2952/2884/1590 2955/2887/1590 1599/2900/1590
f 2961/2901/1591 2962/2902/1591 2965/2903/1591 2964/2904/1591
f 2962/2902/1592 2963/2905/1592 2966/2906/1592 2965/2903/1592
f 2964/2904/1593 2965/2903/1593 2968/2907/1593 2967/2908/1593
f 2965/2903/1594 2966/2906/1594 2969/2909/1594 2968/2907/1594
f 225/620/1595 1606/2910/1595 2961/2901/1595 1025/621/1595
f 1606/2910/1596 1605/2911/1596 2962/2902/1596 2961/2901/1596
f 1605/2911/1597 1604/2912/1597 2963/2905/1597 2962/2902/1597
f 1604/2912/1598 255/2877/1598 1597/2879/1598 2963/2905/1598
f 2963/2905/1599 1597/2879/1599 1596/2883/1599 2966/2906/1599
f 2966/2906/1600 1596/2883/1600 1595/2882/1600 2969/2909/1600
f 2969/2909/1397 1595/2882/1397 150/2314/1397 994/2913/1397
f 2968/2907/1307 2969/2909/1307 994/2913/1307 993/2312/1307
f 2967/2908/1451 2968/2907/1451 993/2312/1451 992/2310/1451
f 1027/623/1366 2967/2908/1366 992/2310/1366 151/624/1366
f 1026/622/1601 2964/2904/1601 2967/2908/1601 1027/623/1601
f 1025/621/1602 2961/2901/1602 2964/2904/1602 1026/622/1602
f 2970/2914/1603 2971/2915/1603 2974/2916/1603 2973/2917/1603
f 2971/2915/1604 2972/2918/1604 2975/2919/1604 2974/2916/1604
f 2973/2917/1605 2974/2916/1605 2977/2920/1605 2976/2921/1605
f 2974/2916/1606 2975/2919/1606 2978/2922/1606 2977/2920/1606
f 227/2424/1607 1603/2923/1607 2970/2914/1607 1031/2425/1607
f 1603/2923/1608 1602/2924/1608 2971/2915/1608 2970/2914/1608
f 1602/2924/1609 1601/2925/1609 2972/2918/1609 2971/2915/1609
f 1601/2925/1610 256/2893/1610 1600/2895/1610 2972/2918/1610
f 2972/2918/1611 1600/2895/1611 1599/2900/1611 2975/2919/1611
f 2975/2919/1612 1599/2900/1612 1598/2899/1612 2978/2922/1612
f 2978/2922/1411 1598/2899/1411 137/2378/1411 955/2926/1411
f 2977/2920/1323 2978/2922/1323 955/2926/1323 954/2376/1323
f 2976/2921/1464 2977/2920/1464 954/2376/1464 953/2374/1464
f 1033/2427/1381 2976/2921/1381 953/2374/1381 138/2373/1381
f 1032/2426/1613 2973/2917/1613 2976/2921/1613 1033/2427/1613
f 1031/2425/1614 2970/2914/1614 2973/2917/1614 1032/2426/1614
f 2979/2927/171 2980/2928/171 2983/2929/171 2982/2930/171
f 2980/2928/171 2981/2931/171 2984/2932/171 2983/2929/171
f 2982/2930/172 2983/2929/172 2986/2933/172 2985/2934/172
f 2983/2929/172 2984/2932/172 2987/2935/172 2986/2933/172
f 223/2936/173 1405/2937/173 2979/2927/173 1502/2938/173
f 1405/2937/173 1404/2939/173 2980/2928/173 2979/2927/173
f 1404/2939/173 1403/2940/173 2981/2931/173 2980/2928/173
f 1403/2940/173 192/649/173 1217/660/173 2981/2931/173
f 2981/2931/171 1217/660/171 1218/670/171 2984/2932/171
f 2984/2932/172 1218/670/172 1219/668/172 2987/2935/172
f 2987/2935/176 1219/668/176 161/669/176 1123/2941/176
f 2986/2933/176 2987/2935/176 1123/2941/176 1122/2942/176
f 2985/2934/176 2986/2933/176 1122/2942/176 1121/2943/176
f 1504/2944/176 2985/2934/176 1121/2943/176 224/2945/176
f 1503/2946/172 2982/2930/172 2985/2934/172 1504/2944/172
f 1502/2938/171 2979/2927/171 2982/2930/171 1503/2946/171
f 2988/2947/166 2989/2948/166 2992/2949/166 2991/2950/166
f 2989/2948/166 2990/2951/166 2993/2952/166 2992/2949/166
f 2991/2950/167 2992/2949/167 2995/2953/167 2994/2954/167
f 2992/2949/167 2993/2952/167 2996/2955/167 2995/2953/167
f 222/2956/168 1402/2957/168 2988/2947/168 1499/2958/168
f 1402/2957/168 1401/2959/168 2989/2948/168 2988/2947/168
f 1401/2959/168 1400/2960/168 2990/2951/168 2989/2948/168
f 1400/2960/168 191/2961/168 1220/2962/168 2990/2951/168
f 2990/2951/166 1220/2962/166 1221/2963/166 2993/2952/166
f 2993/2952/167 1221/2963/167 1222/2964/167 2996/2955/167
f 2996/2955/170 1222/2964/170 192/649/170 1403/2965/170
f 2995/2953/170 2996/2955/170 1403/2965/170 1404/2966/170
f 2994/2954/170 2995/2953/170 1404/2966/170 1405/2967/170
f 1501/2968/170 2994/2954/170 1405/2967/170 223/2969/170
f 1500/2970/167 2991/2950/167 2994/2954/167 1501/2968/167
f 1499/2958/166 2988/2947/166 2991/2950/166 1500/2970/166
f 2997/2971/144 2998/2972/144 3001/2973/144 3000/2974/144
f 2998/2972/144 2999/2975/144 3002/2976/144 3001/2973/144
f 3000/2974/145 3001/2973/145 3004/2977/145 3003/2978/145
f 3001/2973/145 3002/2976/145 3005/2979/145 3004/2977/145
f 221/2980/146 1399/2981/146 2997/2971/146 1496/2982/146
f 1399/2981/146 1398/2983/146 2998/2972/146 2997/2971/146
f 1398/2983/146 1397/2984/146 2999/2975/146 2998/2972/146
f 1397/2984/146 190/584/146 1223/2985/146 2999/2975/146
f 2999/2975/144 1223/2985/144 1224/2986/144 3002/2976/144
f 3002/2976/145 1224/2986/145 1225/2987/145 3005/2979/145
f 3005/2979/149 1225/2987/149 191/2961/149 1400/2960/149
f 3004/2977/149 3005/2979/149 1400/2960/149 1401/2959/149
f 3003/2978/149 3004/2977/149 1401/2959/149 1402/2957/149
f 1498/2988/149 3003/2978/149 1402/2957/149 222/2956/149
f 1497/2989/145 3000/2974/145 3003/2978/145 1498/2988/145
f 1496/2982/144 2997/2971/144 3000/2974/144 1497/2989/144
f 3006/2990/140 3007/2991/140 3010/2992/140 3009/2993/140
f 3007/2991/140 3008/2994/140 3011/2995/140 3010/2992/140
f 3009/2993/141 3010/2992/141 3013/2996/141 3012/2997/141
f 3010/2992/141 3011/2995/141 3014/2998/141 3013/2996/141
f 220/2999/142 1396/3000/142 3006/2990/142 1493/3001/142
f 1396/3000/142 1395/3002/142 3007/2991/142 3006/2990/142
f 1395/3002/142 1394/3003/142 3008/2994/142 3007/2991/142
f 1394/3003/142 189/3004/142 1226/3005/142 3008/2994/142
f 3008/2994/140 1226/3005/140 1227/3006/140 3011/2995/140
f 3011/2995/141 1227/3006/141 1228/3007/141 3014/2998/141
f 3014/2998/143 1228/3007/143 190/584/143 1397/2984/143
f 3013/2996/143 3014/2998/143 1397/2984/143 1398/2983/143
f 3012/2997/143 3013/2996/143 1398/2983/143 1399/2981/143
f 1495/3008/143 3012/2997/143 1399/2981/143 221/2980/143
f 1494/3009/141 3009/2993/141 3012/2997/141 1495/3008/141
f 1493/3001/140 3006/2990/140 3009/2993/140 1494/3009/140
f 3015/3010/135 3016/3011/135 3019/3012/135 3018/3013/135
f 3016/3011/135 3017/3014/135 3020/3015/135 3019/3012/135
f 3018/3013/136 3019/3012/136 3022/3016/136 3021/3017/136
f 3019/3012/136 3020/3015/136 3023/3018/136 3022/3016/136
f 219/3019/137 1393/3020/137 3015/3010/137 1490/3021/137
f 1393/3020/137 1392/3022/137 3016/3011/137 3015/3010/137
f 1392/3022/137 1391/3023/137 3017/3014/137 3016/3011/137
f 1391/3023/137 188/3024/137 1229/3025/137 3017/3014/137
f 3017/3014/135 1229/3025/135 1230/3026/135 3020/3015/135
f 3020/3015/136 1230/3026/136 1231/3027/136 3023/3018/136
f 3023/3018/139 1231/3027/139 189/3004/139 1394/3003/139
f 3022/3016/139 3023/3018/139 1394/3003/139 1395/3002/139
f 3021/3017/139 3022/3016/139 1395/3002/139 1396/3000/139
f 1492/3028/139 3021/3017/139 1396/3000/139 220/2999/139
f 1491/3029/136 3018/3013/136 3021/3017/136 1492/3028/136
f 1490/3021/135 3015/3010/135 3018/3013/135 1491/3029/135
f 3024/3030/131 3025/3031/131 3028/3032/131 3027/3033/131
f 3025/3031/131 3026/3034/131 3029/3035/131 3028/3032/131
f 3027/3033/132 3028/3032/132 3031/3036/132 3030/3037/132
f 3028/3032/132 3029/3035/132 3032/3038/132 3031/3036/132
f 218/3039/133 1390/3040/133 3024/3030/133 1487/3041/133
f 1390/3040/133 1389/3042/133 3025/3031/133 3024/3030/133
f 1389/3042/133 1388/3043/133 3026/3034/133 3025/3031/133
f 1388/3043/133 187/3044/133 1232/3045/133 3026/3034/133
f 3026/3034/131 1232/3045/131 1233/3046/131 3029/3035/131
f 3029/3035/132 1233/3046/132 1234/3047/132 3032/3038/132
f 3032/3038/134 1234/3047/134 188/3024/134 1391/3023/134
f 3031/3036/134 3032/3038/134 1391/3023/134 1392/3022/134
f 3030/3037/134 3031/3036/134 1392/3022/134 1393/3020/134
f 1489/3048/134 3030/3037/134 1393/3020/134 219/3019/134
f 1488/3049/132 3027/3033/132 3030/3037/132 1489/3048/132
f 1487/3041/131 3024/3030/131 3027/3033/131 1488/3049/131
f 3033/3050/126 3034/3051/126 3037/3052/126 3036/3053/126
f 3034/3051/126 3035/3054/126 3038/3055/126 3037/3052/126
f 3036/3053/129 3037/3052/129 3040/3056/129 3039/3057/129
f 3037/3052/129 3038/3055/129 3041/3058/129 3040/3056/129
f 217/3059/128 1387/3060/128 3033/3050/128 1484/3061/128
f 1387/3060/128 1386/3062/128 3034/3051/128 3033/3050/128
f 1386/3062/128 1385/3063/128 3035/3054/128 3034/3051/128
f 1385/3063/128 186/3064/128 1235/3065/128 3035/3054/128
f 3035/3054/126 1235/3065/126 1236/3066/126 3038/3055/126
f 3038/3055/127 1236/3066/127 1237/3067/127 3041/3058/127
f 3041/3058/130 1237/3067/130 187/3044/130 1388/3043/130
f 3040/3056/130 3041/3058/130 1388/3043/130 1389/3042/130
f 3039/3057/1615 3040/3056/1615 1389/3042/1615 1390/3040/1615
f 1486/3068/130 3039/3057/130 1390/3040/130 218/3039/130
f 1485/3069/127 3036/3053/127 3039/3057/127 1486/3068/127
f 1484/3061/126 3033/3050/126 3036/3053/126 1485/3069/126
f 3042/3070/122 3043/3071/122 3046/3072/122 3045/3073/122
f 3043/3071/122 3044/3074/122 3047/3075/122 3046/3072/122
f 3045/3073/123 3046/3072/123 3049/3076/123 3048/3077/123
f 3046/3072/123 3047/3075/123 3050/3078/123 3049/3076/123
f 216/3079/124 1384/3080/124 3042/3070/124 1481/3081/124
f 1384/3080/124 1383/3082/124 3043/3071/124 3042/3070/124
f 1383/3082/124 1382/3083/124 3044/3074/124 3043/3071/124
f 1382/3083/124 185/3084/124 1238/3085/124 3044/3074/124
f 3044/3074/122 1238/3085/122 1239/3086/122 3047/3075/122
f 3047/3075/123 1239/3086/123 1240/3087/123 3050/3078/123
f 3050/3078/125 1240/3087/125 186/3064/125 1385/3063/125
f 3049/3076/125 3050/3078/125 1385/3063/125 1386/3062/125
f 3048/3077/125 3049/3076/125 1386/3062/125 1387/3060/125
f 1483/3088/125 3048/3077/125 1387/3060/125 217/3059/125
f 1482/3089/123 3045/3073/123 3048/3077/123 1483/3088/123
f 1481/3081/122 3042/3070/122 3045/3073/122 1482/3089/122
f 3051/3090/118 3052/3091/118 3055/3092/118 3054/3093/118
f 3052/3091/118 3053/3094/118 3056/3095/118 3055/3092/118
f 3054/3093/119 3055/3092/119 3058/3096/119 3057/3097/119
f 3055/3092/119 3056/3095/119 3059/3098/119 3058/3096/119
f 215/3099/120 1381/3100/120 3051/3090/120 1478/3101/120
f 1381/3100/120 1380/3102/120 3052/3091/120 3051/3090/120
f 1380/3102/120 1379/3103/120 3053/3094/120 3052/3091/120
f 1379/3103/120 184/464/120 1241/3104/120 3053/3094/120
f 3053/3094/118 1241/3104/118 1242/3105/118 3056/3095/118
f 3056/3095/119 1242/3105/119 1243/3106/119 3059/3098/119
f 3059/3098/121 1243/3106/121 185/3084/121 1382/3083/121
f 3058/3096/121 3059/3098/121 1382/3083/121 1383/3082/121
f 3057/3097/121 3058/3096/121 1383/3082/121 1384/3080/121
f 1480/3107/121 3057/3097/121 1384/3080/121 216/3079/121
f 1479/3108/119 3054/3093/119 3057/3097/119 1480/3107/119
f 1478/3101/118 3051/3090/118 3054/3093/118 1479/3108/118
f 3060/3109/1616 3061/3110/1616 3064/3111/1616 3063/3112/1616
f 3061/3110/114 3062/3113/114 3065/3114/114 3064/3111/114
f 3063/3112/115 3064/3111/115 3067/3115/115 3066/3116/115
f 3064/3111/115 3065/3114/115 3068/3117/115 3067/3115/115
f 214/3118/116 1378/3119/116 3060/3109/116 1475/3120/116
f 1378/3119/116 1377/3121/116 3061/3110/116 3060/3109/116
f 1377/3121/116 1376/3122/116 3062/3113/116 3061/3110/116
f 1376/3122/116 183/3123/116 1244/3124/116 3062/3113/116
f 3062/3113/114 1244/3124/114 1245/3125/114 3065/3114/114
f 3065/3114/115 1245/3125/115 1246/3126/115 3068/3117/115
f 3068/3117/117 1246/3126/117 184/464/117 1379/3103/117
f 3067/3115/117 3068/3117/117 1379/3103/117 1380/3102/117
f 3066/3116/117 3067/3115/117 1380/3102/117 1381/3100/117
f 1477/3127/117 3066/3116/117 1381/3100/117 215/3099/117
f 1476/3128/115 3063/3112/115 3066/3116/115 1477/3127/115
f 1475/3120/114 3060/3109/114 3063/3112/114 1476/3128/114
f 3069/3129/109 3070/3130/109 3073/3131/109 3072/3132/109
f 3070/3130/109 3071/3133/109 3074/3134/109 3073/3131/109
f 3072/3132/110 3073/3131/110 3076/3135/110 3075/3136/110
f 3073/3131/110 3074/3134/110 3077/3137/110 3076/3135/110
f 213/3138/111 1375/3139/111 3069/3129/111 1472/3140/111
f 1375/3139/111 1374/3141/111 3070/3130/111 3069/3129/111
f 1374/3141/111 1373/3142/111 3071/3133/111 3070/3130/111
f 1373/3142/111 182/3143/111 1247/3144/111 3071/3133/111
f 3071/3133/109 1247/3144/109 1248/3145/109 3074/3134/109
f 3074/3134/110 1248/3145/110 1249/3146/110 3077/3137/110
f 3077/3137/113 1249/3146/113 183/3123/113 1376/3122/113
f 3076/3135/113 3077/3137/113 1376/3122/113 1377/3121/113
f 3075/3136/113 3076/3135/113 1377/3121/113 1378/3119/113
f 1474/3147/113 3075/3136/113 1378/3119/113 214/3118/113
f 1473/3148/110 3072/3132/110 3075/3136/110 1474/3147/110
f 1472/3140/109 3069/3129/109 3072/3132/109 1473/3148/109
f 3078/3149/104 3079/3150/104 3082/3151/104 3081/3152/104
f 3079/3150/104 3080/3153/104 3083/3154/104 3082/3151/104
f 3081/3152/105 3082/3151/105 3085/3155/105 3084/3156/105
f 3082/3151/105 3083/3154/105 3086/3157/105 3085/3155/105
f 212/3158/106 1372/3159/106 3078/3149/106 1469/3160/106
f 1372/3159/106 1371/3161/106 3079/3150/106 3078/3149/106
f 1371/3161/106 1370/3162/106 3080/3153/106 3079/3150/106
f 1370/3162/106 181/404/106 1250/3163/106 3080/3153/106
f 3080/3153/104 1250/3163/104 1251/3164/104 3083/3154/104
f 3083/3154/105 1251/3164/105 1252/3165/105 3086/3157/105
f 3086/3157/108 1252/3165/108 182/3143/108 1373/3142/108
f 3085/3155/108 3086/3157/108 1373/3142/108 1374/3141/108
f 3084/3156/108 3085/3155/108 1374/3141/108 1375/3139/108
f 1471/3166/108 3084/3156/108 1375/3139/108 213/3138/108
f 1470/3167/105 3081/3152/105 3084/3156/105 1471/3166/105
f 1469/3160/104 3078/3149/104 3081/3152/104 1470/3167/104
f 3087/3168/98 3088/3169/98 3091/3170/98 3090/3171/98
f 3088/3169/98 3089/3172/98 3092/3173/98 3091/3170/98
f 3090/3171/99 3091/3170/99 3094/3174/99 3093/3175/99
f 3091/3170/99 3092/3173/99 3095/3176/99 3094/3174/99
f 211/3177/100 1369/3178/100 3087/3168/100 1466/3179/100
f 1369/3178/100 1368/3180/100 3088/3169/100 3087/3168/100
f 1368/3180/100 1367/3181/100 3089/3172/100 3088/3169/100
f 1367/3181/100 180/3182/100 1253/3183/100 3089/3172/100
f 3089/3172/98 1253/3183/98 1254/405/98 3092/3173/98
f 3092/3173/99 1254/405/99 1255/3184/99 3095/3176/99
f 3095/3176/103 1255/3184/103 181/404/103 1370/3162/103
f 3094/3174/103 3095/3176/103 1370/3162/103 1371/3161/103
f 3093/3175/103 3094/3174/103 1371/3161/103 1372/3159/103
f 1468/3185/103 3093/3175/103 1372/3159/103 212/3158/103
f 1467/3186/99 3090/3171/99 3093/3175/99 1468/3185/99
f 1466/3179/98 3087/3168/98 3090/3171/98 1467/3186/98
f 3096/3187/92 3097/3188/92 3100/3189/92 3099/3190/92
f 3097/3188/92 3098/3191/92 3101/3192/92 3100/3189/92
f 3099/3190/93 3100/3189/93 3103/3193/93 3102/3194/93
f 3100/3189/93 3101/3192/93 3104/3195/93 3103/3193/93
f 210/3196/94 1366/3197/94 3096/3187/94 1463/3198/94
f 1366/3197/94 1365/3199/94 3097/3188/94 3096/3187/94
f 1365/3199/94 1364/3200/94 3098/3191/94 3097/3188/94
f 1364/3200/94 179/3201/94 1256/3202/94 3098/3191/94
f 3098/3191/92 1256/3202/92 1257/3203/92 3101/3192/92
f 3101/3192/93 1257/3203/93 1258/3204/93 3104/3195/93
f 3104/3195/97 1258/3204/97 180/3182/97 1367/3181/97
f 3103/3193/97 3104/3195/97 1367/3181/97 1368/3180/97
f 3102/3194/97 3103/3193/97 1368/3180/97 1369/3178/97
f 1465/3205/97 3102/3194/97 1369/3178/97 211/3177/97
f 1464/3206/93 3099/3190/93 3102/3194/93 1465/3205/93
f 1463/3198/92 3096/3187/92 3099/3190/92 1464/3206/92
f 3105/3207/86 3106/3208/86 3109/3209/86 3108/3210/86
f 3106/3208/86 3107/3211/86 3110/3212/86 3109/3209/86
f 3108/3210/87 3109/3209/87 3112/3213/87 3111/3214/87
f 3109/3209/87 3110/3212/87 3113/3215/87 3112/3213/87
f 209/3216/88 1363/3217/88 3105/3207/88 1460/3218/88
f 1363/3217/88 1362/3219/88 3106/3208/88 3105/3207/88
f 1362/3219/88 1361/3220/88 3107/3211/88 3106/3208/88
f 1361/3220/88 178/3221/88 1259/3222/88 3107/3211/88
f 3107/3211/86 1259/3222/86 1260/3223/86 3110/3212/86
f 3110/3212/87 1260/3223/87 1261/3224/87 3113/3215/87
f 3113/3215/91 1261/3224/91 179/3201/91 1364/3200/91
f 3112/3213/91 3113/3215/91 1364/3200/91 1365/3199/91
f 3111/3214/91 3112/3213/91 1365/3199/91 1366/3197/91
f 1462/3225/91 3111/3214/91 1366/3197/91 210/3196/91
f 1461/3226/89 3108/3210/89 3111/3214/89 1462/3225/89
f 1460/3218/86 3105/3207/86 3108/3210/86 1461/3226/86
f 3114/3227/80 3115/3228/80 3118/3229/80 3117/3230/80
f 3115/3228/80 3116/3231/80 3119/3232/80 3118/3229/80
f 3117/3230/81 3118/3229/81 3121/3233/81 3120/3234/81
f 3118/3229/81 3119/3232/81 3122/3235/81 3121/3233/81
f 208/3236/82 1360/3237/82 3114/3227/82 1457/3238/82
f 1360/3237/82 1359/3239/82 3115/3228/82 3114/3227/82
f 1359/3239/82 1358/3240/82 3116/3231/82 3115/3228/82
f 1358/3240/82 177/3241/82 1262/3242/82 3116/3231/82
f 3116/3231/80 1262/3242/80 1263/3243/80 3119/3232/80
f 3119/3232/81 1263/3243/81 1264/3244/81 3122/3235/81
f 3122/3235/85 1264/3244/85 178/3221/85 1361/3220/85
f 3121/3233/85 3122/3235/85 1361/3220/85 1362/3219/85
f 3120/3234/85 3121/3233/85 1362/3219/85 1363/3217/85
f 1459/3245/85 3120/3234/85 1363/3217/85 209/3216/85
f 1458/3246/81 3117/3230/81 3120/3234/81 1459/3245/81
f 1457/3238/80 3114/3227/80 3117/3230/80 1458/3246/80
f 3123/3247/75 3124/3248/75 3127/3249/75 3126/3250/75
f 3124/3248/75 3125/3251/75 3128/3252/75 3127/3249/75
f 3126/3250/76 3127/3249/76 3130/3253/76 3129/3254/76
f 3127/3249/76 3128/3252/76 3131/3255/76 3130/3253/76
f 207/3256/77 1357/3257/77 3123/3247/77 1454/3258/77
f 1357/3257/77 1356/3259/77 3124/3248/77 3123/3247/77
f 1356/3259/77 1355/3260/77 3125/3251/77 3124/3248/77
f 1355/3260/77 176/3261/77 1265/3262/77 3125/3251/77
f 3125/3251/75 1265/3262/75 1266/3263/75 3128/3252/75
f 3128/3252/76 1266/3263/76 1267/3264/76 3131/3255/76
f 3131/3255/79 1267/3264/79 177/3241/79 1358/3240/79
f 3130/3253/79 3131/3255/79 1358/3240/79 1359/3239/79
f 3129/3254/79 3130/3253/79 1359/3239/79 1360/3237/79
f 1456/3265/79 3129/3254/79 1360/3237/79 208/3236/79
f 1455/3266/76 3126/3250/76 3129/3254/76 1456/3265/76
f 1454/3258/75 3123/3247/75 3126/3250/75 1455/3266/75
f 3132/3267/70 3133/3268/70 3136/3269/70 3135/3270/70
f 3133/3268/70 3134/3271/70 3137/3272/70 3136/3269/70
f 3135/3270/71 3136/3269/71 3139/3273/71 3138/3274/71
f 3136/3269/71 3137/3272/71 3140/3275/71 3139/3273/71
f 206/3276/72 1354/3277/72 3132/3267/72 1451/3278/72
f 1354/3277/72 1353/3279/72 3133/3268/72 3132/3267/72
f 1353/3279/72 1352/3280/72 3134/3271/72 3133/3268/72
f 1352/3280/72 175/3281/72 1268/3282/72 3134/3271/72
f 3134/3271/70 1268/3282/70 1269/305/70 3137/3272/70
f 3137/3272/71 1269/305/71 1270/3283/71 3140/3275/71
f 3140/3275/74 1270/3283/74 176/3261/74 1355/3260/74
f 3139/3273/74 3140/3275/74 1355/3260/74 1356/3259/74
f 3138/3274/74 3139/3273/74 1356/3259/74 1357/3257/74
f 1453/3284/74 3138/3274/74 1357/3257/74 207/3256/74
f 1452/3285/71 3135/3270/71 3138/3274/71 1453/3284/71
f 1451/3278/70 3132/3267/70 3135/3270/70 1452/3285/70
f 3141/3286/64 3142/3287/64 3145/3288/64 3144/3289/64
f 3142/3287/64 3143/3290/64 3146/3291/64 3145/3288/64
f 3144/3289/65 3145/3288/65 3148/3292/65 3147/3293/65
f 3145/3288/65 3146/3291/65 3149/3294/65 3148/3292/65
f 205/3295/66 1351/3296/66 3141/3286/66 1448/3297/66
f 1351/3296/66 1350/3298/66 3142/3287/66 3141/3286/66
f 1350/3298/66 1349/3299/66 3143/3290/66 3142/3287/66
f 1349/3299/66 174/3300/66 1271/3301/66 3143/3290/66
f 3143/3290/64 1271/3301/64 1272/285/64 3146/3291/64
f 3146/3291/65 1272/285/65 1273/3302/65 3149/3294/65
f 3149/3294/69 1273/3302/69 175/3281/69 1352/3280/69
f 3148/3292/69 3149/3294/69 1352/3280/69 1353/3279/69
f 3147/3293/69 3148/3292/69 1353/3279/69 1354/3277/69
f 1450/3303/69 3147/3293/69 1354/3277/69 206/3276/69
f 1449/3304/65 3144/3289/65 3147/3293/65 1450/3303/65
f 1448/3297/64 3141/3286/64 3144/3289/64 1449/3304/64
f 3150/3305/60 3151/3306/60 3154/3307/60 3153/3308/60
f 3151/3306/60 3152/3309/60 3155/3310/60 3154/3307/60
f 3153/3308/61 3154/3307/61 3157/3311/61 3156/3312/61
f 3154/3307/61 3155/3310/61 3158/3313/61 3157/3311/61
f 204/3314/62 1348/3315/62 3150/3305/62 1445/3316/62
f 1348/3315/62 1347/3317/62 3151/3306/62 3150/3305/62
f 1347/3317/62 1346/3318/62 3152/3309/62 3151/3306/62
f 1346/3318/62 173/3319/62 1274/3320/62 3152/3309/62
f 3152/3309/60 1274/3320/60 1275/3321/60 3155/3310/60
f 3155/3310/61 1275/3321/61 1276/3322/61 3158/3313/61
f 3158/3313/63 1276/3322/63 174/3300/63 1349/3299/63
f 3157/3311/63 3158/3313/63 1349/3299/63 1350/3298/63
f 3156/3312/63 3157/3311/63 1350/3298/63 1351/3296/63
f 1447/3323/63 3156/3312/63 1351/3296/63 205/3295/63
f 1446/3324/61 3153/3308/61 3156/3312/61 1447/3323/61
f 1445/3316/60 3150/3305/60 3153/3308/60 1446/3324/60
f 3159/3325/55 3160/3326/55 3163/3327/55 3162/3328/55
f 3160/3326/55 3161/3329/55 3164/3330/55 3163/3327/55
f 3162/3328/56 3163/3327/56 3166/3331/56 3165/3332/56
f 3163/3327/56 3164/3330/56 3167/3333/56 3166/3331/56
f 203/3334/57 1345/3335/57 3159/3325/57 1442/3336/57
f 1345/3335/57 1344/3337/57 3160/3326/57 3159/3325/57
f 1344/3337/57 1343/3338/57 3161/3329/57 3160/3326/57
f 1343/3338/57 172/3339/57 1277/3340/57 3161/3329/57
f 3161/3329/55 1277/3340/55 1278/3341/55 3164/3330/55
f 3164/3330/56 1278/3341/56 1279/3342/56 3167/3333/56
f 3167/3333/59 1279/3342/59 173/3319/59 1346/3318/59
f 3166/3331/59 3167/3333/59 1346/3318/59 1347/3317/59
f 3165/3332/59 3166/3331/59 1347/3317/59 1348/3315/59
f 1444/3343/59 3165/3332/59 1348/3315/59 204/3314/59
f 1443/3344/56 3162/3328/56 3165/3332/56 1444/3343/56
f 1442/3336/55 3159/3325/55 3162/3328/55 1443/3344/55
f 3168/3345/51 3169/3346/51 3172/3347/51 3171/3348/51
f 3169/3346/51 3170/3349/51 3173/3350/51 3172/3347/51
f 3171/3348/52 3172/3347/52 3175/3351/52 3174/3352/52
f 3172/3347/52 3173/3350/52 3176/3353/52 3175/3351/52
f 202/3354/53 1342/3355/53 3168/3345/53 1439/3356/53
f 1342/3355/53 1341/3357/53 3169/3346/53 3168/3345/53
f 1341/3357/53 1340/3358/53 3170/3349/53 3169/3346/53
f 1340/3358/53 171/3359/53 1280/3360/53 3170/3349/53
f 3170/3349/51 1280/3360/51 1281/3361/51 3173/3350/51
f 3173/3350/52 1281/3361/52 1282/3362/52 3176/3353/52
f 3176/3353/54 1282/3362/54 172/3339/54 1343/3338/54
f 3175/3351/54 3176/3353/54 1343/3338/54 1344/3337/54
f 3174/3352/54 3175/3351/54 1344/3337/54 1345/3335/54
f 1441/3363/54 3174/3352/54 1345/3335/54 203/3334/54
f 1440/3364/52 3171/3348/52 3174/3352/52 1441/3363/52
f 1439/3356/51 3168/3345/51 3171/3348/51 1440/3364/51
f 3177/3365/46 3178/3366/46 3181/3367/46 3180/3368/46
f 3178/3366/46 3179/3369/46 3182/3370/46 3181/3367/46
f 3180/3368/49 3181/3367/49 3184/3371/49 3183/3372/49
f 3181/3367/49 3182/3370/49 3185/3373/49 3184/3371/49
f 201/3374/48 1339/3375/48 3177/3365/48 1436/3376/48
f 1339/3375/48 1338/3377/48 3178/3366/48 3177/3365/48
f 1338/3377/48 1337/3378/48 3179/3369/48 3178/3366/48
f 1337/3378/48 170/3379/48 1283/3380/48 3179/3369/48
f 3179/3369/46 1283/3380/46 1284/3381/46 3182/3370/46
f 3182/3370/47 1284/3381/47 1285/3382/47 3185/3373/47
f 3185/3373/50 1285/3382/50 171/3359/50 1340/3358/50
f 3184/3371/50 3185/3373/50 1340/3358/50 1341/3357/50
f 3183/3372/1617 3184/3371/1617 1341/3357/1617 1342/3355/1617
f 1438/3383/50 3183/3372/50 1342/3355/50 202/3354/50
f 1437/3384/47 3180/3368/47 3183/3372/47 1438/3383/47
f 1436/3376/46 3177/3365/46 3180/3368/46 1437/3384/46
f 3186/3385/42 3187/3386/42 3190/3387/42 3189/3388/42
f 3187/3386/42 3188/3389/42 3191/3390/42 3190/3387/42
f 3189/3388/43 3190/3387/43 3193/3391/43 3192/3392/43
f 3190/3387/43 3191/3390/43 3194/3393/43 3193/3391/43
f 200/3394/44 1336/3395/44 3186/3385/44 1433/3396/44
f 1336/3395/44 1335/3397/44 3187/3386/44 3186/3385/44
f 1335/3397/44 1334/3398/44 3188/3389/44 3187/3386/44
f 1334/3398/44 169/3399/44 1286/3400/44 3188/3389/44
f 3188/3389/42 1286/3400/42 1287/185/42 3191/3390/42
f 3191/3390/43 1287/185/43 1288/3401/43 3194/3393/43
f 3194/3393/45 1288/3401/45 170/3379/45 1337/3378/45
f 3193/3391/45 3194/3393/45 1337/3378/45 1338/3377/45
f 3192/3392/45 3193/3391/45 1338/3377/45 1339/3375/45
f 1435/3402/45 3192/3392/45 1339/3375/45 201/3374/45
f 1434/3403/43 3189/3388/43 3192/3392/43 1435/3402/43
f 1433/3396/42 3186/3385/42 3189/3388/42 1434/3403/42
f 3195/3404/38 3196/3405/38 3199/3406/38 3198/3407/38
f 3196/3405/38 3197/3408/38 3200/3409/38 3199/3406/38
f 3198/3407/39 3199/3406/39 3202/3410/39 3201/3411/39
f 3199/3406/39 3200/3409/39 3203/3412/39 3202/3410/39
f 199/3413/40 1333/3414/40 3195/3404/40 1430/3415/40
f 1333/3414/40 1332/3416/40 3196/3405/40 3195/3404/40
f 1332/3416/40 1331/3417/40 3197/3408/40 3196/3405/40
f 1331/3417/40 168/3418/40 1289/3419/40 3197/3408/40
f 3197/3408/38 1289/3419/38 1290/165/38 3200/3409/38
f 3200/3409/39 1290/165/39 1291/3420/39 3203/3412/39
f 3203/3412/41 1291/3420/41 169/3399/41 1334/3398/41
f 3202/3410/41 3203/3412/41 1334/3398/41 1335/3397/41
f 3201/3411/41 3202/3410/41 1335/3397/41 1336/3395/41
f 1432/3421/41 3201/3411/41 1336/3395/41 200/3394/41
f 1431/3422/39 3198/3407/39 3201/3411/39 1432/3421/39
f 1430/3415/38 3195/3404/38 3198/3407/38 1431/3422/38
f 3204/3423/1618 3205/3424/1618 3208/3425/1618 3207/3426/1618
f 3205/3424/34 3206/3427/34 3209/3428/34 3208/3425/34
f 3207/3426/35 3208/3425/35 3211/3429/35 3210/3430/35
f 3208/3425/35 3209/3428/35 3212/3431/35 3211/3429/35
f 198/3432/36 1330/3433/36 3204/3423/36 1427/3434/36
f 1330/3433/36 1329/3435/36 3205/3424/36 3204/3423/36
f 1329/3435/36 1328/3436/36 3206/3427/36 3205/3424/36
f 1328/3436/36 167/3437/36 1292/3438/36 3206/3427/36
f 3206/3427/34 1292/3438/34 1293/3439/34 3209/3428/34
f 3209/3428/35 1293/3439/35 1294/3440/35 3212/3431/35
f 3212/3431/37 1294/3440/37 168/3418/37 1331/3417/37
f 3211/3429/37 3212/3431/37 1331/3417/37 1332/3416/37
f 3210/3430/37 3211/3429/37 1332/3416/37 1333/3414/37
f 1429/3441/37 3210/3430/37 1333/3414/37 199/3413/37
f 1428/3442/35 3207/3426/35 3210/3430/35 1429/3441/35
f 1427/3434/34 3204/3423/34 3207/3426/34 1428/3442/34
f 3213/3443/29 3214/3444/29 3217/3445/29 3216/3446/29
f 3214/3444/29 3215/3447/29 3218/3448/29 3217/3445/29
f 3216/3446/30 3217/3445/30 3220/3449/30 3219/3450/30
f 3217/3445/30 3218/3448/30 3221/3451/30 3220/3449/30
f 197/3452/31 1327/3453/31 3213/3443/31 1424/3454/31
f 1327/3453/31 1326/3455/31 3214/3444/31 3213/3443/31
f 1326/3455/31 1325/3456/31 3215/3447/31 3214/3444/31
f 1325/3456/31 166/3457/31 1295/3458/31 3215/3447/31
f 3215/3447/29 1295/3458/29 1296/3459/29 3218/3448/29
f 3218/3448/30 1296/3459/30 1297/3460/30 3221/3451/30
f 3221/3451/33 1297/3460/33 167/3437/33 1328/3436/33
f 3220/3449/33 3221/3451/33 1328/3436/33 1329/3435/33
f 3219/3450/33 3220/3449/33 1329/3435/33 1330/3433/33
f 1426/3461/33 3219/3450/33 1330/3433/33 198/3432/33
f 1425/3462/30 3216/3446/30 3219/3450/30 1426/3461/30
f 1424/3454/29 3213/3443/29 3216/3446/29 1425/3462/29
f 3222/3463/24 3223/3464/24 3226/3465/24 3225/3466/24
f 3223/3464/24 3224/3467/24 3227/3468/24 3226/3465/24
f 3225/3466/25 3226/3465/25 3229/3469/25 3228/3470/25
f 3226/3465/25 3227/3468/25 3230/3471/25 3229/3469/25
f 196/3472/26 1324/3473/26 3222/3463/26 1421/3474/26
f 1324/3473/26 1323/3475/26 3223/3464/26 3222/3463/26
f 1323/3475/26 1322/3476/26 3224/3467/26 3223/3464/26
f 1322/3476/26 165/3477/26 1298/3478/26 3224/3467/26
f 3224/3467/24 1298/3478/24 1299/3479/24 3227/3468/24
f 3227/3468/25 1299/3479/25 1300/103/25 3230/3471/25
f 3230/3471/28 1300/103/28 166/3457/28 1325/3456/28
f 3229/3469/28 3230/3471/28 1325/3456/28 1326/3455/28
f 3228/3470/28 3229/3469/28 1326/3455/28 1327/3453/28
f 1423/3480/28 3228/3470/28 1327/3453/28 197/3452/28
f 1422/3481/25 3225/3466/25 3228/3470/25 1423/3480/25
f 1421/3474/24 3222/3463/24 3225/3466/24 1422/3481/24
f 3231/3482/18 3232/3483/18 3235/3484/18 3234/3485/18
f 3232/3483/18 3233/3486/18 3236/3487/18 3235/3484/18
f 3234/3485/19 3235/3484/19 3238/3488/19 3237/3489/19
f 3235/3484/19 3236/3487/19 3239/3490/19 3238/3488/19
f 195/3491/20 1321/3492/20 3231/3482/20 1418/3493/20
f 1321/3492/20 1320/3494/20 3232/3483/20 3231/3482/20
f 1320/3494/20 1319/3495/20 3233/3486/20 3232/3483/20
f 1319/3495/20 164/3496/20 1301/3497/20 3233/3486/20
f 3233/3486/18 1301/3497/18 1302/3498/18 3236/3487/18
f 3236/3487/19 1302/3498/19 1303/3499/19 3239/3490/19
f 3239/3490/23 1303/3499/23 165/3477/23 1322/3476/23
f 3238/3488/23 3239/3490/23 1322/3476/23 1323/3475/23
f 3237/3489/23 3238/3488/23 1323/3475/23 1324/3473/23
f 1420/3500/23 3237/3489/23 1324/3473/23 196/3472/23
f 1419/3501/19 3234/3485/19 3237/3489/19 1420/3500/19
f 1418/3493/18 3231/3482/18 3234/3485/18 1419/3501/18
f 3240/3502/12 3241/3503/12 3244/3504/12 3243/3505/12
f 3241/3503/12 3242/3506/12 3245/3507/12 3244/3504/12
f 3243/3505/13 3244/3504/13 3247/3508/13 3246/3509/13
f 3244/3504/13 3245/3507/13 3248/3510/13 3247/3508/13
f 194/3511/14 1318/3512/14 3240/3502/14 1415/3513/14
f 1318/3512/14 1317/3514/14 3241/3503/14 3240/3502/14
f 1317/3514/14 1316/3515/14 3242/3506/14 3241/3503/14
f 1316/3515/14 163/44/14 1304/3516/14 3242/3506/14
f 3242/3506/12 1304/3516/12 1305/65/12 3245/3507/12
f 3245/3507/13 1305/65/13 1306/3517/13 3248/3510/13
f 3248/3510/17 1306/3517/17 164/3496/17 1319/3495/17
f 3247/3508/17 3248/3510/17 1319/3495/17 1320/3494/17
f 3246/3509/17 3247/3508/17 1320/3494/17 1321/3492/17
f 1417/3518/17 3246/3509/17 1321/3492/17 195/3491/17
f 1416/3519/13 3243/3505/13 3246/3509/13 1417/3518/13
f 1415/3513/12 3240/3502/12 3243/3505/12 1416/3519/12
f 3249/3520/6 3250/3521/6 3253/3522/6 3252/3523/6
f 3250/3521/6 3251/3524/6 3254/3525/6 3253/3522/6
f 3252/3523/7 3253/3522/7 3256/3526/7 3255/3527/7
f 3253/3522/7 3254/3525/7 3257/3528/7 3256/3526/7
f 193/3529/8 1315/3530/8 3249/3520/8 1412/3531/8
f 1315/3530/8 1314/3532/8 3250/3521/8 3249/3520/8
f 1314/3532/8 1313/3533/8 3251/3524/8 3250/3521/8
f 1313/3533/8 162/3534/8 1307/3535/8 3251/3524/8
f 3251/3524/6 1307/3535/6 1308/3536/6 3254/3525/6
f 3254/3525/7 1308/3536/7 1309/3537/7 3257/3528/7
f 3257/3528/11 1309/3537/11 163/44/11 1316/3515/11
f 3256/3526/11 3257/3528/11 1316/3515/11 1317/3514/11
f 3255/3527/11 3256/3526/11 1317/3514/11 1318/3512/11
f 1414/3538/11 3255/3527/11 1318/3512/11 194/3511/11
f 1413/3539/9 3252/3523/9 3255/3527/9 1414/3538/9
f 1412/3531/6 3249/3520/6 3252/3523/6 1413/3539/6
f 3258/3540/1 3259/3541/1 3262/3542/1 3261/3543/1
f 3259/3541/1 3260/3544/1 3263/3545/1 3262/3542/1
f 3261/3543/2 3262/3542/2 3265/3546/2 3264/3547/2
f 3262/3542/2 3263/3545/2 3266/3548/2 3265/3546/2
f 224/3549/3 1121/3550/3 3258/3540/3 1409/3551/3
f 1121/3550/3 1122/3552/3 3259/3541/3 3258/3540/3
f 1122/3552/3 1123/3553/3 3260/3544/3 3259/3541/3
f 1123/3553/3 161/10/3 1310/12/3 3260/3544/3
f 3260/3544/1 1310/12/1 1311/25/1 3263/3545/1
f 3263/3545/2 1311/25/2 1312/23/2 3266/3548/2
f 3266/3548/5 1312/23/5 162/24/5 1313/3554/5
f 3265/3546/5 3266/3548/5 1313/3554/5 1314/3555/5
f 3264/3547/5 3265/3546/5 1314/3555/5 1315/3556/5
f 1411/3557/5 3264/3547/5 1315/3556/5 193/3558/5
f 1410/3559/2 3261/3543/2 3264/3547/2 1411/3557/2
f 1409/3551/1 3258/3540/1 3261/3543/1 1410/3559/1
f 3267/3560/1619 3268/3561/1619 3271/3562/1619 3270/3563/1619
f 3268/3561/1620 3269/3564/1620 3272/3565/1620 3271/3562/1620
f 3270/3563/1621 3271/3562/1621 3274/3566/1621 3273/3567/1621
f 3271/3562/1622 3272/3565/1622 3275/3568/1622 3274/3566/1622
f 1/3569/1623 1406/3570/1623 3267/3560/1623 257/3571/1623
f 1406/3570/1624 1407/3572/1624 3268/3561/1624 3267/3560/1624
f 1407/3572/1625 1408/3573/1625 3269/3564/1625 3268/3561/1625
f 1408/3573/1626 224/3549/1626 1409/3551/1626 3269/3564/1626
f 3269/3564/1627 1409/3551/1627 1410/3559/1627 3272/3565/1627
f 3272/3565/1628 1410/3559/1628 1411/3557/1628 3275/3568/1628
f 3275/3568/1629 1411/3557/1629 193/3558/1629 266/3574/1629
f 3274/3566/1630 3275/3568/1630 266/3574/1630 267/3575/1630
f 3273/3567/1631 3274/3566/1631 267/3575/1631 268/3576/1631
f 259/3577/1632 3273/3567/1632 268/3576/1632 3/3578/1632
f 258/3579/1633 3270/3563/1633 3273/3567/1633 259/3577/1633
f 257/3571/1634 3267/3560/1634 3270/3563/1634 258/3579/1634
f 3276/3580/1635 3277/3581/1635 3280/3582/1635 3279/3583/1635
f 3277/3581/1636 3278/3584/1636 3281/3585/1636 3280/3582/1636
f 3279/3583/1637 3280/3582/1637 3283/3586/1637 3282/3587/1637
f 3280/3582/1638 3281/3585/1638 3284/3588/1638 3283/3586/1638
f 3/3578/1639 268/3576/1639 3276/3580/1639 269/3589/1639
f 268/3576/1640 267/3575/1640 3277/3581/1640 3276/3580/1640
f 267/3575/1641 266/3574/1641 3278/3584/1641 3277/3581/1641
f 266/3574/1642 193/3558/1642 1412/3531/1642 3278/3584/1642
f 3278/3584/1643 1412/3531/1643 1413/3590/1643 3281/3585/1643
f 3281/3585/1644 1413/3590/1644 1414/3591/1644 3284/3588/1644
f 3284/3588/1645 1414/3591/1645 194/3592/1645 275/3593/1645
f 3283/3586/1646 3284/3588/1646 275/3593/1646 276/3594/1646
f 3282/3587/1647 3283/3586/1647 276/3594/1647 277/3595/1647
f 271/3596/1648 3282/3587/1648 277/3595/1648 5/3597/1648
f 270/3598/1649 3279/3583/1649 3282/3587/1649 271/3596/1649
f 269/3589/1650 3276/3580/1650 3279/3583/1650 270/3598/1650
f 3285/3599/1651 3286/3600/1651 3289/3601/1651 3288/3602/1651
f 3286/3600/1652 3287/3603/1652 3290/3604/1652 3289/3601/1652
f 3288/3602/1653 3289/3601/1653 3292/3605/1653 3291/3606/1653
f 3289/3601/1654 3290/3604/1654 3293/3607/1654 3292/3605/1654
f 5/3597/1655 277/3595/1655 3285/3599/1655 278/3608/1655
f 277/3595/1656 276/3594/1656 3286/3600/1656 3285/3599/1656
f 276/3594/1657 275/3593/1657 3287/3603/1657 3286/3600/1657
f 275/3593/1658 194/3592/1658 1415/3609/1658 3287/3603/1658
f 3287/3603/1659 1415/3609/1659 1416/3610/1659 3290/3604/1659
f 3290/3604/1660 1416/3610/1660 1417/3611/1660 3293/3607/1660
f 3293/3607/1661 1417/3611/1661 195/3612/1661 284/3613/1661
f 3292/3605/1662 3293/3607/1662 284/3613/1662 285/3614/1662
f 3291/3606/1663 3292/3605/1663 285/3614/1663 286/3615/1663
f 280/3616/1664 3291/3606/1664 286/3615/1664 7/3617/1664
f 279/3618/1665 3288/3602/1665 3291/3606/1665 280/3616/1665
f 278/3608/1666 3285/3599/1666 3288/3602/1666 279/3618/1666
f 3294/3619/1667 3295/3620/1667 3298/3621/1667 3297/3622/1667
f 3295/3620/1668 3296/3623/1668 3299/3624/1668 3298/3621/1668
f 3297/3622/1669 3298/3621/1669 3301/3625/1669 3300/3626/1669
f 3298/3621/1670 3299/3624/1670 3302/3627/1670 3301/3625/1670
f 7/3617/1671 286/3615/1671 3294/3619/1671 287/3628/1671
f 286/3615/1672 285/3614/1672 3295/3620/1672 3294/3619/1672
f 285/3614/1673 284/3613/1673 3296/3623/1673 3295/3620/1673
f 284/3613/1674 195/3612/1674 1418/3629/1674 3296/3623/1674
f 3296/3623/1675 1418/3629/1675 1419/3501/1675 3299/3624/1675
f 3299/3624/1676 1419/3501/1676 1420/3500/1676 3302/3627/1676
f 3302/3627/1677 1420/3500/1677 196/3472/1677 293/3630/1677
f 3301/3625/1678 3302/3627/1678 293/3630/1678 294/3631/1678
f 3300/3626/1679 3301/3625/1679 294/3631/1679 295/3632/1679
f 289/3633/1680 3300/3626/1680 295/3632/1680 9/3634/1680
f 288/3635/1681 3297/3622/1681 3300/3626/1681 289/3633/1681
f 287/3628/1682 3294/3619/1682 3297/3622/1682 288/3635/1682
f 3303/3636/1683 3304/3637/1683 3307/3638/1683 3306/3639/1683
f 3304/3637/1684 3305/3640/1684 3308/3641/1684 3307/3638/1684
f 3306/3639/1685 3307/3638/1685 3310/3642/1685 3309/3643/1685
f 3307/3638/1686 3308/3641/1686 3311/3644/1686 3310/3642/1686
f 9/3634/1687 295/3632/1687 3303/3636/1687 296/3645/1687
f 295/3632/1688 294/3631/1688 3304/3637/1688 3303/3636/1688
f 294/3631/1689 293/3630/1689 3305/3640/1689 3304/3637/1689
f 293/3630/1690 196/3472/1690 1421/3646/1690 3305/3640/1690
f 3305/3640/1691 1421/3646/1691 1422/3647/1691 3308/3641/1691
f 3308/3641/1692 1422/3647/1692 1423/3648/1692 3311/3644/1692
f 3311/3644/1693 1423/3648/1693 197/3649/1693 302/3650/1693
f 3310/3642/1694 3311/3644/1694 302/3650/1694 303/3651/1694
f 3309/3643/1695 3310/3642/1695 303/3651/1695 304/3652/1695
f 298/3653/1696 3309/3643/1696 304/3652/1696 11/3654/1696
f 297/3655/1697 3306/3639/1697 3309/3643/1697 298/3653/1697
f 296/3645/1698 3303/3636/1698 3306/3639/1698 297/3655/1698
f 3312/3656/1699 3313/3657/1699 3316/3658/1699 3315/3659/1699
f 3313/3657/1700 3314/3660/1700 3317/3661/1700 3316/3658/1700
f 3315/3659/1701 3316/3658/1701 3319/3662/1701 3318/3663/1701
f 3316/3658/1702 3317/3661/1702 3320/3664/1702 3319/3662/1702
f 11/3654/1703 304/3652/1703 3312/3656/1703 305/3665/1703
f 304/3652/1704 303/3651/1704 3313/3657/1704 3312/3656/1704
f 303/3651/1705 302/3650/1705 3314/3660/1705 3313/3657/1705
f 302/3650/1706 197/3649/1706 1424/3666/1706 3314/3660/1706
f 3314/3660/1707 1424/3666/1707 1425/3667/1707 3317/3661/1707
f 3317/3661/1708 1425/3667/1708 1426/3668/1708 3320/3664/1708
f 3320/3664/1709 1426/3668/1709 198/3432/1709 311/3669/1709
f 3319/3662/1710 3320/3664/1710 311/3669/1710 312/3670/1710
f 3318/3663/1711 3319/3662/1711 312/3670/1711 313/3671/1711
f 307/3672/1712 3318/3663/1712 313/3671/1712 13/3673/1712
f 306/3674/1634 3315/3659/1634 3318/3663/1634 307/3672/1634
f 305/3665/1713 3312/3656/1713 3315/3659/1713 306/3674/1713
f 3321/3675/1714 3322/3676/1714 3325/3677/1714 3324/3678/1714
f 3322/3676/1715 3323/3679/1715 3326/3680/1715 3325/3677/1715
f 3324/3678/1716 3325/3677/1716 3328/3681/1716 3327/3682/1716
f 3325/3677/1717 3326/3680/1717 3329/3683/1717 3328/3681/1717
f 13/3673/1718 313/3671/1718 3321/3675/1718 314/3684/1718
f 313/3671/1719 312/3670/1719 3322/3676/1719 3321/3675/1719
f 312/3670/1720 311/3669/1720 3323/3679/1720 3322/3676/1720
f 311/3669/1721 198/3432/1721 1427/3685/1721 3323/3679/1721
f 3323/3679/1722 1427/3685/1722 1428/3686/1722 3326/3680/1722
f 3326/3680/1723 1428/3686/1723 1429/3687/1723 3329/3683/1723
f 3329/3683/1724 1429/3687/1724 199/3688/1724 320/3689/1724
f 3328/3681/1725 3329/3683/1725 320/3689/1725 321/3690/1725
f 3327/3682/1726 3328/3681/1726 321/3690/1726 322/3691/1726
f 316/3692/1727 3327/3682/1727 322/3691/1727 15/3693/1727
f 315/3694/1650 3324/3678/1650 3327/3682/1650 316/3692/1650
f 314/3684/1728 3321/3675/1728 3324/3678/1728 315/3694/1728
f 3330/3695/1729 3331/3696/1729 3334/3697/1729 3333/3698/1729
f 3331/3696/1730 3332/3699/1730 3335/3700/1730 3334/3697/1730
f 3333/3698/1731 3334/3697/1731 3337/3701/1731 3336/3702/1731
f 3334/3697/1732 3335/3700/1732 3338/3703/1732 3337/3701/1732
f 15/3693/1733 322/3691/1733 3330/3695/1733 323/3704/1733
f 322/3691/1734 321/3690/1734 3331/3696/1734 3330/3695/1734
f 321/3690/1735 320/3689/1735 3332/3699/1735 3331/3696/1735
f 320/3689/1736 199/3688/1736 1430/3705/1736 3332/3699/1736
f 3332/3699/1737 1430/3705/1737 1431/3706/1737 3335/3700/1737
f 3335/3700/1738 1431/3706/1738 1432/3707/1738 3338/3703/1738
f 3338/3703/1739 1432/3707/1739 200/3708/1739 329/3709/1739
f 3337/3701/1740 3338/3703/1740 329/3709/1740 330/3710/1740
f 3336/3702/1741 3337/3701/1741 330/3710/1741 331/3711/1741
f 325/3712/1742 3336/3702/1742 331/3711/1742 17/3713/1742
f 324/3714/1666 3333/3698/1666 3336/3702/1666 325/3712/1666
f 323/3704/1743 3330/3695/1743 3333/3698/1743 324/3714/1743
f 3339/3715/1744 3340/3716/1744 3343/3717/1744 3342/3718/1744
f 3340/3716/1745 3341/3719/1745 3344/3720/1745 3343/3717/1745
f 3342/3718/1746 3343/3717/1746 3346/3721/1746 3345/3722/1746
f 3343/3717/1747 3344/3720/1747 3347/3723/1747 3346/3721/1747
f 17/3713/1748 331/3711/1748 3339/3715/1748 332/3724/1748
f 331/3711/1749 330/3710/1749 3340/3716/1749 3339/3715/1749
f 330/3710/1750 329/3709/1750 3341/3719/1750 3340/3716/1750
f 329/3709/1751 200/3708/1751 1433/3725/1751 3341/3719/1751
f 3341/3719/1752 1433/3725/1752 1434/3726/1752 3344/3720/1752
f 3344/3720/1753 1434/3726/1753 1435/3727/1753 3347/3723/1753
f 3347/3723/1754 1435/3727/1754 201/3728/1754 338/3729/1754
f 3346/3721/1755 3347/3723/1755 338/3729/1755 339/3730/1755
f 3345/3722/1756 3346/3721/1756 339/3730/1756 340/3731/1756
f 334/3732/1639 3345/3722/1639 340/3731/1639 19/3733/1639
f 333/3734/1682 3342/3718/1682 3345/3722/1682 334/3732/1682
f 332/3724/1757 3339/3715/1757 3342/3718/1757 333/3734/1757
f 3348/3735/1758 3349/3736/1758 3352/3737/1758 3351/3738/1758
f 3349/3736/1759 3350/3739/1759 3353/3740/1759 3352/3737/1759
f 3351/3738/1760 3352/3737/1760 3355/3741/1760 3354/3742/1760
f 3352/3737/1761 3353/3740/1761 3356/3743/1761 3355/3741/1761
f 19/3733/1762 340/3731/1762 3348/3735/1762 341/3744/1762
f 340/3731/1763 339/3730/1763 3349/3736/1763 3348/3735/1763
f 339/3730/1764 338/3729/1764 3350/3739/1764 3349/3736/1764
f 338/3729/1765 201/3728/1765 1436/3745/1765 3350/3739/1765
f 3350/3739/1766 1436/3745/1766 1437/3746/1766 3353/3740/1766
f 3353/3740/1767 1437/3746/1767 1438/3747/1767 3356/3743/1767
f 3356/3743/1768 1438/3747/1768 202/3354/1768 347/3748/1768
f 3355/3741/1769 3356/3743/1769 347/3748/1769 348/3749/1769
f 3354/3742/1770 3355/3741/1770 348/3749/1770 349/3750/1770
f 343/3751/1771 3354/3742/1771 349/3750/1771 21/3752/1771
f 342/3753/1698 3351/3738/1698 3354/3742/1698 343/3751/1698
f 341/3744/1772 3348/3735/1772 3351/3738/1772 342/3753/1772
f 3357/3754/1773 3358/3755/1773 3361/3756/1773 3360/3757/1773
f 3358/3755/1774 3359/3758/1774 3362/3759/1774 3361/3756/1774
f 3360/3757/1775 3361/3756/1775 3364/3760/1775 3363/3761/1775
f 3361/3756/1776 3362/3759/1776 3365/3762/1776 3364/3760/1776
f 21/3752/1777 349/3750/1777 3357/3754/1777 350/3763/1777
f 349/3750/1778 348/3749/1778 3358/3755/1778 3357/3754/1778
f 348/3749/1779 347/3748/1779 3359/3758/1779 3358/3755/1779
f 347/3748/1780 202/3354/1780 1439/3764/1780 3359/3758/1780
f 3359/3758/1781 1439/3764/1781 1440/3765/1781 3362/3759/1781
f 3362/3759/1782 1440/3765/1782 1441/3766/1782 3365/3762/1782
f 3365/3762/1783 1441/3766/1783 203/3767/1783 356/3768/1783
f 3364/3760/1784 3365/3762/1784 356/3768/1784 357/3769/1784
f 3363/3761/1785 3364/3760/1785 357/3769/1785 358/3770/1785
f 352/3771/1671 3363/3761/1671 358/3770/1671 23/3772/1671
f 351/3773/1713 3360/3757/1713 3363/3761/1713 352/3771/1713
f 350/3763/1786 3357/3754/1786 3360/3757/1786 351/3773/1786
f 3366/3774/1787 3367/3775/1787 3370/3776/1787 3369/3777/1787
f 3367/3775/1788 3368/3778/1788 3371/3779/1788 3370/3776/1788
f 3369/3777/1789 3370/3776/1789 3373/3780/1789 3372/3781/1789
f 3370/3776/1790 3371/3779/1790 3374/3782/1790 3373/3780/1790
f 23/3772/1791 358/3770/1791 3366/3774/1791 359/3783/1791
f 358/3770/1792 357/3769/1792 3367/3775/1792 3366/3774/1792
f 357/3769/1793 356/3768/1793 3368/3778/1793 3367/3775/1793
f 356/3768/1794 203/3767/1794 1442/3784/1794 3368/3778/1794
f 3368/3778/1795 1442/3784/1795 1443/3785/1795 3371/3779/1795
f 3371/3779/1796 1443/3785/1796 1444/3786/1796 3374/3782/1796
f 3374/3782/1797 1444/3786/1797 204/3787/1797 365/3788/1797
f 3373/3780/1798 3374/3782/1798 365/3788/1798 366/3789/1798
f 3372/3781/1799 3373/3780/1799 366/3789/1799 367/3790/1799
f 361/3791/1687 3372/3781/1687 367/3790/1687 25/3792/1687
f 360/3793/1728 3369/3777/1728 3372/3781/1728 361/3791/1728
f 359/3783/1800 3366/3774/1800 3369/3777/1800 360/3793/1800
f 3375/3794/1801 3376/3795/1801 3379/3796/1801 3378/3797/1801
f 3376/3795/1802 3377/3798/1802 3380/3799/1802 3379/3796/1802
f 3378/3797/1803 3379/3796/1803 3382/3800/1803 3381/3801/1803
f 3379/3796/1804 3380/3799/1804 3383/3802/1804 3382/3800/1804
f 25/3792/1805 367/3790/1805 3375/3794/1805 368/3803/1805
f 367/3790/1806 366/3789/1806 3376/3795/1806 3375/3794/1806
f 366/3789/1807 365/3788/1807 3377/3798/1807 3376/3795/1807
f 365/3788/1808 204/3787/1808 1445/3316/1808 3377/3798/1808
f 3377/3798/1809 1445/3316/1809 1446/3804/1809 3380/3799/1809
f 3380/3799/1810 1446/3804/1810 1447/3805/1810 3383/3802/1810
f 3383/3802/1811 1447/3805/1811 205/3806/1811 374/3807/1811
f 3382/3800/1812 3383/3802/1812 374/3807/1812 375/3808/1812
f 3381/3801/1813 3382/3800/1813 375/3808/1813 376/3809/1813
f 370/3810/1703 3381/3801/1703 376/3809/1703 27/3811/1703
f 369/3812/1743 3378/3797/1743 3381/3801/1743 370/3810/1743
f 368/3803/1814 3375/3794/1814 3378/3797/1814 369/3812/1814
f 3384/3813/1815 3385/3814/1815 3388/3815/1815 3387/3816/1815
f 3385/3814/1816 3386/3817/1816 3389/3818/1816 3388/3815/1816
f 3387/3816/1817 3388/3815/1817 3391/3819/1817 3390/3820/1817
f 3388/3815/1818 3389/3818/1818 3392/3821/1818 3391/3819/1818
f 27/3811/1819 376/3809/1819 3384/3813/1819 377/3822/1819
f 376/3809/1820 375/3808/1820 3385/3814/1820 3384/3813/1820
f 375/3808/1821 374/3807/1821 3386/3817/1821 3385/3814/1821
f 374/3807/1822 205/3806/1822 1448/3823/1822 3386/3817/1822
f 3386/3817/1823 1448/3823/1823 1449/3824/1823 3389/3818/1823
f 3389/3818/1824 1449/3824/1824 1450/3825/1824 3392/3821/1824
f 3392/3821/1825 1450/3825/1825 206/3826/1825 383/3827/1825
f 3391/3819/1826 3392/3821/1826 383/3827/1826 384/3828/1826
f 3390/3820/1827 3391/3819/1827 384/3828/1827 385/3829/1827
f 379/3830/1828 3390/3820/1828 385/3829/1828 29/3831/1828
f 378/3832/1757 3387/3816/1757 3390/3820/1757 379/3830/1757
f 377/3822/1829 3384/3813/1829 3387/3816/1829 378/3832/1829
f 3393/3833/1830 3394/3834/1830 3397/3835/1830 3396/3836/1830
f 3394/3834/1831 3395/3837/1831 3398/3838/1831 3397/3835/1831
f 3396/3836/1832 3397/3835/1832 3400/3839/1832 3399/3840/1832
f 3397/3835/1833 3398/3838/1833 3401/3841/1833 3400/3839/1833
f 29/3831/1834 385/3829/1834 3393/3833/1834 386/3842/1834
f 385/3829/1835 384/3828/1835 3394/3834/1835 3393/3833/1835
f 384/3828/1836 383/3827/1836 3395/3837/1836 3394/3834/1836
f 383/3827/1837 206/3826/1837 1451/3843/1837 3395/3837/1837
f 3395/3837/1838 1451/3843/1838 1452/3844/1838 3398/3838/1838
f 3398/3838/1839 1452/3844/1839 1453/3845/1839 3401/3841/1839
f 3401/3841/1840 1453/3845/1840 207/3846/1840 392/3847/1840
f 3400/3839/1841 3401/3841/1841 392/3847/1841 393/3848/1841
f 3399/3840/1842 3400/3839/1842 393/3848/1842 394/3849/1842
f 388/3850/1733 3399/3840/1733 394/3849/1733 31/3851/1733
f 387/3852/1772 3396/3836/1772 3399/3840/1772 388/3850/1772
f 386/3842/1843 3393/3833/1843 3396/3836/1843 387/3852/1843
f 3402/3853/1844 3403/3854/1844 3406/3855/1844 3405/3856/1844
f 3403/3854/1845 3404/3857/1845 3407/3858/1845 3406/3855/1845
f 3405/3856/1846 3406/3855/1846 3409/3859/1846 3408/3860/1846
f 3406/3855/1847 3407/3858/1847 3410/3861/1847 3409/3859/1847
f 31/3851/1848 394/3849/1848 3402/3853/1848 395/3862/1848
f 394/3849/1849 393/3848/1849 3403/3854/1849 3402/3853/1849
f 393/3848/1850 392/3847/1850 3404/3857/1850 3403/3854/1850
f 392/3847/1851 207/3846/1851 1454/3863/1851 3404/3857/1851
f 3404/3857/1852 1454/3863/1852 1455/3864/1852 3407/3858/1852
f 3407/3858/1853 1455/3864/1853 1456/3865/1853 3410/3861/1853
f 3410/3861/1854 1456/3865/1854 208/3236/1854 401/3866/1854
f 3409/3859/1855 3410/3861/1855 401/3866/1855 402/3867/1855
f 3408/3860/1856 3409/3859/1856 402/3867/1856 403/3868/1856
f 397/3869/1857 3408/3860/1857 403/3868/1857 33/3870/1857
f 396/3871/1786 3405/3856/1786 3408/3860/1786 397/3869/1786
f 395/3862/1858 3402/3853/1858 3405/3856/1858 396/3871/1858
f 3411/3872/1859 3412/3873/1859 3415/3874/1859 3414/3875/1859
f 3412/3873/1860 3413/3876/1860 3416/3877/1860 3415/3874/1860
f 3414/3875/1861 3415/3874/1861 3418/3878/1861 3417/3879/1861
f 3415/3874/1862 3416/3877/1862 3419/3880/1862 3418/3878/1862
f 33/3870/1863 403/3868/1863 3411/3872/1863 404/3881/1863
f 403/3868/1864 402/3867/1864 3412/3873/1864 3411/3872/1864
f 402/3867/1865 401/3866/1865 3413/3876/1865 3412/3873/1865
f 401/3866/1866 208/3236/1866 1457/3882/1866 3413/3876/1866
f 3413/3876/1867 1457/3882/1867 1458/3883/1867 3416/3877/1867
f 3416/3877/1868 1458/3883/1868 1459/3884/1868 3419/3880/1868
f 3419/3880/1869 1459/3884/1869 209/3885/1869 410/3886/1869
f 3418/3878/1870 3419/3880/1870 410/3886/1870 411/3887/1870
f 3417/3879/1871 3418/3878/1871 411/3887/1871 412/3888/1871
f 406/3889/1762 3417/3879/1762 412/3888/1762 35/3890/1762
f 405/3891/1800 3414/3875/1800 3417/3879/1800 406/3889/1800
f 404/3881/1872 3411/3872/1872 3414/3875/1872 405/3891/1872
f 3420/3892/1873 3421/3893/1873 3424/3894/1873 3423/3895/1873
f 3421/3893/1874 3422/3896/1874 3425/3897/1874 3424/3894/1874
f 3423/3895/1875 3424/3894/1875 3427/3898/1875 3426/3899/1875
f 3424/3894/1876 3425/3897/1876 3428/3900/1876 3427/3898/1876
f 35/3890/1877 412/3888/1877 3420/3892/1877 413/3901/1877
f 412/3888/1878 411/3887/1878 3421/3893/1878 3420/3892/1878
f 411/3887/1879 410/3886/1879 3422/3896/1879 3421/3893/1879
f 410/3886/1880 209/3885/1880 1460/3902/1880 3422/3896/1880
f 3422/3896/1881 1460/3902/1881 1461/3903/1881 3425/3897/1881
f 3425/3897/1882 1461/3903/1882 1462/3904/1882 3428/3900/1882
f 3428/3900/1883 1462/3904/1883 210/3905/1883 419/3906/1883
f 3427/3898/1884 3428/3900/1884 419/3906/1884 420/3907/1884
f 3426/3899/1885 3427/3898/1885 420/3907/1885 421/3908/1885
f 415/3909/1886 3426/3899/1886 421/3908/1886 37/3910/1886
f 414/3911/1814 3423/3895/1814 3426/3899/1814 415/3909/1814
f 413/3901/1887 3420/3892/1887 3423/3895/1887 414/3911/1887
f 3429/3912/1888 3430/3913/1888 3433/3914/1888 3432/3915/1888
f 3430/3913/1889 3431/3916/1889 3434/3917/1889 3433/3914/1889
f 3432/3915/1890 3433/3914/1890 3436/3918/1890 3435/3919/1890
f 3433/3914/1891 3434/3917/1891 3437/3920/1891 3436/3918/1891
f 37/3910/1892 421/3908/1892 3429/3912/1892 422/3921/1892
f 421/3908/1893 420/3907/1893 3430/3913/1893 3429/3912/1893
f 420/3907/1894 419/3906/1894 3431/3916/1894 3430/3913/1894
f 419/3906/1895 210/3905/1895 1463/3922/1895 3431/3916/1895
f 3431/3916/1896 1463/3922/1896 1464/3923/1896 3434/3917/1896
f 3434/3917/1897 1464/3923/1897 1465/3924/1897 3437/3920/1897
f 3437/3920/1898 1465/3924/1898 211/3177/1898 428/3925/1898
f 3436/3918/1899 3437/3920/1899 428/3925/1899 429/3926/1899
f 3435/3919/1900 3436/3918/1900 429/3926/1900 430/3927/1900
f 424/3928/1791 3435/3919/1791 430/3927/1791 39/3929/1791
f 423/3930/1829 3432/3915/1829 3435/3919/1829 424/3928/1829
f 422/3921/1901 3429/3912/1901 3432/3915/1901 423/3930/1901
f 3438/3931/1902 3439/3932/1902 3442/3933/1902 3441/3934/1902
f 3439/3932/1903 3440/3935/1903 3443/3936/1903 3442/3933/1903
f 3441/3934/1904 3442/3933/1904 3445/3937/1904 3444/3938/1904
f 3442/3933/1905 3443/3936/1905 3446/3939/1905 3445/3937/1905
f 39/3929/1906 430/3927/1906 3438/3931/1906 431/3940/1906
f 430/3927/1907 429/3926/1907 3439/3932/1907 3438/3931/1907
f 429/3926/1908 428/3925/1908 3440/3935/1908 3439/3932/1908
f 428/3925/1909 211/3177/1909 1466/3179/1909 3440/3935/1909
f 3440/3935/1910 1466/3179/1910 1467/3941/1910 3443/3936/1910
f 3443/3936/1911 1467/3941/1911 1468/3942/1911 3446/3939/1911
f 3446/3939/1912 1468/3942/1912 212/3943/1912 437/3944/1912
f 3445/3937/1913 3446/3939/1913 437/3944/1913 438/3945/1913
f 3444/3938/1914 3445/3937/1914 438/3945/1914 439/3946/1914
f 433/3947/1805 3444/3938/1805 439/3946/1805 41/3948/1805
f 432/3949/1843 3441/3934/1843 3444/3938/1843 433/3947/1843
f 431/3940/1915 3438/3931/1915 3441/3934/1915 432/3949/1915
f 3447/3950/1916 3448/3951/1916 3451/3952/1916 3450/3953/1916
f 3448/3951/1917 3449/3954/1917 3452/3955/1917 3451/3952/1917
f 3450/3953/1918 3451/3952/1918 3454/3956/1918 3453/3957/1918
f 3451/3952/1919 3452/3955/1919 3455/3958/1919 3454/3956/1919
f 41/3948/1920 439/3946/1920 3447/3950/1920 440/3959/1920
f 439/3946/1921 438/3945/1921 3448/3951/1921 3447/3950/1921
f 438/3945/1922 437/3944/1922 3449/3954/1922 3448/3951/1922
f 437/3944/1923 212/3943/1923 1469/3960/1923 3449/3954/1923
f 3449/3954/1924 1469/3960/1924 1470/3167/1924 3452/3955/1924
f 3452/3955/1925 1470/3167/1925 1471/3166/1925 3455/3958/1925
f 3455/3958/1926 1471/3166/1926 213/3961/1926 446/3962/1926
f 3454/3956/1927 3455/3958/1927 446/3962/1927 447/3963/1927
f 3453/3957/1928 3454/3956/1928 447/3963/1928 448/3964/1928
f 442/3965/1819 3453/3957/1819 448/3964/1819 43/3966/1819
f 441/3967/1858 3450/3953/1858 3453/3957/1858 442/3965/1858
f 440/3959/1929 3447/3950/1929 3450/3953/1929 441/3967/1929
f 3456/3968/1930 3457/3969/1930 3460/3970/1930 3459/3971/1930
f 3457/3969/1931 3458/3972/1931 3461/3973/1931 3460/3970/1931
f 3459/3971/1932 3460/3970/1932 3463/3974/1932 3462/3975/1932
f 3460/3970/1933 3461/3973/1933 3464/3976/1933 3463/3974/1933
f 43/3966/1934 448/3964/1934 3456/3968/1934 449/3977/1934
f 448/3964/1935 447/3963/1935 3457/3969/1935 3456/3968/1935
f 447/3963/1936 446/3962/1936 3458/3972/1936 3457/3969/1936
f 446/3962/1937 213/3961/1937 1472/3140/1937 3458/3972/1937
f 3458/3972/1938 1472/3140/1938 1473/3978/1938 3461/3973/1938
f 3461/3973/1939 1473/3978/1939 1474/3979/1939 3464/3976/1939
f 3464/3976/1940 1474/3979/1940 214/3980/1940 455/3981/1940
f 3463/3974/1941 3464/3976/1941 455/3981/1941 456/3982/1941
f 3462/3975/1942 3463/3974/1942 456/3982/1942 457/3983/1942
f 451/3984/1943 3462/3975/1943 457/3983/1943 45/3985/1943
f 450/3986/1872 3459/3971/1872 3462/3975/1872 451/3984/1872
f 449/3977/1944 3456/3968/1944 3459/3971/1944 450/3986/1944
f 3465/3987/1945 3466/3988/1945 3469/3989/1945 3468/3990/1945
f 3466/3988/1946 3467/3991/1946 3470/3992/1946 3469/3989/1946
f 3468/3990/1947 3469/3989/1947 3472/3993/1947 3471/3994/1947
f 3469/3989/1948 3470/3992/1948 3473/3995/1948 3472/3993/1948
f 45/3985/1949 457/3983/1949 3465/3987/1949 458/3996/1949
f 457/3983/1950 456/3982/1950 3466/3988/1950 3465/3987/1950
f 456/3982/1951 455/3981/1951 3467/3991/1951 3466/3988/1951
f 455/3981/1952 214/3980/1952 1475/3997/1952 3467/3991/1952
f 3467/3991/1953 1475/3997/1953 1476/3998/1953 3470/3992/1953
f 3470/3992/1954 1476/3998/1954 1477/3127/1954 3473/3995/1954
f 3473/3995/1955 1477/3127/1955 215/3999/1955 464/4000/1955
f 3472/3993/1956 3473/3995/1956 464/4000/1956 465/4001/1956
f 3471/3994/1957 3472/3993/1957 465/4001/1957 466/4002/1957
f 460/4003/1848 3471/3994/1848 466/4002/1848 47/4004/1848
f 459/4005/1887 3468/3990/1887 3471/3994/1887 460/4003/1887
f 458/3996/1958 3465/3987/1958 3468/3990/1958 459/4005/1958
f 3474/4006/1959 3475/4007/1959 3478/4008/1959 3477/4009/1959
f 3475/4007/1960 3476/4010/1960 3479/4011/1960 3478/4008/1960
f 3477/4009/1961 3478/4008/1961 3481/4012/1961 3480/4013/1961
f 3478/4008/1962 3479/4011/1962 3482/4014/1962 3481/4012/1962
f 47/4004/1963 466/4002/1963 3474/4006/1963 467/4015/1963
f 466/4002/1964 465/4001/1964 3475/4007/1964 3474/4006/1964
f 465/4001/1965 464/4000/1965 3476/4010/1965 3475/4007/1965
f 464/4000/1966 215/3999/1966 1478/4016/1966 3476/4010/1966
f 3476/4010/1967 1478/4016/1967 1479/4017/1967 3479/4011/1967
f 3479/4011/1968 1479/4017/1968 1480/4018/1968 3482/4014/1968
f 3482/4014/1969 1480/4018/1969 216/4019/1969 473/4020/1969
f 3481/4012/1970 3482/4014/1970 473/4020/1970 474/4021/1970
f 3480/4013/1971 3481/4012/1971 474/4021/1971 475/4022/1971
f 469/4023/1972 3480/4013/1972 475/4022/1972 49/4024/1972
f 468/4025/1901 3477/4009/1901 3480/4013/1901 469/4023/1901
f 467/4015/1973 3474/4006/1973 3477/4009/1973 468/4025/1973
f 3483/4026/1974 3484/4027/1974 3487/4028/1974 3486/4029/1974
f 3484/4027/1975 3485/4030/1975 3488/4031/1975 3487/4028/1975
f 3486/4029/1976 3487/4028/1976 3490/4032/1976 3489/4033/1976
f 3487/4028/1977 3488/4031/1977 3491/4034/1977 3490/4032/1977
f 49/4024/1978 475/4022/1978 3483/4026/1978 476/4035/1978
f 475/4022/1979 474/4021/1979 3484/4027/1979 3483/4026/1979
f 474/4021/1980 473/4020/1980 3485/4030/1980 3484/4027/1980
f 473/4020/1981 216/4019/1981 1481/4036/1981 3485/4030/1981
f 3485/4030/1982 1481/4036/1982 1482/4037/1982 3488/4031/1982
f 3488/4031/1983 1482/4037/1983 1483/4038/1983 3491/4034/1983
f 3491/4034/1984 1483/4038/1984 217/4039/1984 482/4040/1984
f 3490/4032/1985 3491/4034/1985 482/4040/1985 483/4041/1985
f 3489/4033/1986 3490/4032/1986 483/4041/1986 484/4042/1986
f 478/4043/1877 3489/4033/1877 484/4042/1877 51/4044/1877
f 477/4045/1915 3486/4029/1915 3489/4033/1915 478/4043/1915
f 476/4035/1987 3483/4026/1987 3486/4029/1987 477/4045/1987
f 3492/4046/1988 3493/4047/1988 3496/4048/1988 3495/4049/1988
f 3493/4047/1989 3494/4050/1989 3497/4051/1989 3496/4048/1989
f 3495/4049/1990 3496/4048/1990 3499/4052/1990 3498/4053/1990
f 3496/4048/1991 3497/4051/1991 3500/4054/1991 3499/4052/1991
f 51/4044/1632 484/4042/1632 3492/4046/1632 485/4055/1632
f 484/4042/1992 483/4041/1992 3493/4047/1992 3492/4046/1992
f 483/4041/1993 482/4040/1993 3494/4050/1993 3493/4047/1993
f 482/4040/1994 217/4039/1994 1484/3061/1994 3494/4050/1994
f 3494/4050/1995 1484/3061/1995 1485/4056/1995 3497/4051/1995
f 3497/4051/1996 1485/4056/1996 1486/4057/1996 3500/4054/1996
f 3500/4054/1997 1486/4057/1997 218/4058/1997 491/4059/1997
f 3499/4052/1998 3500/4054/1998 491/4059/1998 492/4060/1998
f 3498/4053/1999 3499/4052/1999 492/4060/1999 493/4061/1999
f 487/4062/2000 3498/4053/2000 493/4061/2000 53/4063/2000
f 486/4064/1929 3495/4049/1929 3498/4053/1929 487/4062/1929
f 485/4055/2001 3492/4046/2001 3495/4049/2001 486/4064/2001
f 3501/4065/2002 3502/4066/2002 3505/4067/2002 3504/4068/2002
f 3502/4066/2003 3503/4069/2003 3506/4070/2003 3505/4067/2003
f 3504/4068/2004 3505/4067/2004 3508/4071/2004 3507/4072/2004
f 3505/4067/2005 3506/4070/2005 3509/4073/2005 3508/4071/2005
f 53/4063/2006 493/4061/2006 3501/4065/2006 494/4074/2006
f 493/4061/2007 492/4060/2007 3502/4066/2007 3501/4065/2007
f 492/4060/2008 491/4059/2008 3503/4069/2008 3502/4066/2008
f 491/4059/2009 218/4058/2009 1487/4075/2009 3503/4069/2009
f 3503/4069/2010 1487/4075/2010 1488/4076/2010 3506/4070/2010
f 3506/4070/2011 1488/4076/2011 1489/4077/2011 3509/4073/2011
f 3509/4073/2012 1489/4077/2012 219/4078/2012 500/4079/2012
f 3508/4071/2013 3509/4073/2013 500/4079/2013 501/4080/2013
f 3507/4072/2014 3508/4071/2014 501/4080/2014 502/4081/2014
f 496/4082/1906 3507/4072/1906 502/4081/1906 55/4083/1906
f 495/4084/1944 3504/4068/1944 3507/4072/1944 496/4082/1944
f 494/4074/2015 3501/4065/2015 3504/4068/2015 495/4084/2015
f 3510/4085/2016 3511/4086/2016 3514/4087/2016 3513/4088/2016
f 3511/4086/2017 3512/4089/2017 3515/4090/2017 3514/4087/2017
f 3513/4088/2018 3514/4087/2018 3517/4091/2018 3516/4092/2018
f 3514/4087/2019 3515/4090/2019 3518/4093/2019 3517/4091/2019
f 55/4083/1664 502/4081/1664 3510/4085/1664 503/4094/1664
f 502/4081/2020 501/4080/2020 3511/4086/2020 3510/4085/2020
f 501/4080/2021 500/4079/2021 3512/4089/2021 3511/4086/2021
f 500/4079/2022 219/4078/2022 1490/4095/2022 3512/4089/2022
f 3512/4089/2023 1490/4095/2023 1491/4096/2023 3515/4090/2023
f 3515/4090/2024 1491/4096/2024 1492/4097/2024 3518/4093/2024
f 3518/4093/2025 1492/4097/2025 220/2999/2025 509/4098/2025
f 3517/4091/2026 3518/4093/2026 509/4098/2026 510/4099/2026
f 3516/4092/2027 3517/4091/2027 510/4099/2027 511/4100/2027
f 505/4101/1920 3516/4092/1920 511/4100/1920 57/4102/1920
f 504/4103/1958 3513/4088/1958 3516/4092/1958 505/4101/1958
f 503/4094/1633 3510/4085/1633 3513/4088/1633 504/4103/1633
f 3519/4104/2028 3520/4105/2028 3523/4106/2028 3522/4107/2028
f 3520/4105/2029 3521/4108/2029 3524/4109/2029 3523/4106/2029
f 3522/4107/2030 3523/4106/2030 3526/4110/2030 3525/4111/2030
f 3523/4106/2031 3524/4109/2031 3527/4112/2031 3526/4110/2031
f 57/4102/1680 511/4100/1680 3519/4104/1680 512/4113/1680
f 511/4100/2032 510/4099/2032 3520/4105/2032 3519/4104/2032
f 510/4099/2033 509/4098/2033 3521/4108/2033 3520/4105/2033
f 509/4098/2034 220/2999/2034 1493/4114/2034 3521/4108/2034
f 3521/4108/2035 1493/4114/2035 1494/4115/2035 3524/4109/2035
f 3524/4109/2036 1494/4115/2036 1495/4116/2036 3527/4112/2036
f 3527/4112/2037 1495/4116/2037 221/4117/2037 518/4118/2037
f 3526/4110/2038 3527/4112/2038 518/4118/2038 519/4119/2038
f 3525/4111/2039 3526/4110/2039 519/4119/2039 520/4120/2039
f 514/4121/1934 3525/4111/1934 520/4120/1934 59/4122/1934
f 513/4123/1973 3522/4107/1973 3525/4111/1973 514/4121/1973
f 512/4113/1649 3519/4104/1649 3522/4107/1649 513/4123/1649
f 3528/4124/2040 3529/4125/2040 3532/4126/2040 3531/4127/2040
f 3529/4125/2041 3530/4128/2041 3533/4129/2041 3532/4126/2041
f 3531/4127/2042 3532/4126/2042 3535/4130/2042 3534/4131/2042
f 3532/4126/2043 3533/4129/2043 3536/4132/2043 3535/4130/2043
f 59/4122/1696 520/4120/1696 3528/4124/1696 521/4133/1696
f 520/4120/2044 519/4119/2044 3529/4125/2044 3528/4124/2044
f 519/4119/2045 518/4118/2045 3530/4128/2045 3529/4125/2045
f 518/4118/2046 221/4117/2046 1496/2982/2046 3530/4128/2046
f 3530/4128/2047 1496/2982/2047 1497/4134/2047 3533/4129/2047
f 3533/4129/2048 1497/4134/2048 1498/4135/2048 3536/4132/2048
f 3536/4132/2049 1498/4135/2049 222/4136/2049 527/4137/2049
f 3535/4130/2050 3536/4132/2050 527/4137/2050 528/4138/2050
f 3534/4131/2051 3535/4130/2051 528/4138/2051 529/4139/2051
f 523/4140/2052 3534/4131/2052 529/4139/2052 61/4141/2052
f 522/4142/1987 3531/4127/1987 3534/4131/1987 523/4140/1987
f 521/4133/1665 3528/4124/1665 3531/4127/1665 522/4142/1665
f 3537/4143/2053 3538/4144/2053 3541/4145/2053 3540/4146/2053
f 3538/4144/2054 3539/4147/2054 3542/4148/2054 3541/4145/2054
f 3540/4146/2055 3541/4145/2055 3544/4149/2055 3543/4150/2055
f 3541/4145/2056 3542/4148/2056 3545/4151/2056 3544/4149/2056
f 61/4141/2057 529/4139/2057 3537/4143/2057 530/4152/2057
f 529/4139/2058 528/4138/2058 3538/4144/2058 3537/4143/2058
f 528/4138/2059 527/4137/2059 3539/4147/2059 3538/4144/2059
f 527/4137/2060 222/4136/2060 1499/4153/2060 3539/4147/2060
f 3539/4147/2061 1499/4153/2061 1500/4154/2061 3542/4148/2061
f 3542/4148/2062 1500/4154/2062 1501/4155/2062 3545/4151/2062
f 3545/4151/2063 1501/4155/2063 223/2936/2063 536/4156/2063
f 3544/4149/2064 3545/4151/2064 536/4156/2064 537/4157/2064
f 3543/4150/2065 3544/4149/2065 537/4157/2065 538/4158/2065
f 532/4159/1963 3543/4150/1963 538/4158/1963 63/4160/1963
f 531/4161/2001 3540/4146/2001 3543/4150/2001 532/4159/2001
f 530/4152/1681 3537/4143/1681 3540/4146/1681 531/4161/1681
f 3546/4162/2066 3547/4163/2066 3550/4164/2066 3549/4165/2066
f 3547/4163/2067 3548/4166/2067 3551/4167/2067 3550/4164/2067
f 3549/4165/2068 3550/4164/2068 3553/4168/2068 3552/4169/2068
f 3550/4164/2069 3551/4167/2069 3554/4170/2069 3553/4168/2069
f 63/4160/1727 538/4158/1727 3546/4162/1727 539/4171/1727
f 538/4158/2070 537/4157/2070 3547/4163/2070 3546/4162/2070
f 537/4157/2071 536/4156/2071 3548/4166/2071 3547/4163/2071
f 536/4156/2072 223/2936/2072 1502/2938/2072 3548/4166/2072
f 3548/4166/2073 1502/2938/2073 1503/2946/2073 3551/4167/2073
f 3551/4167/2074 1503/2946/2074 1504/2944/2074 3554/4170/2074
f 3554/4170/2075 1504/2944/2075 224/2945/2075 1408/4172/2075
f 3553/4168/2076 3554/4170/2076 1408/4172/2076 1407/4173/2076
f 3552/4169/2077 3553/4168/2077 1407/4173/2077 1406/4174/2077
f 541/4175/2078 3552/4169/2078 1406/4174/2078 1/4176/2078
f 540/4177/2015 3549/4165/2015 3552/4169/2015 541/4175/2015
f 539/4171/1697 3546/4162/1697 3549/4165/1697 540/4177/1697
f 3555/4178/2079 3556/4179/2079 3559/4180/2079 3558/4181/2079
f 3556/4179/2080 3557/4182/2080 3560/4183/2080 3559/4180/2080
f 3558/4181/2081 3559/4180/2081 3562/4184/2081 3561/4185/2081
f 3559/4180/2082 3560/4183/2082 3563/4186/2082 3562/4184/2082
f 20/4187/2083 761/4188/2083 3555/4178/2083 1511/4189/2083
f 761/4188/2084 762/4190/2084 3556/4179/2084 3555/4178/2084
f 762/4190/2085 763/1717/2085 3557/4182/2085 3556/4179/2085
f 763/1717/2086 18/4191/2086 1120/4192/2086 3557/4182/2086
f 3557/4182/2087 1120/4192/2087 1119/4193/2087 3560/4183/2087
f 3560/4183/2088 1119/4193/2088 1118/4194/2088 3563/4186/2088
f 3563/4186/2089 1118/4194/2089 256/4195/2089 1601/4196/2089
f 3562/4184/2090 3563/4186/2090 1601/4196/2090 1602/4197/2090
f 3561/4185/2091 3562/4184/2091 1602/4197/2091 1603/4198/2091
f 1513/4199/2092 3561/4185/2092 1603/4198/2092 227/4200/2092
f 1512/4201/2093 3558/4181/2093 3561/4185/2093 1513/4199/2093
f 1511/4189/2094 3555/4178/2094 3558/4181/2094 1512/4201/2094
f 3564/4202/2095 3565/4203/2095 3568/4204/2095 3567/4205/2095
f 3565/4203/2096 3566/4206/2096 3569/4207/2096 3568/4204/2096
f 3567/4205/2097 3568/4204/2097 3571/4208/2097 3570/4209/2097
f 3568/4204/2098 3569/4207/2098 3572/4210/2098 3571/4208/2098
f 46/1974/2099 800/1973/2099 3564/4202/2099 1505/4211/2099
f 800/1973/2100 801/1972/2100 3565/4203/2100 3564/4202/2100
f 801/1972/2101 802/4212/2101 3566/4206/2101 3565/4203/2101
f 802/4212/2102 44/4213/2102 1117/4214/2102 3566/4206/2102
f 3566/4206/2103 1117/4214/2103 1116/4215/2103 3569/4207/2103
f 3569/4207/2104 1116/4215/2104 1115/4216/2104 3572/4210/2104
f 3572/4210/2105 1115/4216/2105 255/4217/2105 1604/4218/2105
f 3571/4208/2106 3572/4210/2106 1604/4218/2106 1605/4219/2106
f 3570/4209/2107 3571/4208/2107 1605/4219/2107 1606/4220/2107
f 1507/4221/2108 3570/4209/2108 1606/4220/2108 225/4222/2108
f 1506/4223/2109 3567/4205/2109 3570/4209/2109 1507/4221/2109
f 1505/4211/2110 3564/4202/2110 3567/4205/2110 1506/4223/2110
f 3573/4224/2111 3574/4225/2111 3577/4226/2111 3576/4227/2111
f 3574/4225/2112 3575/4228/2112 3578/4229/2112 3577/4226/2112
f 3576/4227/2113 3577/4226/2113 3580/4230/2113 3579/4231/2113
f 3577/4226/2114 3578/4229/2114 3581/4232/2114 3580/4230/2114
f 18/4191/2115 758/4233/2115 3573/4224/2115 1120/4192/2115
f 758/4233/2116 759/4234/2116 3574/4225/2116 3573/4224/2116
f 759/4234/2117 760/1698/2117 3575/4228/2117 3574/4225/2117
f 760/1698/2118 16/4235/2118 1114/4236/2118 3575/4228/2118
f 3575/4228/2119 1114/4236/2119 1113/4237/2119 3578/4229/2119
f 3578/4229/2120 1113/4237/2120 1112/4238/2120 3581/4232/2120
f 3581/4232/2121 1112/4238/2121 254/4239/2121 1607/4240/2121
f 3580/4230/2122 3581/4232/2122 1607/4240/2122 1608/4241/2122
f 3579/4231/2123 3580/4230/2123 1608/4241/2123 1609/4242/2123
f 1118/4194/2124 3579/4231/2124 1609/4242/2124 256/4195/2124
f 1119/4193/2125 3576/4227/2125 3579/4231/2125 1118/4194/2125
f 1120/4192/2126 3573/4224/2126 3576/4227/2126 1119/4193/2126
f 3582/4243/2127 3583/4244/2127 3586/4245/2127 3585/4246/2127
f 3583/4244/2128 3584/4247/2128 3587/4248/2128 3586/4245/2128
f 3585/4246/2129 3586/4245/2129 3589/4249/2129 3588/4250/2129
f 3586/4245/2130 3587/4248/2130 3590/4251/2130 3589/4249/2130
f 44/4213/2131 797/4252/2131 3582/4243/2131 1117/4214/2131
f 797/4252/2132 798/4253/2132 3583/4244/2132 3582/4243/2132
f 798/4253/2133 799/4254/2133 3584/4247/2133 3583/4244/2133
f 799/4254/2134 42/4255/2134 1111/4256/2134 3584/4247/2134
f 3584/4247/2135 1111/4256/2135 1110/4257/2135 3587/4248/2135
f 3587/4248/2136 1110/4257/2136 1109/4258/2136 3590/4251/2136
f 3590/4251/2137 1109/4258/2137 253/4259/2137 1610/4260/2137
f 3589/4249/2138 3590/4251/2138 1610/4260/2138 1611/4261/2138
f 3588/4250/2139 3589/4249/2139 1611/4261/2139 1612/4262/2139
f 1115/4216/2140 3588/4250/2140 1612/4262/2140 255/4217/2140
f 1116/4215/2141 3585/4246/2141 3588/4250/2141 1115/4216/2141
f 1117/4214/2142 3582/4243/2142 3585/4246/2142 1116/4215/2142
f 3591/4263/2143 3592/4264/2143 3595/4265/2143 3594/4266/2143
f 3592/4264/2144 3593/4267/2144 3596/4268/2144 3595/4265/2144
f 3594/4266/2145 3595/4265/2145 3598/4269/2145 3597/4270/2145
f 3595/4265/2146 3596/4268/2146 3599/4271/2146 3598/4269/2146
f 16/4235/2147 755/1680/2147 3591/4263/2147 1114/4236/2147
f 755/1680/2148 756/1679/2148 3592/4264/2148 3591/4263/2148
f 756/1679/2149 757/4272/2149 3593/4267/2149 3592/4264/2149
f 757/4272/2150 14/4273/2150 1108/4274/2150 3593/4267/2150
f 3593/4267/2151 1108/4274/2151 1107/4275/2151 3596/4268/2151
f 3596/4268/2152 1107/4275/2152 1106/4276/2152 3599/4271/2152
f 3599/4271/2153 1106/4276/2153 252/4277/2153 1613/4278/2153
f 3598/4269/2154 3599/4271/2154 1613/4278/2154 1614/2864/2154
f 3597/4270/2155 3598/4269/2155 1614/2864/2155 1615/4279/2155
f 1112/4238/2156 3597/4270/2156 1615/4279/2156 254/4239/2156
f 1113/4237/2157 3594/4266/2157 3597/4270/2157 1112/4238/2157
f 1114/4236/2158 3591/4263/2158 3594/4266/2158 1113/4237/2158
f 3600/4280/2159 3601/4281/2159 3604/4282/2159 3603/4283/2159
f 3601/4281/2160 3602/4284/2160 3605/4285/2160 3604/4282/2160
f 3603/4283/2161 3604/4282/2161 3607/4286/2161 3606/4287/2161
f 3604/4282/2162 3605/4285/2162 3608/4288/2162 3607/4286/2162
f 42/4255/2163 794/1934/2163 3600/4280/2163 1111/4256/2163
f 794/1934/2164 795/4289/2164 3601/4281/2164 3600/4280/2164
f 795/4289/2165 796/1932/2165 3602/4284/2165 3601/4281/2165
f 796/1932/2166 40/4290/2166 1105/4291/2166 3602/4284/2166
f 3602/4284/2167 1105/4291/2167 1104/4292/2167 3605/4285/2167
f 3605/4285/2168 1104/4292/2168 1103/4293/2168 3608/4288/2168
f 3608/4288/2169 1103/4293/2169 251/4294/2169 1616/4295/2169
f 3607/4286/2170 3608/4288/2170 1616/4295/2170 1617/4296/2170
f 3606/4287/2171 3607/4286/2171 1617/4296/2171 1618/4297/2171
f 1109/4258/2172 3606/4287/2172 1618/4297/2172 253/4259/2172
f 1110/4257/2173 3603/4283/2173 3606/4287/2173 1109/4258/2173
f 1111/4256/2174 3600/4280/2174 3603/4283/2174 1110/4257/2174
f 3609/4298/2175 3610/4299/2175 3613/4300/2175 3612/4301/2175
f 3610/4299/2176 3611/4302/2176 3614/4303/2176 3613/4300/2176
f 3612/4301/2177 3613/4300/2177 3616/4304/2177 3615/4305/2177
f 3613/4300/2178 3614/4303/2178 3617/4306/2178 3616/4304/2178
f 14/4273/2179 752/1661/2179 3609/4298/2179 1108/4274/2179
f 752/1661/2180 753/4307/2180 3610/4299/2180 3609/4298/2180
f 753/4307/2181 754/4308/2181 3611/4302/2181 3610/4299/2181
f 754/4308/2182 12/4309/2182 1102/4310/2182 3611/4302/2182
f 3611/4302/2183 1102/4310/2183 1101/4311/2183 3614/4303/2183
f 3614/4303/2184 1101/4311/2184 1100/4312/2184 3617/4306/2184
f 3617/4306/2185 1100/4312/2185 250/4313/2185 1619/4314/2185
f 3616/4304/2186 3617/4306/2186 1619/4314/2186 1620/4315/2186
f 3615/4305/2187 3616/4304/2187 1620/4315/2187 1621/4316/2187
f 1106/4276/2188 3615/4305/2188 1621/4316/2188 252/4277/2188
f 1107/4275/2189 3612/4301/2189 3615/4305/2189 1106/4276/2189
f 1108/4274/2190 3609/4298/2190 3612/4301/2190 1107/4275/2190
f 3618/4317/2191 3619/4318/2191 3622/4319/2191 3621/4320/2191
f 3619/4318/2192 3620/4321/2192 3623/4322/2192 3622/4319/2192
f 3621/4320/2193 3622/4319/2193 3625/4323/2193 3624/4324/2193
f 3622/4319/2194 3623/4322/2194 3626/4325/2194 3625/4323/2194
f 40/4290/2195 791/4326/2195 3618/4317/2195 1105/4291/2195
f 791/4326/2196 792/4327/2196 3619/4318/2196 3618/4317/2196
f 792/4327/2197 793/4328/2197 3620/4321/2197 3619/4318/2197
f 793/4328/2198 38/4329/2198 1099/4330/2198 3620/4321/2198
f 3620/4321/2199 1099/4330/2199 1098/4331/2199 3623/4322/2199
f 3623/4322/2200 1098/4331/2200 1097/4332/2200 3626/4325/2200
f 3626/4325/2201 1097/4332/2201 249/4333/2201 1622/4334/2201
f 3625/4323/2202 3626/4325/2202 1622/4334/2202 1623/4335/2202
f 3624/4324/2203 3625/4323/2203 1623/4335/2203 1624/4336/2203
f 1103/4293/2204 3624/4324/2204 1624/4336/2204 251/4294/2204
f 1104/4292/2205 3621/4320/2205 3624/4324/2205 1103/4293/2205
f 1105/4291/2206 3618/4317/2206 3621/4320/2206 1104/4292/2206
f 3627/4337/2207 3628/4338/2207 3631/4339/2207 3630/4340/2207
f 3628/4338/2208 3629/4341/2208 3632/4342/2208 3631/4339/2208
f 3630/4340/2209 3631/4339/2209 3634/4343/2209 3633/4344/2209
f 3631/4339/2210 3632/4342/2210 3635/4345/2210 3634/4343/2210
f 2/4346/2211 830/4347/2211 3627/4337/2211 1541/4348/2211
f 830/4347/2212 831/2165/2212 3628/4338/2212 3627/4337/2212
f 831/2165/2213 832/4349/2213 3629/4341/2213 3628/4338/2213
f 832/4349/2214 64/2148/2214 1096/4350/2214 3629/4341/2214
f 3629/4341/2215 1096/4350/2215 1095/4351/2215 3632/4342/2215
f 3632/4342/2216 1095/4351/2216 1094/4352/2216 3635/4345/2216
f 3635/4345/2217 1094/4352/2217 248/4353/2217 1625/4354/2217
f 3634/4343/2218 3635/4345/2218 1625/4354/2218 1626/4355/2218
f 3633/4344/2219 3634/4343/2219 1626/4355/2219 1627/2798/2219
f 1543/4356/2220 3633/4344/2220 1627/2798/2220 237/4357/2220
f 1542/4358/2221 3630/4340/2221 3633/4344/2221 1543/4356/2221
f 1541/4348/2222 3627/4337/2222 3630/4340/2222 1542/4358/2222
f 3636/4359/2223 3637/4360/2223 3640/4361/2223 3639/4362/2223
f 3637/4360/2224 3638/4363/2224 3641/4364/2224 3640/4361/2224
f 3639/4362/2225 3640/4361/2225 3643/4365/2225 3642/4366/2225
f 3640/4361/2226 3641/4364/2226 3644/4367/2226 3643/4365/2226
f 12/4309/2227 749/4368/2227 3636/4359/2227 1102/4310/2227
f 749/4368/2228 750/4369/2228 3637/4360/2228 3636/4359/2228
f 750/4369/2229 751/4370/2229 3638/4363/2229 3637/4360/2229
f 751/4370/2230 10/4371/2230 1093/4372/2230 3638/4363/2230
f 3638/4363/2231 1093/4372/2231 1092/4373/2231 3641/4364/2231
f 3641/4364/2232 1092/4373/2232 1091/4374/2232 3644/4367/2232
f 3644/4367/2233 1091/4374/2233 247/4375/2233 1628/4376/2233
f 3643/4365/2234 3644/4367/2234 1628/4376/2234 1629/4377/2234
f 3642/4366/2235 3643/4365/2235 1629/4377/2235 1630/4378/2235
f 1100/4312/2236 3642/4366/2236 1630/4378/2236 250/4313/2236
f 1101/4311/2237 3639/4362/2237 3642/4366/2237 1100/4312/2237
f 1102/4310/2238 3636/4359/2238 3639/4362/2238 1101/4311/2238
f 3645/4379/2239 3646/4380/2239 3649/4381/2239 3648/4382/2239
f 3646/4380/2240 3647/4383/2240 3650/4384/2240 3649/4381/2240
f 3648/4382/2241 3649/4381/2241 3652/4385/2241 3651/4386/2241
f 3649/4381/2242 3650/4384/2242 3653/4387/2242 3652/4385/2242
f 38/4329/2243 788/4388/2243 3645/4379/2243 1099/4330/2243
f 788/4388/2244 789/4389/2244 3646/4380/2244 3645/4379/2244
f 789/4389/2245 790/4390/2245 3647/4383/2245 3646/4380/2245
f 790/4390/2246 36/4391/2246 1090/4392/2246 3647/4383/2246
f 3647/4383/2247 1090/4392/2247 1089/4393/2247 3650/4384/2247
f 3650/4384/2248 1089/4393/2248 1088/4394/2248 3653/4387/2248
f 3653/4387/2249 1088/4394/2249 246/2713/2249 1631/2768/2249
f 3652/4385/2250 3653/4387/2250 1631/2768/2250 1632/4395/2250
f 3651/4386/2251 3652/4385/2251 1632/4395/2251 1633/4396/2251
f 1097/4332/2252 3651/4386/2252 1633/4396/2252 249/4333/2252
f 1098/4331/2253 3648/4382/2253 3651/4386/2253 1097/4332/2253
f 1099/4330/2254 3645/4379/2254 3648/4382/2254 1098/4331/2254
f 3654/4397/2255 3655/4398/2255 3658/4399/2255 3657/4400/2255
f 3655/4398/2256 3656/4401/2256 3659/4402/2256 3658/4399/2256
f 3657/4400/2257 3658/4399/2257 3661/4403/2257 3660/4404/2257
f 3658/4399/2258 3659/4402/2258 3662/4405/2258 3661/4403/2258
f 64/2148/2259 827/2147/2259 3654/4397/2259 1096/4350/2259
f 827/2147/2260 828/2146/2260 3655/4398/2260 3654/4397/2260
f 828/2146/2261 829/4406/2261 3656/4401/2261 3655/4398/2261
f 829/4406/2262 62/2130/2262 1087/4407/2262 3656/4401/2262
f 3656/4401/2263 1087/4407/2263 1086/4408/2263 3659/4402/2263
f 3659/4402/2264 1086/4408/2264 1085/4409/2264 3662/4405/2264
f 3662/4405/2265 1085/4409/2265 245/4410/2265 1634/4411/2265
f 3661/4403/2266 3662/4405/2266 1634/4411/2266 1635/4412/2266
f 3660/4404/2267 3661/4403/2267 1635/4412/2267 1636/4413/2267
f 1094/4352/2268 3660/4404/2268 1636/4413/2268 248/4353/2268
f 1095/4351/2269 3657/4400/2269 3660/4404/2269 1094/4352/2269
f 1096/4350/2270 3654/4397/2270 3657/4400/2270 1095/4351/2270
f 3663/4414/2271 3664/4415/2271 3667/4416/2271 3666/4417/2271
f 3664/4415/2272 3665/4418/2272 3668/4419/2272 3667/4416/2272
f 3666/4417/2273 3667/4416/2273 3670/4420/2273 3669/4421/2273
f 3667/4416/2274 3668/4419/2274 3671/4422/2274 3670/4420/2274
f 10/4371/2275 746/4423/2275 3663/4414/2275 1093/4372/2275
f 746/4423/2276 747/1620/2276 3664/4415/2276 3663/4414/2276
f 747/1620/2277 748/4424/2277 3665/4418/2277 3664/4415/2277
f 748/4424/2278 8/4425/2278 1084/4426/2278 3665/4418/2278
f 3665/4418/2279 1084/4426/2279 1083/4427/2279 3668/4419/2279
f 3668/4419/2280 1083/4427/2280 1082/4428/2280 3671/4422/2280
f 3671/4422/2281 1082/4428/2281 244/4429/2281 1637/4430/2281
f 3670/4420/2282 3671/4422/2282 1637/4430/2282 1638/4431/2282
f 3669/4421/2283 3670/4420/2283 1638/4431/2283 1639/4432/2283
f 1091/4374/2284 3669/4421/2284 1639/4432/2284 247/4375/2284
f 1092/4373/2285 3666/4417/2285 3669/4421/2285 1091/4374/2285
f 1093/4372/2286 3663/4414/2286 3666/4417/2286 1092/4373/2286
f 3672/4433/2287 3673/4434/2287 3676/4435/2287 3675/4436/2287
f 3673/4434/2288 3674/4437/2288 3677/4438/2288 3676/4435/2288
f 3675/4436/2289 3676/4435/2289 3679/4439/2289 3678/4440/2289
f 3676/4435/2290 3677/4438/2290 3680/4441/2290 3679/4439/2290
f 36/4391/2291 785/4442/2291 3672/4433/2291 1090/4392/2291
f 785/4442/2292 786/1876/2292 3673/4434/2292 3672/4433/2292
f 786/1876/2293 787/4443/2293 3674/4437/2293 3673/4434/2293
f 787/4443/2294 34/1858/2294 1081/4444/2294 3674/4437/2294
f 3674/4437/2295 1081/4444/2295 1080/4445/2295 3677/4438/2295
f 3677/4438/2296 1080/4445/2296 1079/4446/2296 3680/4441/2296
f 3680/4441/2297 1079/4446/2297 243/4447/2297 1640/4448/2297
f 3679/4439/2298 3680/4441/2298 1640/4448/2298 1641/4449/2298
f 3678/4440/2299 3679/4439/2299 1641/4449/2299 1642/2714/2299
f 1088/4394/2300 3678/4440/2300 1642/2714/2300 246/2713/2300
f 1089/4393/2301 3675/4436/2301 3678/4440/2301 1088/4394/2301
f 1090/4392/2302 3672/4433/2302 3675/4436/2302 1089/4393/2302
f 3681/4450/2303 3682/4451/2303 3685/4452/2303 3684/4453/2303
f 3682/4451/2304 3683/4454/2304 3686/4455/2304 3685/4452/2304
f 3684/4453/2305 3685/4452/2305 3688/4456/2305 3687/4457/2305
f 3685/4452/2306 3686/4455/2306 3689/4458/2306 3688/4456/2306
f 62/2130/2307 824/4459/2307 3681/4450/2307 1087/4407/2307
f 824/4459/2308 825/4460/2308 3682/4451/2308 3681/4450/2308
f 825/4460/2309 826/2127/2309 3683/4454/2309 3682/4451/2309
f 826/2127/2310 60/4461/2310 1078/4462/2310 3683/4454/2310
f 3683/4454/2311 1078/4462/2311 1077/4463/2311 3686/4455/2311
f 3686/4455/2312 1077/4463/2312 1076/4464/2312 3689/4458/2312
f 3689/4458/2313 1076/4464/2313 242/4465/2313 1643/4466/2313
f 3688/4456/2314 3689/4458/2314 1643/4466/2314 1644/2699/2314
f 3687/4457/2315 3688/4456/2315 1644/2699/2315 1645/4467/2315
f 1085/4409/2316 3687/4457/2316 1645/4467/2316 245/4410/2316
f 1086/4408/2317 3684/4453/2317 3687/4457/2317 1085/4409/2317
f 1087/4407/2318 3681/4450/2318 3684/4453/2318 1086/4408/2318
f 3690/4468/2319 3691/4469/2319 3694/4470/2319 3693/4471/2319
f 3691/4469/2320 3692/4472/2320 3695/4473/2320 3694/4470/2320
f 3693/4471/2321 3694/4470/2321 3697/4474/2321 3696/4475/2321
f 3694/4470/2322 3695/4473/2322 3698/4476/2322 3697/4474/2322
f 8/4425/2323 743/1601/2323 3690/4468/2323 1084/4426/2323
f 743/1601/2324 744/4477/2324 3691/4469/2324 3690/4468/2324
f 744/4477/2325 745/4478/2325 3692/4472/2325 3691/4469/2325
f 745/4478/2326 6/4479/2326 1075/4480/2326 3692/4472/2326
f 3692/4472/2327 1075/4480/2327 1074/4481/2327 3695/4473/2327
f 3695/4473/2328 1074/4481/2328 1073/4482/2328 3698/4476/2328
f 3698/4476/2329 1073/4482/2329 241/4483/2329 1646/4484/2329
f 3697/4474/2330 3698/4476/2330 1646/4484/2330 1647/4485/2330
f 3696/4475/2331 3697/4474/2331 1647/4485/2331 1648/2681/2331
f 1082/4428/2332 3696/4475/2332 1648/2681/2332 244/4429/2332
f 1083/4427/2333 3693/4471/2333 3696/4475/2333 1082/4428/2333
f 1084/4426/2334 3690/4468/2334 3693/4471/2334 1083/4427/2334
f 3699/4486/2335 3700/4487/2335 3703/4488/2335 3702/4489/2335
f 3700/4487/2336 3701/4490/2336 3704/4491/2336 3703/4488/2336
f 3702/4489/2337 3703/4488/2337 3706/4492/2337 3705/4493/2337
f 3703/4488/2338 3704/4491/2338 3707/4494/2338 3706/4492/2338
f 34/1858/2339 782/4495/2339 3699/4486/2339 1081/4444/2339
f 782/4495/2340 783/4496/2340 3700/4487/2340 3699/4486/2340
f 783/4496/2341 784/4497/2341 3701/4490/2341 3700/4487/2341
f 784/4497/2342 32/4498/2342 1072/4499/2342 3701/4490/2342
f 3701/4490/2343 1072/4499/2343 1071/4500/2343 3704/4491/2343
f 3704/4491/2344 1071/4500/2344 1070/4501/2344 3707/4494/2344
f 3707/4494/2345 1070/4501/2345 240/4502/2345 1649/4503/2345
f 3706/4492/2346 3707/4494/2346 1649/4503/2346 1650/4504/2346
f 3705/4493/2347 3706/4492/2347 1650/4504/2347 1651/4505/2347
f 1079/4446/2348 3705/4493/2348 1651/4505/2348 243/4447/2348
f 1080/4445/2349 3702/4489/2349 3705/4493/2349 1079/4446/2349
f 1081/4444/2350 3699/4486/2350 3702/4489/2350 1080/4445/2350
f 3708/4506/2351 3709/4507/2351 3712/4508/2351 3711/4509/2351
f 3709/4507/2352 3710/4510/2352 3713/4511/2352 3712/4508/2352
f 3711/4509/2353 3712/4508/2353 3715/4512/2353 3714/4513/2353
f 3712/4508/2354 3713/4511/2354 3716/4514/2354 3715/4512/2354
f 60/4461/2355 821/4515/2355 3708/4506/2355 1078/4462/2355
f 821/4515/2356 822/4516/2356 3709/4507/2356 3708/4506/2356
f 822/4516/2357 823/4517/2357 3710/4510/2357 3709/4507/2357
f 823/4517/2358 58/4518/2358 1069/4519/2358 3710/4510/2358
f 3710/4510/2359 1069/4519/2359 1068/4520/2359 3713/4511/2359
f 3713/4511/2360 1068/4520/2360 1067/4521/2360 3716/4514/2360
f 3716/4514/2361 1067/4521/2361 239/2596/2361 1652/2650/2361
f 3715/4512/2362 3716/4514/2362 1652/2650/2362 1653/2649/2362
f 3714/4513/2363 3715/4512/2363 1653/2649/2363 1654/4522/2363
f 1076/4464/2364 3714/4513/2364 1654/4522/2364 242/4465/2364
f 1077/4463/2365 3711/4509/2365 3714/4513/2365 1076/4464/2365
f 1078/4462/2366 3708/4506/2366 3711/4509/2366 1077/4463/2366
f 3717/4523/2367 3718/4524/2367 3721/4525/2367 3720/4526/2367
f 3718/4524/2368 3719/4527/2368 3722/4528/2368 3721/4525/2368
f 3720/4526/2369 3721/4525/2369 3724/4529/2369 3723/4530/2369
f 3721/4525/2370 3722/4528/2370 3725/4531/2370 3724/4529/2370
f 6/4479/2371 740/4532/2371 3717/4523/2371 1075/4480/2371
f 740/4532/2372 741/4533/2372 3718/4524/2372 3717/4523/2372
f 741/4533/2373 742/4534/2373 3719/4527/2373 3718/4524/2373
f 742/4534/2374 4/1559/2374 1066/4535/2374 3719/4527/2374
f 3719/4527/2375 1066/4535/2375 1065/4536/2375 3722/4528/2375
f 3722/4528/2376 1065/4536/2376 1064/4537/2376 3725/4531/2376
f 3725/4531/2377 1064/4537/2377 238/4538/2377 1655/4539/2377
f 3724/4529/2378 3725/4531/2378 1655/4539/2378 1656/4540/2378
f 3723/4530/2379 3724/4529/2379 1656/4540/2379 1657/4541/2379
f 1073/4482/2380 3723/4530/2380 1657/4541/2380 241/4483/2380
f 1074/4481/2381 3720/4526/2381 3723/4530/2381 1073/4482/2381
f 1075/4480/2382 3717/4523/2382 3720/4526/2382 1074/4481/2382
f 3726/4542/2383 3727/4543/2383 3730/4544/2383 3729/4545/2383
f 3727/4543/2384 3728/4546/2384 3731/4547/2384 3730/4544/2384
f 3729/4545/2385 3730/4544/2385 3733/4548/2385 3732/4549/2385
f 3730/4544/2386 3731/4547/2386 3734/4550/2386 3733/4548/2386
f 32/4498/2387 779/4551/2387 3726/4542/2387 1072/4499/2387
f 779/4551/2388 780/4552/2388 3727/4543/2388 3726/4542/2388
f 780/4552/2389 781/4553/2389 3728/4546/2389 3727/4543/2389
f 781/4553/2390 30/4554/2390 1060/4555/2390 3728/4546/2390
f 3728/4546/2391 1060/4555/2391 1059/4556/2391 3731/4547/2391
f 3731/4547/2392 1059/4556/2392 1058/4557/2392 3734/4550/2392
f 3734/4550/2393 1058/4557/2393 236/2559/2393 1658/4558/2393
f 3733/4548/2394 3734/4550/2394 1658/4558/2394 1659/4559/2394
f 3732/4549/2395 3733/4548/2395 1659/4559/2395 1660/4560/2395
f 1070/4501/2396 3732/4549/2396 1660/4560/2396 240/4502/2396
f 1071/4500/2397 3729/4545/2397 3732/4549/2397 1070/4501/2397
f 1072/4499/2398 3726/4542/2398 3729/4545/2398 1071/4500/2398
f 3735/4561/2399 3736/4562/2399 3739/4563/2399 3738/4564/2399
f 3736/4562/2400 3737/4565/2400 3740/4566/2400 3739/4563/2400
f 3738/4564/2401 3739/4563/2401 3742/4567/2401 3741/4568/2401
f 3739/4563/2402 3740/4566/2402 3743/4569/2402 3742/4567/2402
f 58/4518/2403 818/4570/2403 3735/4561/2403 1069/4519/2403
f 818/4570/2404 819/4571/2404 3736/4562/2404 3735/4561/2404
f 819/4571/2405 820/4572/2405 3737/4565/2405 3736/4562/2405
f 820/4572/2406 56/4573/2406 1057/4574/2406 3737/4565/2406
f 3737/4565/2407 1057/4574/2407 1056/4575/2407 3740/4566/2407
f 3740/4566/2408 1056/4575/2408 1055/4576/2408 3743/4569/2408
f 3743/4569/2409 1055/4576/2409 235/4577/2409 1661/4578/2409
f 3742/4567/2410 3743/4569/2410 1661/4578/2410 1662/2599/2410
f 3741/4568/2411 3742/4567/2411 1662/2599/2411 1663/4579/2411
f 1067/4521/2412 3741/4568/2412 1663/4579/2412 239/2596/2412
f 1068/4520/2413 3738/4564/2413 3741/4568/2413 1067/4521/2413
f 1069/4519/2414 3735/4561/2414 3738/4564/2414 1068/4520/2414
f 3744/4580/2415 3745/4581/2415 3748/4582/2415 3747/4583/2415
f 3745/4581/2416 3746/4584/2416 3749/4585/2416 3748/4582/2416
f 3747/4583/2417 3748/4582/2417 3751/4586/2417 3750/4587/2417
f 3748/4582/2418 3749/4585/2418 3752/4588/2418 3751/4586/2418
f 4/1559/2419 737/4589/2419 3744/4580/2419 1066/4535/2419
f 737/4589/2420 738/1557/2420 3745/4581/2420 3744/4580/2420
f 738/1557/2421 739/4590/2421 3746/4584/2421 3745/4581/2421
f 739/4590/2422 2/4346/2422 1541/4348/2422 3746/4584/2422
f 3746/4584/2423 1541/4348/2423 1542/4358/2423 3749/4585/2423
f 3749/4585/2424 1542/4358/2424 1543/4356/2424 3752/4588/2424
f 3752/4588/2425 1543/4356/2425 237/4357/2425 1664/4591/2425
f 3751/4586/2426 3752/4588/2426 1664/4591/2426 1665/4592/2426
f 3750/4587/2427 3751/4586/2427 1665/4592/2427 1666/4593/2427
f 1064/4537/2428 3750/4587/2428 1666/4593/2428 238/4538/2428
f 1065/4536/2429 3747/4583/2429 3750/4587/2429 1064/4537/2429
f 1066/4535/2430 3744/4580/2430 3747/4583/2430 1065/4536/2430
f 3753/4594/2431 3754/4595/2431 3757/4596/2431 3756/4597/2431
f 3754/4595/2432 3755/4598/2432 3758/4599/2432 3757/4596/2432
f 3756/4597/2433 3757/4596/2433 3760/4600/2433 3759/4601/2433
f 3757/4596/2434 3758/4599/2434 3761/4602/2434 3760/4600/2434
f 30/4554/2435 776/4603/2435 3753/4594/2435 1060/4555/2435
f 776/4603/2436 777/1817/2436 3754/4595/2436 3753/4594/2436
f 777/1817/2437 778/4604/2437 3755/4598/2437 3754/4595/2437
f 778/4604/2438 28/4605/2438 1054/4606/2438 3755/4598/2438
f 3755/4598/2439 1054/4606/2439 1053/4607/2439 3758/4599/2439
f 3758/4599/2440 1053/4607/2440 1052/4608/2440 3761/4602/2440
f 3761/4602/2441 1052/4608/2441 234/2525/2441 1667/4609/2441
f 3760/4600/2442 3761/4602/2442 1667/4609/2442 1668/2562/2442
f 3759/4601/2443 3760/4600/2443 1668/2562/2443 1669/4610/2443
f 1058/4557/2444 3759/4601/2444 1669/4610/2444 236/2559/2444
f 1059/4556/2445 3756/4597/2445 3759/4601/2445 1058/4557/2445
f 1060/4555/2446 3753/4594/2446 3756/4597/2446 1059/4556/2446
f 3762/4611/2447 3763/4612/2447 3766/4613/2447 3765/4614/2447
f 3763/4612/2448 3764/4615/2448 3767/4616/2448 3766/4613/2448
f 3765/4614/2449 3766/4613/2449 3769/4617/2449 3768/4618/2449
f 3766/4613/2450 3767/4616/2450 3770/4619/2450 3769/4617/2450
f 56/4573/2451 815/4620/2451 3762/4611/2451 1057/4574/2451
f 815/4620/2452 816/2068/2452 3763/4612/2452 3762/4611/2452
f 816/2068/2453 817/4621/2453 3764/4615/2453 3763/4612/2453
f 817/4621/2454 54/4622/2454 1051/4623/2454 3764/4615/2454
f 3764/4615/2455 1051/4623/2455 1050/4624/2455 3767/4616/2455
f 3767/4616/2456 1050/4624/2456 1049/4625/2456 3770/4619/2456
f 3770/4619/2457 1049/4625/2457 233/2508/2457 1670/4626/2457
f 3769/4617/2458 3770/4619/2458 1670/4626/2458 1671/4627/2458
f 3768/4618/2459 3769/4617/2459 1671/4627/2459 1672/4628/2459
f 1055/4576/2460 3768/4618/2460 1672/4628/2460 235/4577/2460
f 1056/4575/2461 3765/4614/2461 3768/4618/2461 1055/4576/2461
f 1057/4574/2462 3762/4611/2462 3765/4614/2462 1056/4575/2462
f 3771/4629/2463 3772/4630/2463 3775/4631/2463 3774/4632/2463
f 3772/4630/2464 3773/4633/2464 3776/4634/2464 3775/4631/2464
f 3774/4632/2465 3775/4631/2465 3778/4635/2465 3777/4636/2465
f 3775/4631/2466 3776/4634/2466 3779/4637/2466 3778/4635/2466
f 28/4605/2467 773/4638/2467 3771/4629/2467 1054/4606/2467
f 773/4638/2468 774/4639/2468 3772/4630/2468 3771/4629/2468
f 774/4639/2469 775/4640/2469 3773/4633/2469 3772/4630/2469
f 775/4640/2470 26/4641/2470 1048/4642/2470 3773/4633/2470
f 3773/4633/2471 1048/4642/2471 1047/4643/2471 3776/4634/2471
f 3776/4634/2472 1047/4643/2472 1046/4644/2472 3779/4637/2472
f 3779/4637/2473 1046/4644/2473 232/4645/2473 1673/2529/2473
f 3778/4635/2474 3779/4637/2474 1673/2529/2474 1674/4646/2474
f 3777/4636/2475 3778/4635/2475 1674/4646/2475 1675/4647/2475
f 1052/4608/2476 3777/4636/2476 1675/4647/2476 234/2525/2476
f 1053/4607/2477 3774/4632/2477 3777/4636/2477 1052/4608/2477
f 1054/4606/2478 3771/4629/2478 3774/4632/2478 1053/4607/2478
f 3780/4648/2479 3781/4649/2479 3784/4650/2479 3783/4651/2479
f 3781/4649/2480 3782/4652/2480 3785/4653/2480 3784/4650/2480
f 3783/4651/2481 3784/4650/2481 3787/4654/2481 3786/4655/2481
f 3784/4650/2482 3785/4653/2482 3788/4656/2482 3787/4654/2482
f 54/4622/2483 812/4657/2483 3780/4648/2483 1051/4623/2483
f 812/4657/2484 813/4658/2484 3781/4649/2484 3780/4648/2484
f 813/4658/2485 814/4659/2485 3782/4652/2485 3781/4649/2485
f 814/4659/2486 52/2031/2486 1045/4660/2486 3782/4652/2486
f 3782/4652/2487 1045/4660/2487 1044/4661/2487 3785/4653/2487
f 3785/4653/2488 1044/4661/2488 1043/4662/2488 3788/4656/2488
f 3788/4656/2489 1043/4662/2489 231/4663/2489 1676/4664/2489
f 3787/4654/2490 3788/4656/2490 1676/4664/2490 1677/4665/2490
f 3786/4655/2491 3787/4654/2491 1677/4665/2491 1678/4666/2491
f 1049/4625/2492 3786/4655/2492 1678/4666/2492 233/2508/2492
f 1050/4624/2493 3783/4651/2493 3786/4655/2493 1049/4625/2493
f 1051/4623/2494 3780/4648/2494 3783/4651/2494 1050/4624/2494
f 3789/4667/2495 3790/4668/2495 3793/4669/2495 3792/4670/2495
f 3790/4668/2496 3791/4671/2496 3794/4672/2496 3793/4669/2496
f 3792/4670/2497 3793/4669/2497 3796/4673/2497 3795/4674/2497
f 3793/4669/2498 3794/4672/2498 3797/4675/2498 3796/4673/2498
f 26/4641/2499 770/4676/2499 3789/4667/2499 1048/4642/2499
f 770/4676/2500 771/4677/2500 3790/4668/2500 3789/4667/2500
f 771/4677/2501 772/1776/2501 3791/4671/2501 3790/4668/2501
f 772/1776/2502 24/4678/2502 1042/4679/2502 3791/4671/2502
f 3791/4671/2503 1042/4679/2503 1041/4680/2503 3794/4672/2503
f 3794/4672/2504 1041/4680/2504 1040/4681/2504 3797/4675/2504
f 3797/4675/2505 1040/4681/2505 230/4682/2505 1679/2495/2505
f 3796/4673/2506 3797/4675/2506 1679/2495/2506 1680/4683/2506
f 3795/4674/2507 3796/4673/2507 1680/4683/2507 1681/4684/2507
f 1046/4644/2508 3795/4674/2508 1681/4684/2508 232/4645/2508
f 1047/4643/2509 3792/4670/2509 3795/4674/2509 1046/4644/2509
f 1048/4642/2510 3789/4667/2510 3792/4670/2510 1047/4643/2510
f 3798/4685/2511 3799/4686/2511 3802/4687/2511 3801/4688/2511
f 3799/4686/2512 3800/4689/2512 3803/4690/2512 3802/4687/2512
f 3801/4688/2513 3802/4687/2513 3805/4691/2513 3804/4692/2513
f 3802/4687/2514 3803/4690/2514 3806/4693/2514 3805/4691/2514
f 52/2031/2515 809/4694/2515 3798/4685/2515 1045/4660/2515
f 809/4694/2516 810/2029/2516 3799/4686/2516 3798/4685/2516
f 810/2029/2517 811/4695/2517 3800/4689/2517 3799/4686/2517
f 811/4695/2518 50/4696/2518 1039/4697/2518 3800/4689/2518
f 3800/4689/2519 1039/4697/2519 1038/4698/2519 3803/4690/2519
f 3803/4690/2520 1038/4698/2520 1037/4699/2520 3806/4693/2520
f 3806/4693/2521 1037/4699/2521 229/4700/2521 1682/4701/2521
f 3805/4691/2522 3806/4693/2522 1682/4701/2522 1683/4702/2522
f 3804/4692/2523 3805/4691/2523 1683/4702/2523 1684/4703/2523
f 1043/4662/2524 3804/4692/2524 1684/4703/2524 231/4663/2524
f 1044/4661/2525 3801/4688/2525 3804/4692/2525 1043/4662/2525
f 1045/4660/2526 3798/4685/2526 3801/4688/2526 1044/4661/2526
f 3807/4704/2527 3808/4705/2527 3811/4706/2527 3810/4707/2527
f 3808/4705/2528 3809/4708/2528 3812/4709/2528 3811/4706/2528
f 3810/4707/2529 3811/4706/2529 3814/4710/2529 3813/4711/2529
f 3811/4706/2530 3812/4709/2530 3815/4712/2530 3814/4710/2530
f 24/4678/2531 767/4713/2531 3807/4704/2531 1042/4679/2531
f 767/4713/2532 768/4714/2532 3808/4705/2532 3807/4704/2532
f 768/4714/2533 769/4715/2533 3809/4708/2533 3808/4705/2533
f 769/4715/2534 22/4716/2534 1036/4717/2534 3809/4708/2534
f 3809/4708/2535 1036/4717/2535 1035/4718/2535 3812/4709/2535
f 3812/4709/2536 1035/4718/2536 1034/4719/2536 3815/4712/2536
f 3815/4712/2537 1034/4719/2537 228/4720/2537 1685/4721/2537
f 3814/4710/2538 3815/4712/2538 1685/4721/2538 1686/4722/2538
f 3813/4711/2539 3814/4710/2539 1686/4722/2539 1687/4723/2539
f 1040/4681/2540 3813/4711/2540 1687/4723/2540 230/4682/2540
f 1041/4680/2541 3810/4707/2541 3813/4711/2541 1040/4681/2541
f 1042/4679/2542 3807/4704/2542 3810/4707/2542 1041/4680/2542
f 3816/4724/2543 3817/4725/2543 3820/4726/2543 3819/4727/2543
f 3817/4725/2544 3818/4728/2544 3821/4729/2544 3820/4726/2544
f 3819/4727/2545 3820/4726/2545 3823/4730/2545 3822/4731/2545
f 3820/4726/2546 3821/4729/2546 3824/4732/2546 3823/4730/2546
f 50/4696/2547 806/4733/2547 3816/4724/2547 1039/4697/2547
f 806/4733/2548 807/4734/2548 3817/4725/2548 3816/4724/2548
f 807/4734/2549 808/2010/2549 3818/4728/2549 3817/4725/2549
f 808/2010/2550 48/1994/2550 1030/4735/2550 3818/4728/2550
f 3818/4728/2551 1030/4735/2551 1029/4736/2551 3821/4729/2551
f 3821/4729/2552 1029/4736/2552 1028/4737/2552 3824/4732/2552
f 3824/4732/2553 1028/4737/2553 226/4738/2553 1688/4739/2553
f 3823/4730/2554 3824/4732/2554 1688/4739/2554 1689/4740/2554
f 3822/4731/2555 3823/4730/2555 1689/4740/2555 1690/4741/2555
f 1037/4699/2556 3822/4731/2556 1690/4741/2556 229/4700/2556
f 1038/4698/2557 3819/4727/2557 3822/4731/2557 1037/4699/2557
f 1039/4697/2558 3816/4724/2558 3819/4727/2558 1038/4698/2558
f 3825/4742/2559 3826/4743/2559 3829/4744/2559 3828/4745/2559
f 3826/4743/2560 3827/4746/2560 3830/4747/2560 3829/4744/2560
f 3828/4745/2561 3829/4744/2561 3832/4748/2561 3831/4749/2561
f 3829/4744/2562 3830/4747/2562 3833/4750/2562 3832/4748/2562
f 22/4716/2563 764/4751/2563 3825/4742/2563 1036/4717/2563
f 764/4751/2564 765/4752/2564 3826/4743/2564 3825/4742/2564
f 765/4752/2565 766/4753/2565 3827/4746/2565 3826/4743/2565
f 766/4753/2566 20/4187/2566 1511/4189/2566 3827/4746/2566
f 3827/4746/2567 1511/4189/2567 1512/4201/2567 3830/4747/2567
f 3830/4747/2568 1512/4201/2568 1513/4199/2568 3833/4750/2568
f 3833/4750/2569 1513/4199/2569 227/4200/2569 1691/4754/2569
f 3832/4748/2570 3833/4750/2570 1691/4754/2570 1692/4755/2570
f 3831/4749/2571 3832/4748/2571 1692/4755/2571 1693/4756/2571
f 1034/4719/2572 3831/4749/2572 1693/4756/2572 228/4720/2572
f 1035/4718/2573 3828/4745/2573 3831/4749/2573 1034/4719/2573
f 1036/4717/2574 3825/4742/2574 3828/4745/2574 1035/4718/2574
f 3834/4757/2575 3835/4758/2575 3838/4759/2575 3837/4760/2575
f 3835/4758/2576 3836/4761/2576 3839/4762/2576 3838/4759/2576
f 3837/4760/2577 3838/4759/2577 3841/4763/2577 3840/4764/2577
f 3838/4759/2578 3839/4762/2578 3842/4765/2578 3841/4763/2578
f 48/1994/2579 803/4766/2579 3834/4757/2579 1030/4735/2579
f 803/4766/2580 804/1992/2580 3835/4758/2580 3834/4757/2580
f 804/1992/2581 805/4767/2581 3836/4761/2581 3835/4758/2581
f 805/4767/2582 46/1974/2582 1505/4211/2582 3836/4761/2582
f 3836/4761/2583 1505/4211/2583 1506/4223/2583 3839/4762/2583
f 3839/4762/2584 1506/4223/2584 1507/4221/2584 3842/4765/2584
f 3842/4765/2585 1507/4221/2585 225/4222/2585 1694/4768/2585
f 3841/4763/2586 3842/4765/2586 1694/4768/2586 1695/4769/2586
f 3840/4764/2587 3841/4763/2587 1695/4769/2587 1696/616/2587
f 1028/4737/2588 3840/4764/2588 1696/616/2588 226/4738/2588
f 1029/4736/2589 3837/4760/2589 3840/4764/2589 1028/4737/2589
f 1030/4735/2590 3834/4757/2590 3837/4760/2590 1029/4736/2590
